img,id,FF_sk_1,FF_cv_1,FF_ij_1,FF_cr_1,FF_ours_1,A_1,FF_sk_2,FF_cv_2,FF_ij_2,FF_cr_2,FF_ours_2,A_2,FF_sk_4,FF_cv_4,FF_ij_4,FF_cr_4,FF_ours_4,A_4
1422,7,0.8031751562455537,0.8031751660002864,0.7575207287430845,0.8094504658841858,0.7962147697416061,199,0.8996262796989591,0.8996262898942524,0.8076372322901078,0.8353756872334782,0.8111425144694142,256,1.1454006794618754,1.1454006957012821,0.9109573275738237,0.8745706829308422,0.8252682850689079,272
1422,8,0.9850335743512543,0.9850335908622256,0.92813541792285,0.9911101136695256,0.9746463624564772,236,1.0354052171764776,1.0354052328783716,0.9255645018696106,0.9547158407049118,0.9260158435323042,272,1.3744708899359803,1.374470900308769,1.0780241689052943,1.026602244875352,0.9658045416502269,288
1422,9,0.8759551258630169,0.8759551392634696,0.83894808662967,0.9058327477761147,0.8947737891807036,402,0.9871969042057738,0.9871969212795989,0.9030773628127582,0.945599897138063,0.9226228343184188,416,0.9487570327874882,0.9487570509736559,0.785991430767764,0.8348447148163922,0.8040202407253076,624
1422,10,0.9247396591417107,0.9247396740969313,0.8731233467935724,0.9336606638061588,0.9186645457567987,238,1.0154901954491722,1.015490212916324,0.9057049739368306,0.9328686586346145,0.9043072399412354,256,1.347530211131618,1.3475302302368022,1.0717145030280277,1.0289066858009908,0.9709038647869503,320
1422,11,0.7186410544099374,0.7186410691090656,0.7034001788338313,0.7559090767167654,0.7487830014700727,565,0.7707872807672855,0.7707872962220452,0.7376963284868983,0.7652743219150265,0.7509471337349969,572,0.9739898868533604,0.9739899081464336,0.8430948029779917,0.8520511338269356,0.8198743747089802,608
1422,14,0.9888503905343525,0.9888504060710669,0.9323089877146125,0.9959816718553588,0.9796012227153379,242,1.0948682965444396,1.0948683120674019,0.9732162635950573,1.0002395882218051,0.9687937657564503,260,1.341465907380309,1.341465923292471,1.0407149836751257,0.9848512868645469,0.9243646712682373,256
1422,15,0.8517721828387513,0.8517721949151146,0.8076372322901078,0.8661023907207537,0.8531725866819242,256,0.9681883773454033,0.9681883928939302,0.8699238850939298,0.9002933500758669,0.8743650262339706,280,1.2127771900184563,1.212777207213122,0.964543052725225,0.9260160172208917,0.8738134783082554,288
1422,18,0.9524407942400194,0.9524408055376545,0.9029017326223504,0.9681269282850485,0.9536198858841233,284,1.0683062071425138,1.0683062192494246,0.9590692133445029,0.992008628589755,0.9632317359324292,304,1.3268842295691072,1.3268842343572957,1.051175952546438,1.0068830932990112,0.9493105999111678,304
2148,5,0.9211186833996168,0.9211186985005343,0.8826102659314882,0.9532753836340194,0.9417572423857888,432,1.070392549811525,1.0703925659317743,0.9680217026904682,1.0060420927831912,0.9786913171160405,352,1.2127771900184563,1.212777207213122,0.964543052725225,0.9260160172208917,0.8738134783082554,288
2148,7,0.8081110671492009,0.8081110803974595,0.774327062009338,0.8363226166604016,0.826217580704199,379,0.9145229920246689,0.9145230072153292,0.8336567768686779,0.870900100093329,0.8489614291921143,356,1.298111396050648,1.2981114058471708,1.0181339372994447,0.9695687868267213,0.91214873378077,272
2148,15,0.3778225750778933,0.37782258406986446,0.37529600174487276,0.4043606276129283,0.4017082777668182,627,0.4370505434063601,0.43705055357324685,0.4237291960844669,0.44853998554936236,0.442512586956449,656,0.6666671782947023,0.5926830649964296,0.5291105956748055,0.5453127256492389,0.5872844980229038,608
1925,1,0.8851566008705829,0.8851566138424196,0.8378114495120158,0.8973901416987873,0.8835680481967132,249,1.0170861275069323,1.0170861398596591,0.90625170346279,0.9328522989885868,0.9040710977868963,252,1.2898320915163313,1.212777207213122,0.964543052725225,0.9260160172208917,0.9180832673831826,288
1925,2,0.6696979809081078,0.6696979938755679,0.6535984767042287,0.6991562954939385,0.6917038878688351,408,0.6967497741792542,0.6967497878172202,0.6809390555646329,0.680536686041888,0.666051731741919,392,0.856819852410239,0.8568198670000247,0.7301686932084617,0.7307738921706357,0.7005390210500694,432
1925,3,0.6795464806273447,0.6795464937855027,0.6545236360326762,0.7094380057217906,0.7018760038669062,414,0.7579995480098553,0.7579995621729408,0.7040315541151101,0.7446181324010059,0.7294351424603233,468,1.0472242640569587,1.0472242818889193,0.8924284028103421,0.893168090430777,0.8562143590611959,528
1925,5,0.6714323927042529,0.6487051833004559,0.6323938545547023,0.6911625990950947,0.7095351430302529,863,0.7160207120165831,0.7064389672953236,0.6699728418593879,0.7185727309126843,0.7169925173883335,856,0.7499617907056458,0.7308999029478657,0.6614834619450315,0.6877925786773167,0.6850247341890692,976
991,21,0.7259883684316478,0.7259883778737277,0.7017523357231925,0.7624913628369431,0.7551149889421267,541,0.8098689391359091,0.8098689500837468,0.7508502393947096,0.7931838891808509,0.7766383342248742,476,1.0479885743570192,1.0479885858493099,0.8758946372355518,0.8662199919179734,0.8265933365087856,416
991,24,0.9082986558477704,0.9082986727472213,0.8731978110708233,0.9452333268470013,0.9346655518809427,501,1.00725336870443,1.0072533883577686,0.9232141930909422,0.9679171657853939,0.9448756897390181,444,1.3175850953286932,1.3175851217470858,1.0609882177979622,1.026079947174687,0.970891481914689,352
991,35,0.8441689365419203,0.8441689512990405,0.8125012268370426,0.8802374338851925,0.8706809652622858,495,0.9840354255218148,0.9840354402581556,0.8983611126282756,0.939411534604978,0.9161013987549669,396,1.3239153988972323,1.3239154234117063,0.964543052725225,0.9955075762892903,0.9374113201140312,288
2228,1,0.9199413597959365,0.9199413751914445,0.8757757225730661,0.9417246398471631,0.9286831259673564,324,0.9710384578239459,0.9710384749317679,0.8803370017183278,0.9163818164983076,0.8920335692972129,336,1.051175952546438,1.0511759694276956,0.8532562385137992,0.829107357784183,0.785915081081981,304
2228,2,0.7101878788904297,0.7101878921809747,0.6798245559799035,0.7337587010543672,0.7246946150383704,318,0.7354100870118612,0.7354101009334962,0.6717875476647558,0.7027626136353752,0.6854320816048489,300,1.0780241689052945,1.0780241841894418,0.8573716024224223,0.8231253486407926,0.7767230918295603,256
2228,8,0.8537271871812808,0.8537271989568863,0.8165977399781802,0.8809204878326679,0.8698534765098,369,0.9620260937502338,0.9620261065562582,0.8715479979735036,0.9068140682667588,0.8825589286554578,328,1.1872122054039382,1.187212209688107,0.9405258522783918,0.9008953992675364,0.8493831683415713,272
2228,11,0.5475692766174893,0.5475692829331954,0.5292447074018901,0.5750191866122104,0.5694429403978344,406,0.6320177248430022,0.6320177317737377,0.5871163040741736,0.6210309876406449,0.6083946578442062,392,0.8754337959055675,0.7543479859516065,0.6251822717014708,0.6151196606898717,0.6629117262726808,272
222,5,0.8897977267154811,0.8897977393309677,0.8500564950879572,0.9162497156457221,0.90443295264966,364,1.0025624770819237,1.0025624912961808,0.9119085078947073,0.9512825888275944,0.9267924613556143,372,1.1770161688565013,1.1770161808574775,0.9444887895305524,0.9115299607259905,0.8618345542303919,304
222,6,0.886220367396063,0.8862203812602641,0.8494426831096801,0.9176525399235572,0.9066450905323659,422,1.0004965163477828,1.0004965297477943,0.9147087114199294,0.9574116479437893,0.9340053909324993,416,1.1286030800767899,1.128603092453103,0.9432711477921326,0.9328522989885867,0.8901774393171537,448
222,7,0.9051208017718084,0.9051208159316916,0.8675587592897444,0.9372233286896999,0.9259811232688381,431,0.971112681079976,0.9711126948483401,0.8907825832086316,0.9343936029362592,0.9123358034081193,436,1.1286030800767899,1.128603092453103,0.9432711477921326,0.9328522989885867,0.8901774393171537,448
222,8,0.9378975875925633,0.9378976018954166,0.8999262941803129,0.9728917056110811,0.96150315071278,470,1.0149363270792073,1.0149363437181813,0.9326814017033532,0.979519164882543,0.9568528055175785,476,1.1708043566345168,1.1708043681672886,0.9958509024124149,0.9955075762892905,0.953889246283274,576
222,10,0.9559498401786233,0.9559498576253685,0.9015175052438673,0.963251080808478,0.9474738058088197,236,1.1240316092611387,1.124031623966939,0.9929279952982464,1.0164395249864895,0.982950405553139,240,1.3009126076835016,1.3009126209477384,1.0439086621127158,1.0074804829076738,0.9525539809914859,336
222,11,0.9377219830565733,0.9377219980393555,0.8994841642491851,0.9722118276037931,0.9607502545441031,463,0.9929279952982467,0.9929280100983833,0.9135928386851271,0.960259018783846,0.9383444028099167,480,1.1401809566205188,1.1401809710906403,0.9651887914802673,0.9620208042169466,0.9207614837183408,528
222,12,0.8909707538860002,0.8909707668636699,0.8519213648834321,0.9188061070181441,0.9071749465898943,379,0.9794451528328219,0.9794451651198609,0.8922741249552185,0.9317509385411384,0.9081306388171398,376,1.1431621365632298,1.1431621467838171,0.8826102659314881,0.9225713057860768,0.8773530644542067,384
222,14,0.8986931162329579,0.898693128974563,0.8619370549918567,0.9315479031620519,0.9205332610338984,441,0.971112681079976,0.9711126948483401,0.8907825832086316,0.9343936029362595,0.9123358034081193,436,1.1768136879086513,1.176813706398625,0.9911715106160012,0.9848512868645466,0.9414905408102858,512
222,16,0.9263085456934974,0.9263085585004517,0.8893356085312139,0.9618332222316233,0.9507309925550476,478,0.9785391854525273,0.9785392007003311,0.9029308298037271,0.950844543430444,0.9298431277853567,508,1.2092175857965604,1.2092175990568959,1.0106476583487134,0.9994846060592,0.9537615421255217,480
222,17,0.9149015522036378,0.9149015680816451,0.8818574984242679,0.9563246115106233,0.9463240206941747,580,1.0212755361666952,1.0212755513295084,0.9458797778584515,0.9985297769598873,0.9774352027076608,584,1.1678595163140693,1.1678595328718953,0.999621199665291,1.0031840186559657,0.9626896009405008,624
222,18,0.9724368654382495,0.9724368802458708,0.9154434910185121,0.976966840695539,0.9605046200377044,226,1.037842576418766,1.037842593335332,0.9202184226197372,0.9442547018041153,0.913994813889095,236,1.1930384709859612,1.1930384964116405,0.9163139266239868,0.9566889923670858,0.9089717818848713,384
222,19,0.9542187774755854,0.954218792884973,0.911739200941453,0.9828374764448365,0.9702026760117527,393,1.0138546808406577,1.0138546960235542,0.9255841766473141,0.9678785508051287,0.9438620472020869,408,1.1032628324143605,1.1032628497487107,0.929223291202501,0.9232980814355124,0.882647382009643,480
222,20,0.9185086539592641,0.9185086666284115,0.878561796128286,0.9477654028985613,0.935858618358782,397,1.064367867628128,1.0643678800007619,0.9659006882058297,1.0060949127274474,0.9796117593931288,376,1.3974662543915228,1.397466280267912,1.100729258087147,1.0508135527498064,0.9894897267870328,304
222,21,0.9228252339570755,0.922825248632835,0.8867119747698673,0.9595286713072483,0.9486670660978558,496,1.0260255951415216,1.026025610434996,0.9440459333079647,0.9922676527433076,0.9696225495702473,496,1.250364543402942,1.2503645630485392,1.0531197300295012,1.046404492293581,1.0003336996109289,544
222,22,0.9001028259778735,0.9001028395335376,0.8708421290524018,0.9188000955198213,0.9056554389597651,296,1.0213312848548903,1.0213313032546412,0.9157807849765951,0.946488338350259,0.9187474319553623,284,1.197804632116994,1.1978046561337146,0.964534743452693,0.9327999519769883,0.8826286199224446,320
222,24,0.8534736658388811,0.853473674904715,0.824670959778115,0.8958171328740357,0.8870574434751332,622,0.7435679170565603,0.7435679275988116,0.7069919709542846,0.7595916320340873,0.7488176919773182,996,0.8517721828387513,0.8517721949151146,0.7668457849132063,0.7946379204495753,0.7721434425769144,1024
222,25,0.7579165350546739,0.7579165490324639,0.7333497747655064,0.7973731433187603,0.7898811504165902,600,0.8425727428874481,0.8425727583575656,0.7866820110518941,0.8349324652943938,0.8190473251698245,604,1.1768136879086513,1.176813706398625,0.9911715106160012,0.9848512868645466,0.9414905408102858,512
222,27,0.886220367396063,0.8862203812602641,0.8494426831096801,0.9176525399235572,0.9066450905323659,422,0.9929365491729245,0.9929365647738397,0.9095828925138422,0.9532753836340194,0.9304466023048592,432,1.109335267076305,1.109335273458245,0.9193856936786334,0.9045877363086344,0.861524631763758,400
222,29,0.898791797617802,0.8987918099591722,0.8536325456160956,0.9164530860320071,0.9031799272868971,288,1.009061009274825,1.0090610226051286,0.9039840363994195,0.9337666399958126,0.9061965942186471,276,1.4796776500174416,1.4796776745955886,1.1343099948086781,1.0661169131298134,0.9981192986229458,256
2614,11,0.8592843273380685,0.8592843414252669,0.8233609656721984,0.8892823601956246,0.8785374275034095,403,1.0089541958843913,1.0089542093151,0.914062534460016,0.9510489008651369,0.9256105837118209,344,1.2724761530825304,1.2724761735177368,1.0328891308324937,1.0036562752124325,0.9513708876255563,368
2614,13,0.9095438242033389,0.9095438388100694,0.8708286351034202,0.9400422425864285,0.9284804407352684,411,1.0558822980185494,1.055882312073942,0.9565770709465284,0.9952837334635158,0.9686622387681855,360,1.347530211131618,1.3475302302368022,1.0717145030280277,1.0289066858009908,0.9709038647869503,320
238,2,0.8995475354517599,0.8995475489228593,0.8590511522175241,0.9257104762247022,0.9136780399720756,362,0.9967273059145263,0.9967273224706396,0.9085922174860871,0.9491832551578978,0.9252725688947755,388,1.1559981640761265,1.1559981844425808,0.8957167302196745,0.9370168181804999,0.8916464064369954,400
238,4,0.9484447637106989,0.9484447786683684,0.91409838296532,0.9912205288845283,0.9808278506565629,598,1.0066262098944045,1.0066262228968357,0.9363585129016623,0.9913255480505533,0.9714990370895429,648,1.0936185984037976,1.0936186125298957,0.9964294930986726,0.9600190458553697,0.9242426261353807,704
238,5,0.8101128369880023,0.8101128484737226,0.7806979296689919,0.8465071758484709,0.8376084528403394,508,0.9093549294634957,0.9093549429646308,0.84222172001095,0.8891018561971601,0.870319016109561,520,0.9956925618312449,0.9956925772373411,0.8605527440397628,0.8688545346763921,0.8357305202936028,608
238,7,0.8871228457355753,0.8871228590206098,0.8471858048112048,0.912924419923256,0.9010581775415221,357,1.0002844114037328,1.0002844239521984,0.9112586808053296,0.9515754265952051,0.9274525673026109,384,1.2092175857965604,1.2092175990568959,1.0106476583487134,0.9994846060592,0.9537615421255217,480
238,8,0.9081521576982047,0.9081521736980914,0.872714640617382,0.944456995801743,0.9337961670666323,491,0.943271147792133,0.9432711611657617,0.8713695396108632,0.918292585843449,0.8982769642659332,504,1.093256023224953,1.0511759716454008,0.9050033581125567,0.9115299607259905,0.9061869773508304,608
238,9,0.9271923008752136,0.9271923176764557,0.8951843418213795,0.9718791594312315,0.9621601834523659,645,1.0077606441301126,1.0077606621419921,0.938965463275988,0.9951806886490077,0.9757068720773144,680,1.1267047410195665,1.1267047584527807,1.0240827473378933,0.9831774997653913,0.945695062437498,688
238,10,0.8480738340538269,0.8480738479999834,0.8302093370322217,0.8923927068882903,0.884035686381822,676,0.8932375293584686,0.8932375440473198,0.8369012886105966,0.8903057038533378,0.8741842066512988,712,1.034023182419364,1.0340231970796687,0.9042949282374191,0.9198270720086842,0.8873138149623069,752
238,12,0.8543511098592318,0.854351124369586,0.8294397443964375,0.9039401991441488,0.8962920293618811,840,0.9337115035402663,0.9337115177582034,0.8789877767744121,0.9380610815527962,0.9222544360539024,868,1.0786014609507297,1.078601477451287,0.9501507971837655,0.9709286314790938,0.9382899899588265,880
238,13,0.9649591001336184,0.9649591129786859,0.91790209407275,0.9864913061804306,0.9726178187828655,329,1.0558822980185494,1.055882312073942,0.9565770709465284,0.9952837334635158,0.9686622387681855,360,1.1766561392189772,1.176656161493594,0.9857245032537325,0.9762216673980132,0.9320677101954721,480
238,15,0.9785467316005694,0.9785467476922884,0.9168300633655412,0.9753349002887689,0.9576737095337261,195,1.0865638889524338,1.0865639031680412,0.9598303954549716,0.9825582074869398,0.9501853920347008,232,1.2503645434029418,1.2503645665555003,0.9848630203937634,0.9402015998287743,0.8853329134410295,272
238,16,0.738353596665076,0.7383536113139368,0.7132970707037881,0.774731210269515,0.7671137903372521,532,0.8518048934309731,0.8518049082139455,0.7919117235139118,0.8380946817241614,0.8212134226287306,540,0.9651887914802673,0.9651888117665474,0.7859239688872204,0.8314510669534801,0.798224077070517,528
1912,1,0.7255565962936001,0.7255566061140539,0.7077228299415371,0.7738021935351906,0.7682751936883155,1011,0.7446279541494382,0.7446279624402768,0.7081854653097761,0.7610090782351584,0.7502688920005155,1008,0.9350215988108153,0.9350216156556572,0.8077864647300776,0.8665034083488284,0.8411068039027965,1040
1912,2,0.8269686039870202,0.8269686185566099,0.7975538436351309,0.8652392757418896,0.8563269926301983,541,0.9039840363994194,0.9039840503865334,0.839285067465855,0.8874320165033548,0.8692442972695477,552,1.0480790531023698,1.0480790679619574,0.8514486191682586,0.9002933500758667,0.8639522059722443,560
1912,3,0.7863771054278161,0.7863771161709993,0.7631796006569888,0.8315271378233565,0.8244101438148108,755,0.8347466898009754,0.8347467025119422,0.7858231737061564,0.838635252632454,0.8245039658730742,776,0.9366930077176155,0.9366930199724494,0.8274399960818721,0.8470329374887413,0.8191253379609492,800
191,2,0.9140460276656749,0.9140460398722721,0.8716040153128748,0.9382916709943511,0.9257180712183954,345,1.0324182469514704,1.032418260694521,0.9353198027032721,0.9731663171643264,0.9471364112400035,352,1.2724761530825304,1.2724761735177368,1.0328891308324937,1.003656275212432,0.9513708876255563,368
191,7,0.9065434481908471,0.9065434636922329,0.8638947423135788,0.929587028901028,0.9169682324501415,333,0.9825984394647075,0.9825984567761936,0.8908172041197365,0.9272911238375732,0.902653016550751,340,1.217151102948507,1.2171511224952265,0.98798090775282,0.9600190458553697,0.9100069359896622,352
191,8,0.9767553609641804,0.9767553790504144,0.9290525559647133,0.998423589303091,0.9843618144603488,332,1.026984123136159,1.0269841475145154,0.9301206184873368,0.9675698248760854,0.9416177329020325,348,1.0328891308324937,1.032889157732825,0.8551080595569851,0.8407966867686147,0.8005721048258371,368
191,9,0.8018361586898886,0.8018361700582626,0.767598902833014,0.8285293107205869,0.8183076032925545,360,0.8366409812475568,0.8366409943927724,0.7664078075811077,0.8032227769508868,0.7839874149050202,364,1.0076813214971339,1.0076813325474134,0.8422063819572613,0.8329038383826664,0.7948012851046015,400
191,11,0.8310033458448175,0.8310033570993038,0.811434068632338,0.868687855142811,0.8596135362067736,528,0.9255645018696105,0.9255645143814251,0.8581145593082397,0.906495873349544,0.8875866676855705,544,1.0070028451507587,1.0070028628922036,0.8845025938889486,0.9021763605624169,0.8712208800080621,784
191,12,0.9438841679388988,0.9438841823330469,0.9056705045686979,0.9791016526681731,0.9676404048662659,473,1.0012023952590652,1.0012024101825365,0.9212061123408366,0.9682611772737115,0.9461639394999994,484,1.1689103329366752,1.1689103457549994,0.9769594030704232,0.9661684525238934,0.9219694907213377,464
191,13,0.9364893278608146,0.9364893438742586,0.8924318058734868,0.9602941079337947,0.9472584743629086,344,1.020686221417931,1.0206862350048105,0.924691168581644,0.9621076090147319,0.9363734974759126,348,1.1790403893488048,1.1790404039298135,0.9641786209295972,0.9410537437864376,0.8935238098832523,368
687,3,0.7444263070233141,0.7444263221516609,0.7121107404060529,0.76824741562876,0.7586136411747031,323,0.8502907297302474,0.8502907452916235,0.7493544061740924,0.8076711955554258,0.7870112100906919,320,0.9222578113239625,0.9222578319518916,0.6814304135485008,0.7581416759521069,0.7228891498259346,352
687,4,0.9301864722370841,0.9301864896834738,0.8823513691667003,0.9464883383502588,0.9324631621670135,284,1.0810848591107336,1.0810848755053586,0.9663982298932698,0.9968356572065985,0.9668694836881409,284,1.27247615308253,1.2724761735177368,1.0328891308324937,1.003656275212432,0.951370887625556,368
687,5,0.9965176010321545,0.9965176185888697,0.9416601902943554,1.0075012995812238,0.9915380245030895,264,1.110692401272532,1.110692420377229,0.9906148152434084,1.0203250953816094,0.9890860436857263,280,1.1379144005111441,1.1379144233270286,0.9163080062800583,0.8861599543781389,0.8384971889263223,304
687,9,0.9708341524962083,0.9708341705987038,0.9168655086426646,0.980594552119033,0.9649075875754094,252,1.125795337132221,1.1257953554823938,0.9982030347061556,1.0242762867027695,0.9914520015068149,256,1.3239153988972323,1.3239154234117063,1.0427961392404552,0.9955075762892902,0.9374113201140312,288
687,11,0.9212061123408365,0.9212061263109041,0.8702893342777587,0.9309922321141421,0.9161825371134458,242,1.044335913627004,1.0443359284335216,0.92829858989067,0.9540746841500295,0.9240802073369218,248,1.2503645434029418,1.2503645665555003,0.9109573275738237,0.9402015998287742,0.8853329134410295,272
687,13,0.819635720505828,0.8196357296719773,0.8019976780656167,0.8787854857108358,0.8732847225575484,1497,0.8123792331136207,0.8123792428334492,0.7784597968276415,0.8408179123619636,0.8306712565184812,1528,0.796853171208297,0.750968426544233,0.7134938677328967,0.7318670791608206,0.7564026641245342,1632
687,15,0.951677290886148,0.9516773043789589,0.9127542056262972,0.9864690947316963,0.9748050632717246,467,0.9847017352631752,0.9847017477600984,0.9044209553219188,0.9495103757562395,0.9274105840281126,456,1.0407149836751255,1.0407149939264788,0.8852008021443688,0.8848956233682582,0.847901552251799,512
1658,3,0.6864866901444134,0.686486702431325,0.6601376667586797,0.7147298138616995,0.7067926421394901,384,0.6946367405716227,0.6946367517270737,0.6463940221825943,0.684512978818545,0.6708908282662364,452,0.8298757520103457,0.8298757670884743,0.7144763353520185,0.7196289163626238,0.6915478709130475,480
1658,8,0.4555014939731361,0.4555015031994327,0.44047885721243585,0.4787409111867213,0.4741648867334876,348,0.4954681909031056,0.4954681993900305,0.4740931324882276,0.49164955911525504,0.4824017920975337,364,0.8251177166638787,0.5548791285324387,0.4664376640720303,0.4971175864323522,0.6782304299559268,432
1658,10,0.7598706392922657,0.7598706510495497,0.7229467638623853,0.777064209571962,0.7661742801842133,261,0.8150536294345584,0.8150536380922841,0.7365536560340609,0.7651120840015703,0.7441690195525067,264,1.2217519021653158,0.9911715207220864,0.7398388250087207,0.7676041774534657,0.8584929259113129,256
1658,11,0.496367180697964,0.4963671858164747,0.48264281543562093,0.5265577424755292,0.5223310604166717,544,0.5420469198681256,0.542046925394891,0.5118425409365053,0.5473675683057845,0.5385905475040491,560,0.7795490366193204,0.6200804160393262,0.519515703527411,0.5532557628442986,0.6521041589422487,464
1462,3,0.7889300773141262,0.7889300953772587,0.7589021834504613,0.8218495361724903,0.8127981722624199,449,0.9207443862600045,0.9207444081164621,0.8339012441610606,0.8674763947164905,0.8442090019121672,312,1.1318618593521357,1.1318618846682307,0.9427861631148919,0.9304466023048589,0.887182138422738,432
1462,4,0.977130518103808,0.9771305342028777,0.9266914074316768,0.993913683879227,0.9791309911579483,296,1.051175952546438,1.0511759694276956,0.9444887895305524,0.9774613515109412,0.9493105999111681,304,1.347530211131618,1.3475302302368022,1.0717145030280277,1.0289066858009908,0.9709038647869503,320
1462,8,0.9600156060369633,0.9600156252858676,0.9112730732149631,0.9779671988523424,0.9636565643937448,301,1.0788710755509403,1.0788710949872968,0.9673740686372483,0.9998116250178792,0.9705078506570728,300,1.3009126076835016,1.3009126209477384,1.0439086621127158,1.0074804829076738,0.9525539809914859,336
1462,10,0.9073308221979779,0.9073308367691689,0.8687098306384483,0.9377550351835418,0.926221364237129,410,1.010116675158819,1.0101166886876771,0.9235039874912748,0.9666175291740183,0.942986211999158,420,1.2815656405965272,1.2815656564454494,1.0480202401408665,1.022884504115693,0.9712215324817961,400
1462,11,0.9439988743474176,0.9439988905422406,0.9042401270213494,0.976420695922469,0.9645362294714016,436,1.019768653989781,1.0197686732944482,0.9315453994284615,0.9744974909077195,0.9504658198253907,416,1.2022380906391716,1.202238111820284,0.9926734205093192,0.9744974909077199,0.9273122626944753,416
1462,12,0.9581504311113679,0.958150445105843,0.9119881535853863,0.9805456785218167,0.9669193742919799,335,1.0726431991352996,1.0726432172347178,0.9682940395618204,1.0051369555810767,0.9773549480544081,340,1.347530211131618,1.3475302302368022,1.0717145030280277,1.0289066858009908,0.9709038647869503,320
1462,14,0.9063062544524011,0.9063062675981208,0.8726613412238798,0.9456754546539456,0.935514131145059,543,0.9924226184572195,0.9924226290729606,0.9163499673824458,0.9653995141649157,0.944241835843704,524,1.1747318946999283,1.1747319096085387,0.994436936676639,0.991172949799278,0.9486633468613208,544
1462,15,0.8935534950467422,0.8935535091955052,0.8599408782636555,0.9315635534657786,0.9214223280190287,521,0.9507574267428641,0.9507574402226328,0.878285170877616,0.9255806222390316,0.905406146522012,508,0.7461008182595203,0.7461008295741206,0.6934303706703858,0.6879570028608922,0.6672761225453366,784
1462,17,0.9191364994368547,0.9191365147041476,0.8829170566823636,0.9552368556168054,0.9443494497842014,487,0.943271147792133,0.9432711611657617,0.8713695396108632,0.9182925858434486,0.8982769642659332,504,1.1401809566205188,1.1401809710906403,0.9651887914802673,0.9620208042169466,0.9207614837183408,528
1462,19,0.9417914804867873,0.9417914945905074,0.8993933333990101,0.9691830676496191,0.9565855722359576,379,1.0793463490856277,1.0793463634533629,0.9778343391897846,1.017401149762705,0.9901880662963666,368,1.1790403893488048,1.1790404039298135,0.9641786209295972,0.9410537437864376,0.8935238098832523,368
1462,20,0.9683453250086783,0.9683453426474138,0.9365175680277456,1.0179490657765582,1.0082518142641497,745,0.9988113971977035,0.9988114155364521,0.9325568210482719,0.9897543793887186,0.9709236503668781,716,1.2053120485325592,1.2053120671820443,1.0417217427849759,1.0517712788187905,1.0116737877238346,736
1462,21,0.8693317430900468,0.8693317577588563,0.8396830496435528,0.9118925705157367,0.9028822375321421,620,0.9095278719206417,0.9095278897681475,0.8484801325169402,0.900014589694894,0.8826923121981037,636,1.1065010026804611,1.1065010227846326,0.9526351138026914,0.959505221816832,0.9220638278840634,640
1462,22,0.9767041115952109,0.9767041282263657,0.9246660496623023,0.9905685386181214,0.9753697845144492,277,1.081084859110734,1.0810848755053586,0.9663982298932698,0.9968356572065987,0.9668694836881411,284,1.3974662543915228,1.397466280267912,1.100729258087147,1.0508135527498064,0.9894897267870328,304
1462,24,0.8752260469093771,0.8752260582548992,0.8449672329607022,0.9173263237912527,0.9081394324574813,607,0.9440685029466483,0.9440685163315822,0.8773445607720981,0.9282682586004214,0.9094760573507098,592,1.255099881833576,1.255099905593167,1.0514394701373146,1.0413031118912142,0.9942055575418369,512
1462,27,0.8502688738468415,0.8502688878871436,0.8180703929348343,0.8860470660335774,0.8763375488431363,489,0.9507574267428641,0.9507574402226328,0.878285170877616,0.9255806222390316,0.905406146522012,508,1.249524838656446,1.2495248523587925,1.044335913627004,1.0328007595945066,0.9855535935297058,496
1462,28,0.7778803261060513,0.7778803403246306,0.7575771354171255,0.827417391422644,0.8211446989835082,959,0.6272880936593384,0.6272881053304163,0.6200387799511183,0.6527958704372502,0.6454975667680761,1384,0.9039840363994197,0.9039840533543619,0.8445585002856127,0.8444625038949156,0.8207255766640683,1104
2644,11,0.6383648474464203,0.6383648613094058,0.6211470283558621,0.677990498497498,0.6726805470917733,736,0.672318139503901,0.6723181536893926,0.6350954759269286,0.6793485716520864,0.6685240502942169,704,0.7538962688164794,0.7538962827761104,0.6667080364168774,0.6829811474737866,0.6606624640734277,656
2644,15,0.816636585936651,0.8166365993544278,0.7974387335301607,0.8725577367667822,0.8665948907016191,1246,0.8749614445685634,0.8749614569737021,0.8319222790747203,0.8938166593814766,0.8811388905596559,1172,0.959830395454972,0.9598304140017684,0.8540425162998861,0.8783237545880963,0.8509260778879388,928
2644,16,0.9434692967459746,0.943469312310628,0.9022512675211745,0.9731845603441235,0.9609038882786968,404,0.9929365491729245,0.9929365647738397,0.9095828925138422,0.9532753836340194,0.9304466023048592,432,1.3744708899359803,1.374470900308769,1.0780241689052943,1.0266022448753516,0.9658045416502269,288
2644,17,0.929457376497272,0.9294573918307673,0.8888514962213552,0.9587313242994092,0.9466330384527756,398,1.0339018947043142,1.0339019102750096,0.9350209628260205,0.9717452032564916,0.9453268403961755,340,1.4253075265915784,1.4253075434982507,1.1057596701548211,1.0464044922935811,0.9821374632225023,272
2644,20,0.824109385320163,0.8241094018440639,0.8077384553608365,0.8699386875969798,0.8622477373974207,740,0.929999846146198,0.929999865208847,0.8649433720679491,0.9156211658463226,0.897270738521528,596,1.0789583326647454,1.0789583510370682,0.9194716877439888,0.9202337901408006,0.8821602487297171,544
2644,22,0.8464616854261654,0.8464616959981063,0.8192983683680236,0.8910298449799199,0.8827404780967965,684,0.9341189558125795,0.9341189673646831,0.8715479979735036,0.9245736303531138,0.9068140682667589,656,1.0181339372994451,1.018133951734473,0.8714646356056384,0.8745706829308421,0.8392678572301803,544
2644,25,0.9034703031065436,0.903470317832876,0.8850870840103183,0.9706369704316488,0.964890022478276,1849,0.9432815955333343,0.9432816095934641,0.9044209553219188,0.9772556948140693,0.9656175487371653,1824,0.9709116374994438,0.9709116529058407,0.8816943243069536,0.91879485797966,0.8947677868985632,1392
2644,26,0.6030478319918102,0.6030478451754601,0.5934405495058035,0.6432540344611928,0.6386772420533654,847,0.6583002282205642,0.6583002428861974,0.6250003629109466,0.670832704960662,0.6610521615407507,832,0.8642225520579159,0.8642225680604194,0.7642750661364205,0.7829296080797065,0.7573447758890514,752
2644,27,0.624515508032315,0.6245155150022402,0.6065609129496362,0.6612342061398293,0.6557172363627142,632,0.6126576186392964,0.6126576254768812,0.5781790525270609,0.618063797564477,0.6080563146636752,620,0.8774016935013048,0.8774017035795596,0.7167188617271982,0.7587923948041272,0.7288914630894261,496
2644,28,0.787575175850569,0.7875751878989763,0.7673534920544998,0.8383477894956374,0.8320948252508918,1004,0.7867930228406286,0.7867930332765217,0.746394967794248,0.8006951470147384,0.7888485295740225,964,0.9222578113239622,0.9222578222635738,0.8090594104371974,0.8245747999988398,0.7960372079515986,704
2508,2,0.7696254706544234,0.7659720768107757,0.7376588260845691,0.7994680847302668,0.7945479268341552,463,0.924691168581644,0.9246911855046405,0.841628154552441,0.8783424251665254,0.8558746909736273,348,1.1618260528144841,1.1618260714727164,0.9430726846731465,0.9163818164983076,0.8686429843537686,336
2508,3,0.8594752374596,0.8594752543249319,0.8401661952613717,0.9010353723623687,0.8920473181150621,601,0.9839856372615985,0.9839856545975247,0.9093966901545548,0.9586577417344475,0.9378755402399326,532,1.1930384709859612,1.1930384964116405,0.9784816498904669,0.9566889923670858,0.9089717818848713,384
2508,5,0.8898978752881671,0.8898978895269077,0.872649718955536,0.940588743778525,0.9324718054043236,840,0.9444816535430239,0.9444816695362003,0.8864744198849321,0.9441560373050031,0.9274989175247935,796,1.1529071768572308,1.1529071946958684,0.9964294930986726,1.006042092783191,0.967687970866277,704
2508,6,0.8874914817731162,0.8874914948190653,0.8610352719611457,0.9379392503367414,0.9298276762258013,834,0.920750958730385,0.9207509743217228,0.8642011932546574,0.9204335238048773,0.9041949246221603,776,1.2083268721137757,1.2083268817325863,1.015490195449172,1.0076636927355986,0.9628048742270484,512
2508,7,0.8480606365165481,0.8480606485402893,0.8221198523352122,0.8950530898143828,0.8871122766700167,756,0.8964144734054358,0.8964144850640484,0.8380374573194619,0.890207622463394,0.8735737255962384,668,1.0788384776134494,1.0788384972150167,0.9288192359576241,0.9355175912714111,0.8990122321869618,624
2508,13,0.9408790823285854,0.9408791011937906,0.8931081614565253,0.9584728360845217,0.9444474634423745,295,1.047224264056959,1.0472242820699589,0.9340082543723566,0.962020804216946,0.9325668411893991,264,1.3871977968913514,1.3871978199333643,0.9756702971954302,0.9994846060592,0.9357368424590116,240
2508,14,0.9037688560413173,0.9037688709510224,0.8642852488383529,0.9322337248840988,0.9204698137719199,387,1.0267111568959635,1.0267111731877856,0.9323664119108016,0.971599160162399,0.9461912229272162,368,1.2503645434029418,1.2503645665555003,0.9109573275738237,0.9402015998287743,0.8853329134410295,272
2474,4,0.8952905597116789,0.895290577965241,0.8473255658550076,0.9075245870996345,0.8935240670340507,251,0.9897255752422209,0.9897255902513845,0.8847307738459512,0.9125960242032239,0.8851622033764669,260,1.2801537005750372,1.280153718724962,1.0181287778766264,0.9774613515109409,0.9223586715476029,304
2474,18,1.0007601956646093,1.0007602112994176,0.9467207855389665,1.0136751650967366,0.9979154822290801,276,1.110692401272532,1.110692420377229,0.9906148152434084,1.0203250953816096,0.9890860436857263,280,1.3974662543915228,1.397466280267912,1.100729258087147,1.0508135527498064,0.9894897267870328,304
2474,21,0.8769689086320726,0.8769689203058574,0.8342028149779703,0.8965376916351026,0.8839292638786528,299,0.9059500452771656,0.9059500539083162,0.8149579640610476,0.8440488103921693,0.8199853298689768,268,1.3239153988972323,1.3239154234117063,0.964543052725225,0.9955075762892903,0.9374113201140312,288
2474,22,0.8508146487600289,0.8508146628924637,0.8044293606792461,0.8610009645236305,0.8474881231218728,230,0.9361550239297056,0.936155040032236,0.8349467728480157,0.859988294678785,0.8336582368208264,236,1.3744708899359803,1.374470900308769,1.0780241689052943,1.026602244875352,0.9658045416502269,288
689,2,0.8530794614896473,0.8530794765192595,0.8291003209048208,0.9042439093547886,0.896866042169375,904,0.8621794727386299,0.8621794862851038,0.8128809768916663,0.8683972428160361,0.8541151156732909,844,0.9820196398789092,0.982019655649558,0.8823513691667003,0.9131546836483794,0.8868559551801702,1136
689,3,0.9625454100878765,0.9625454270460673,0.9095581383525024,0.9731546643682275,0.9577355918495751,255,1.10326283241436,1.1032628528430883,0.9756702971954302,0.9994846060592,0.9668231181562356,240,1.2576948637228438,1.2576948889404003,1.0127614806253276,0.9794399495758378,0.9267600509185668,336
689,5,0.7119359613423536,0.7119359714361293,0.6993432118503851,0.7558757130066924,0.7499139157803286,809,0.7458277025074792,0.7458277123603125,0.7193055551098303,0.7551661468002845,0.7433797123494585,816,0.8293429765974778,0.8293429859962639,0.7729718572110978,0.7701119616683625,0.747772005526491,944
689,6,0.8771618215958205,0.877161834643614,0.8424964161160396,0.9114314181709355,0.9010136048437472,462,0.928016883828379,0.928016895019119,0.855904386603746,0.9010390241033055,0.8810271712669986,476,1.105630018541109,1.1056300325727422,0.9359406462838954,0.9328686586346144,0.8928596205753607,512
689,7,0.9219771213397242,0.9219771394101004,0.8885525141628806,0.9634920856193949,0.9533791527634222,580,0.9915160565857338,0.9915160764662415,0.920022657467797,0.9724295109202206,0.9523543263875209,596,1.1341635277474724,1.1341635483542483,0.9764509916477586,0.9834928523622526,0.9451154235811648,656
870,6,0.8008650006810393,0.8008650091675847,0.7789796251743349,0.8500523935975223,0.843307902722842,899,0.8733238119641824,0.8733238215410916,0.8211512224083297,0.8756300539992179,0.860595832447379,780,1.0472213761144606,1.0472213881433454,0.9001028259778735,0.9056554389597649,0.8699672301389925,592
870,7,0.7370151126486589,0.7370151221084646,0.7144204248558869,0.7777613155127077,0.770845763736327,654,0.794427197988051,0.7944272083202345,0.7426918783429962,0.7889265157160616,0.7741850981331937,592,0.8637734519852415,0.8637734629474548,0.7312036299092933,0.7288036395582925,0.6975465785745006,400
870,9,0.9261553310699437,0.9261553460118191,0.8918667557887773,0.9665569232358577,0.9561990511902398,558,1.042387006296855,1.0423870210757413,0.9561611214257789,1.0029729499407554,0.97929622934633,468,1.3009126076835016,1.3009126209477384,1.0439086621127158,1.0074804829076738,0.9525539809914859,336
870,20,0.7536118073597331,0.7536118201641332,0.7349120224831135,0.8033964999395908,0.7976038904011147,1030,0.8109817533101029,0.810981767119365,0.7677732542322366,0.8224937324265991,0.8098738282971961,920,0.9745488352993519,0.9745488533447282,0.8618420958559635,0.8828780686856263,0.854027087704675,848
870,23,0.8739871677996502,0.8739871844809927,0.8467868861798585,0.9215589276070205,0.9132417095163199,752,0.9094872872247074,0.9094873047351802,0.8523897953145712,0.9069703284735552,0.890621081988975,732,1.0190536939671753,1.01905370713013,0.8839798185023413,0.8945632018197763,0.8612260834443323,656
870,24,0.6521542112034366,0.6521542241652967,0.633677275344464,0.6909995908836135,0.685317243064687,680,0.6968471949789627,0.6968472097491815,0.6548817951823604,0.6980895265152391,0.6860087936313206,612,0.9016785679793784,0.9016785829566869,0.785991430767764,0.7978499132102403,0.7690334844081649,624
870,26,0.8005481962092115,0.800548211678199,0.7770132662051217,0.8466602492519788,0.8394382371541527,774,0.8682830654616238,0.868283080759094,0.8129034195325735,0.8643374059777607,0.8485131983847326,676,1.044335913627004,1.0443359345665824,0.885832047116723,0.8840185997537755,0.8465068071111224,496
870,28,0.9193856936786337,0.9193857081239258,0.8872891201735499,0.9630408078416319,0.9533027510467967,625,1.0069463371808778,1.0069463535065841,0.9316258249798841,0.9827957183727029,0.9617653978133182,560,1.0710790804616994,1.071079094054844,0.9066925010875236,0.9037165130522827,0.8649577574323807,496
870,30,0.9168300633655412,0.9168300767198715,0.8766473147877005,0.9454733027363489,0.9335045624539808,390,1.04415027248501,1.0441502863842316,0.9459484368249004,0.9842250253139213,0.9578993250040946,356,1.2576948637228438,1.2576948889404003,1.0127614806253276,0.9794399495758378,0.9267600509185668,336
273,5,0.8820422739154185,0.8820422889978482,0.8548761755515638,0.9044630551469461,0.892185307248786,324,1.0373446900129322,1.0373447066720682,0.932061305457782,0.9646000179384289,0.9368196709649685,300,1.3744708899359803,1.374470900308769,1.0780241689052943,1.026602244875352,0.9658045416502269,288
273,11,0.8982557177256508,0.8982557337002619,0.8576281165957675,0.9240382782416755,0.9119721278331581,358,0.9825211619200451,0.9825211810118849,0.9206185731333096,0.9245736303531138,0.8996073763774478,328,1.2503645434029418,1.2503645665555003,0.9848630203937634,0.9402015998287743,0.8853329134410295,272
1879,1,0.8972611111665322,0.8972611257139027,0.862725000527422,0.9339988723854165,0.923597811895446,499,0.9785391854525273,0.9785392007003311,0.9029308298037271,0.950844543430444,0.9298431277853567,508,1.1401809566205188,1.1401809710906403,0.9651887914802673,0.9620208042169458,0.9207614837183408,528
1879,2,0.7949406284383222,0.7949406399333873,0.7693455956301017,0.836639981813603,0.8288309258812078,638,0.835357678753671,0.8353576910786303,0.7818281077535331,0.8311182279156972,0.8158322317534661,644,0.9900221959334338,0.9900222099698957,0.8658142929932735,0.8806854944763998,0.84955578028306,720
1879,3,0.4648756274577438,0.46487563217118766,0.45223296265399165,0.49353996030492514,0.4896427749920421,527,0.4960001005749551,0.4960001050095074,0.4695130675831081,0.5029322824583546,0.49519818012538974,560,0.6204027479787038,0.5585772224210525,0.4597358438719944,0.5114900894331192,0.5441467773108464,544
1879,6,0.8750283890926502,0.8750284023139889,0.8292693408315323,0.8889968539058016,0.8756045984511236,258,1.0009419032607907,1.0009419154174424,0.8918667557887774,0.9180451196395614,0.8897207629013902,248,1.2576242881690396,1.2576243030866916,0.8983534740877451,0.9232980814355126,0.8665918793139724,240
2193,3,0.9353878833909256,0.935387899690879,0.8866589318215143,0.9506550616261943,0.9363876904938851,278,0.9582437056935948,0.9582437249069716,0.8573716024224223,0.8848956233682581,0.8584929259113127,256,1.2898320915163313,1.2898321215210458,1.0053096491487337,0.9538892462832735,0.8961899371926806,256
2193,5,0.7687354013584883,0.7687354126241898,0.7477526307176553,0.8159948380465631,0.8095280807749354,865,0.7982601112309101,0.7982601225485833,0.7545656313407044,0.8075047183443445,0.7947815455248463,856,0.9264270201529875,0.9264270332878016,0.8234906845804332,0.8463565746492198,0.8197485710246888,880
2193,6,0.9112586808053296,0.9112586965657835,0.8711380486092368,0.9393978607748263,0.9274525673026114,384,0.9778343391897846,0.977834357085367,0.8899975887221215,0.9288218748887396,0.9050628916042956,368,1.2724761530825304,1.2724761735177368,1.0328891308324937,1.003656275212432,0.9513708876255563,368
2193,10,0.9290043174283394,0.9290043377379518,0.8905196183371727,0.9620784172455337,0.950558306162118,444,1.0378294628594553,1.0378294800982948,0.9460599377947917,0.9883248326901819,0.9634281387461064,404,1.077797353912167,1.0777973819820783,0.8380321449910151,0.8773530644542067,0.8353795876443516,384
2193,12,0.4606680775773903,0.4606680859575456,0.46376965639465395,0.4986647930238482,0.49634297497420293,1539,0.5121287164838592,0.5121287266444412,0.5007913390903359,0.5373605574989682,0.5320770463053497,1476,0.6405806259435075,0.5656299765075874,0.5248451401661929,0.5547416673034815,0.6097207988395287,1360
2193,14,0.6430290636466727,0.6430290720202869,0.6260043527721508,0.6835329794059998,0.6782772289515696,770,0.6808445131057804,0.6808445210886519,0.6434270873798213,0.6884607178780462,0.6775703242555529,724,0.7635949388533222,0.7635949446159828,0.673765105565809,0.6892197054110065,0.6663230707061334,640
2193,15,0.8122755109675945,0.8122755235357256,0.7927704495900243,0.8480663859111374,0.8390366910107302,496,0.8603896640308459,0.8603896768049969,0.7968713197026681,0.8412271408634672,0.8234556844728923,492,1.0594130969397306,1.0365281555369457,0.8774443558911519,0.8745643674699509,0.8527626316508737,480
2193,16,0.7134470654142858,0.7134470767775719,0.6897455712320886,0.7495318836634417,0.742315784541539,537,0.6270127070274645,0.6270127156032315,0.6039500612316088,0.6328045684704109,0.6225997156311324,640,0.7411416161223898,0.7411416266302412,0.6587925476643465,0.6770852597193757,0.6557988568197509,704
2193,17,0.9296614782864779,0.9296614934763853,0.8970046445676485,0.9734357591501058,0.9635321495664623,624,0.971261991241738,0.9712620068396253,0.9038075708393797,0.957106642949824,0.9380597421775694,632,1.1678595163140688,1.1678595328718953,0.999621199665291,1.0031840186559657,0.9626896009405006,624
2193,22,0.8636548267147254,0.8636548419306553,0.8329351601734731,0.9036232731870014,0.894315620769061,565,0.9084702464588125,0.9084702617235348,0.8426173102666892,0.8903711900271323,0.8718946907140677,540,1.0710790804616994,1.071079094054844,0.9066925010875236,0.9037165130522827,0.8649577574323807,496
2193,23,0.9183046103378255,0.9183046259745635,0.894081268639372,0.9527675910517173,0.941647150011,463,1.0021304061097107,1.002130421855079,0.9180049563334147,0.9621020075565566,0.9390618486224968,436,1.2815656405965272,1.2815656564454494,1.0480202401408665,1.022884504115693,0.9712215324817961,400
2193,24,0.8932254177303747,0.8932254292680255,0.8612037623536984,0.9341048826247458,0.924408350524328,575,0.9236358632776676,0.9236358775688492,0.8575303950194605,0.9067240168621229,0.8881409124275812,564,1.073355474593179,1.0733554822933622,0.9170852543182515,0.9193298781928301,0.881842040708237,560
2193,26,0.5765135088993745,0.5765135194135937,0.5673192314624385,0.6149231653208419,0.6105433851922015,808,0.6378841236126003,0.6378841364025699,0.6166598338927878,0.6498120922606926,0.6403033650456776,800,0.7115983966304101,0.7115984103806213,0.6593469343929527,0.6511710594360024,0.6308589887789892,688
2193,31,0.763708504192216,0.7637085208881811,0.7213549380753004,0.7908977979608555,0.7814274363720114,365,0.8076175658981467,0.807617581656229,0.7630607261559559,0.7760777275216217,0.7576030305114649,356,1.1277777637249438,1.1277777776719953,0.9222578113239625,0.9001383636218098,0.8546749485839804,352
1258,2,0.9577078388798408,0.9577078544902309,0.9193229835655057,0.9941479573120483,0.9826257039511865,490,1.0405229571736412,1.0405229742320852,0.9561943782168832,1.0042129253417669,0.9809751451524754,488,1.2576242881690396,1.257624316298034,1.0475401812387688,1.0338295581165096,0.9857579315808199,480
1258,4,0.8822426603809064,0.8822426747881855,0.8580934340356158,0.9363542436095228,0.928912788112653,987,0.9091978161309259,0.909197830834798,0.8584490048306552,0.9179688879438704,0.903224805491979,936,0.9710384578239462,0.9710384739533552,0.8464523100575921,0.8592229834571821,0.8281899062857161,672
1258,7,0.8170897745659983,0.8170897890241874,0.7996983417655156,0.8764119442634919,0.8709854803846546,1526,0.856294936352686,0.8562949514389487,0.8192894780457418,0.8839974354774389,0.872961092581082,1500,0.8824921044142335,0.8824921211201956,0.8319643927126142,0.8433151363624499,0.8225184979258188,1440
1258,8,0.9228312754890657,0.9228312918319415,0.8994804362365679,0.9829587159242116,0.9757326275996004,1212,0.9369853827740704,0.9369853985844447,0.8896609301532121,0.9549540177590445,0.9410520578024064,1188,1.0789583326647456,1.078958351223594,0.9623115348078826,0.9911729497992781,0.9608264424375628,1088
1258,9,0.8697916867777046,0.8697917016506559,0.8489621504650439,0.9286451309603969,0.9221813136904115,1278,0.9247685910841036,0.9247686062090367,0.8794426536031573,0.9449913689884337,0.931635105573143,1248,1.0208432005914823,1.0208432217336616,0.917998369875666,0.9505576341438443,0.9233773923112485,1200
1258,12,0.7985679064730252,0.7985679204804533,0.7874156919256622,0.856256075703109,0.8509061438941402,1464,0.8570972734068235,0.8570972872478256,0.8189413178939768,0.8828031276972705,0.8714543120410908,1412,0.9353198027032721,0.9353198198207857,0.8513020413863771,0.8884383151109682,0.865712331099761,1408
489,4,0.9420626592265591,0.9420626743555225,0.9084665806643515,0.9854996849937613,0.9753224682944802,613,1.0153443887094928,1.0153444044196571,0.9426752569362864,0.9967533518697097,0.9763251164984049,620,1.2376286757036785,1.2376286967778134,1.0546881124122225,1.0555622886909182,1.0118896970723223,624
489,5,0.9501636420988876,0.9501636565467818,0.9132359743796374,0.9884198355740035,0.9773071123887163,518,1.0016542843214846,1.0016542999294726,0.9242599045235002,0.9733054381571473,0.9518079260794989,520,1.2033266998743644,1.203326711727491,1.0235134274794264,1.0231605645195485,0.9803861697911428,592
489,6,0.9042401270213494,0.9042401444531634,0.8669412889164649,0.9367233636779888,0.9255541435030684,436,0.9725448522598933,0.9725448732978156,0.8930587385054407,0.9374459631349477,0.9155742564993012,448,1.110688745472396,1.1106887713097893,0.885832047116723,0.9327172219074525,0.892098846790918,496
489,8,0.8986263047752191,0.8986263194854952,0.8705311606702849,0.9473039360332095,0.9387156097699172,766,0.9685103548662046,0.9685103707928804,0.9074266781002536,0.9653314654140118,0.94785141507697,772,1.0349032021490827,1.0349032228995292,0.9062451540853312,0.9225713057860767,0.8902466708643844,768
489,10,0.7727092934411267,0.7727093028528325,0.7563149866176515,0.8127623964367784,0.8050972564231835,607,0.8714646356056385,0.8714646463829058,0.8130905103045492,0.8625595453904055,0.8459911734439887,612,0.9479184945424235,0.9479185102877989,0.8262986836276494,0.8387652933748677,0.8084710989931989,656
489,11,0.8946579420446694,0.8946579557092068,0.8758689939532873,0.9600824589857159,0.9542165377753942,1717,0.9135209948276953,0.9135210091189926,0.8756103487031062,0.9459214570302071,0.9345749155961591,1740,0.9808208202866291,0.9808208363663098,0.9013307663519802,0.9465941509369115,0.9246896860043826,1840
489,13,0.866578674007626,0.8665786866464701,0.8268023889899886,0.8904000100392825,0.8786031156976714,335,0.8960881185491774,0.896088129790511,0.8163359015547743,0.8524529863248712,0.8308429248752556,344,1.1790403893488048,1.1790404039298135,1.0328891308324937,0.9410537437864376,0.8935238098832523,368
489,14,0.8370203074228713,0.8370203225976953,0.8133750851335455,0.8870050317171144,0.8797320034477141,878,0.8652109828094365,0.8652109998505514,0.8333319696969019,0.8730554392799226,0.8589526569187302,880,1.011324263046497,1.0113242817728312,0.8943644390958112,0.9161942222209334,0.8862545249765493,880
489,15,0.9223292498879493,0.9223292667677195,0.8933993880039974,0.9721187901343116,0.9632771502812892,781,0.9967273059145265,0.9967273234749363,0.9331554046705282,0.992197968992222,0.974032902287799,776,1.1211451356615063,1.121145158141157,0.9817655835924424,0.9994522479349165,0.9644338934364165,832
489,16,0.7300518726112358,0.730051883987058,0.7009972866957628,0.7582045169147451,0.7494779107821433,379,0.7156477236366829,0.7156477372794816,0.6606630491539232,0.6959374294041836,0.6806505852353452,376,0.9202879896258123,0.9202880052963229,0.7433080715459857,0.7849052915906829,0.7524308003871116,464
489,17,0.8716508272840808,0.8716508418552072,0.8358491676323329,0.9032413222817274,0.8925165440561229,424,0.9498898157053112,0.9498898327356968,0.8717881092916563,0.9147955724878406,0.8933271091798497,432,1.140038260161506,1.140038278073668,0.9601974009092511,0.9540746841500295,0.9120689614099644,496
1780,1,0.7911534804583987,0.7911534911532401,0.7615082915321195,0.8250183582559667,0.8160714447201912,465,0.8881111816517117,0.8881111916422539,0.8167334933698259,0.8581630546101304,0.8384660532232949,424,1.3268842295691072,1.3268842343572957,1.051175952546438,1.0068830932990107,0.9493105999111678,304
68,3,0.903973632296662,0.9039736460821781,0.8673757686461314,0.937702005620893,0.9267253771763603,453,0.9674262662234704,0.9674262785011494,0.8885539210180255,0.9328522989885867,0.9111402229048123,448,1.213589115655796,1.213589134723582,1.0221456203227512,1.0156278895790638,0.9709121202106069,528
68,4,0.8724111865050939,0.8724111975769294,0.8357143960426908,0.9024594391239346,0.891489016176259,404,0.893528130561285,0.8935281398345614,0.8191655961210534,0.8589600566228538,0.838562608113854,396,1.341465907380309,1.341465923292471,1.0407149836751257,0.9848512868645466,0.9243646712682373,256
68,6,0.7782243603914493,0.7782243707507942,0.7526094251879689,0.8180228794481046,0.8102192909233787,597,0.8421702075956842,0.8421702211204345,0.7836812481328799,0.8298962663552272,0.813380915685614,548,0.9958509024124149,0.9958509205061693,0.8573716024224223,0.8635546996351487,0.8298574450956571,576
68,7,0.895204978260552,0.8952049931303313,0.8631885077698259,0.905922753977037,0.891704894763014,242,1.044335913627004,1.0443359284335216,0.92829858989067,0.9540746841500295,0.9240802073369218,248,1.1770161688565013,1.1770161808574775,0.9444887895305524,0.9115299607259905,0.8618345542303919,304
68,9,0.9400072337859317,0.940007247113285,0.8885539210180258,0.9508934066484803,0.9359109788423424,252,1.0288459229069067,1.0288459321054353,0.913592838685127,0.9383444028099162,0.9086107806083756,240,1.2801537005750372,1.280153718724962,0.9444887895305524,0.9774613515109412,0.9223586715476029,304
1563,5,0.5467885395466722,0.5467885468954249,0.5314003530392468,0.5795486294732507,0.5748143448711479,578,0.9058397530384769,0.905839765881406,0.8367913832770987,0.881852403865534,0.862631052985539,484,1.111712424183585,1.111712446474104,0.9429825017694149,0.9410520578024059,0.9011201495053884,528
1563,11,0.9016060215984922,0.9016060362601527,0.8710408722914104,0.9460844761427518,0.9367917143756231,651,1.0087937797500768,1.008793795358885,0.9365934810850846,0.9903226850834534,0.9700262447790604,616,1.2158780105262765,1.2158780335433805,1.0185819866955237,1.0087623896446136,0.9631366338686546,496
1563,12,0.849587432852419,0.8495874485839294,0.8196344652673897,0.8893920050425228,0.8803107807408332,566,0.9336102210116389,0.9336102379745337,0.8650568074026557,0.9134673652132946,0.8942711683905694,540,1.0982123966043795,1.098212417394021,0.9200095363701504,0.9111402229048121,0.8699298628491077,448
1563,14,0.8106618031874464,0.8106618158004212,0.7940088140931467,0.8542077488110864,0.846403043906955,680,0.8664890208190252,0.8664890336032999,0.8109645589741618,0.8620915780243567,0.8462359174088748,668,1.0472213761144606,1.0472213881433454,0.9001028259778735,0.9056554389597649,0.8699672301389925,592
1563,17,0.8614766185267204,0.8614766318223988,0.8367399799080782,0.9121837529973098,0.9045822879830694,874,0.9440817236175235,0.9440817400406869,0.8875796849303846,0.9463924230496722,0.9301142981346667,840,1.0582174692140012,1.0582174912621536,0.9332827030429496,0.9544000629142815,0.9225844027856843,880
1563,19,0.8604097517738156,0.860409764306341,0.822699787723842,0.8872903302602658,0.8760581278414282,366,0.935074070497133,0.9350740860291568,0.8523906370230301,0.8904708888594708,0.8680392141177791,364,1.0982123966043789,1.098212417394021,0.867275071789001,0.9111402229048121,0.8699298628491073,448
1563,20,0.922084168900384,0.9220841856538604,0.8760929588825151,0.9408124242571838,0.9272844276711666,300,1.0501011802029157,1.0501011991209688,0.9415774268069216,0.9731499816840689,0.9446276413062176,292,1.2801537005750372,1.280153718724962,1.0181287778766264,0.9774613515109409,0.9223586715476029,304
1563,21,0.761724819352119,0.76172483707174,0.7336445749428422,0.7951738914063682,0.7866886525421133,463,0.7707336206089319,0.7707336396471012,0.7147418407224267,0.7551623199742584,0.7394578555528512,456,0.954493673566653,0.954493699034255,0.8014266973443348,0.7948012851046015,0.7592547540116021,400
1563,22,0.8681666114198006,0.8681666301658457,0.825551581844528,0.8870374406737581,0.8744819070749491,292,1.0501011802029152,1.0501011991209688,0.9415774268069216,0.9731499816840691,0.9446276413062175,292,1.1618260528144841,1.1618260714727164,0.9430726846731465,0.9163818164983076,0.8686429843537686,336
1563,23,0.5831851667475483,0.5787279290741514,0.5674365498437048,0.6114854400760463,0.6107032694674365,539,0.5729339025239439,0.5642782839116609,0.531545649180426,0.5675120681174566,0.5661107438717231,536,0.7409856808146151,0.6597480951295407,0.5558562120917925,0.5927341903994704,0.6342677727279281,528
2374,13,0.8668920404307608,0.8668920546863735,0.8388869913939306,0.9121943202068175,0.9036518628547914,691,0.8888341439340878,0.8888341595936288,0.8321437371546462,0.8847950960600744,0.8685963510092228,692,1.1379144005111443,1.1379144166444108,0.9739898868533604,0.977461351510941,0.9380052521984367,608
2374,14,0.9275738292712752,0.9275738462180361,0.8943718520419269,0.9701186224342606,0.960063533155984,599,0.9953568202560771,0.9953568397388861,0.9213086367973794,0.9721952657741255,0.9515024739170266,560,1.2384256479434992,1.238425659015802,1.0197686539897803,0.9994522479349167,0.9504658198253907,416
2374,15,0.8246768765618047,0.8246768923372689,0.8001245684541554,0.8716118318702302,0.8640834115541193,777,0.8780133374630951,0.878013353720958,0.8249036466459054,0.8791616574868449,0.863881288174746,764,1.0460654464067183,1.0460654664581335,0.9087423492769937,0.9204698137719196,0.8864838551586727,688
2374,16,0.9435835014271381,0.9435835171005074,0.9109271541481849,0.9889092370984732,0.9789951716349866,653,0.9906175427308354,0.9906175599228847,0.9209640043828456,0.974673074301432,0.9550407952052644,628,1.1790889347401659,1.1790889583816253,1.0001329564221066,0.9980855158510369,0.9557334918996543,560
2374,21,0.581347958364617,0.5813479728663312,0.5643153306144045,0.6149409800721192,0.6097132119958208,566,0.6912678882324781,0.69126790518193,0.6470929508994699,0.6879750383230482,0.6753557325548101,536,0.98798090775282,0.8399544551501442,0.7052554936630145,0.6994251308920493,0.7657646220073224,352
2374,25,0.852873790563426,0.8528738045247456,0.8354917491304583,0.8990730567834769,0.8909219951732766,727,0.9504131204785019,0.9504131323487509,0.8908596772557709,0.9479842941183537,0.930927559617329,768,1.0480974335065731,1.048097449723517,0.9058449937260661,0.9145837207119917,0.8797163371511606,640
2374,29,0.9198311428833681,0.9198311596886701,0.8983420165205042,0.962020804216946,0.9520496472364849,594,1.0072854603287953,1.007285475283899,0.9329225206275138,0.9848512868645466,0.9640456793828983,576,1.209282832779338,1.2092828481264366,1.0236850818730105,1.0203250953816094,0.9765652100043007,560
2374,31,0.8849781256125123,0.8849781396254908,0.8516880867256166,0.9226234042002717,0.9125795033739325,516,0.9637914941588401,0.9637915097848735,0.8916990039093177,0.9406759018710156,0.920546880764176,536,1.1768136879086513,1.176813706398625,0.9911715106160012,0.9848512868645466,0.9414905408102858,512
1164,15,0.9046371821605917,0.9046372000034937,0.8576892396527543,0.9197242100009859,0.9059726420678126,271,1.0948682965444396,1.0948683120674019,0.9732162635950573,1.0002395882218051,0.9687937657564503,260,1.2898320915163313,1.2898321215210458,1.0053096491487337,0.9538892462832735,0.8961899371926806,256
1164,25,0.8985679102642546,0.8985679297779137,0.8510634740755201,0.9119883544737986,0.8981018248706634,259,1.0154901954491722,1.015490212916324,0.9057049739368306,0.9328686586346143,0.9043072399412354,256,1.3239153988972328,1.3239154234117063,1.0427961392404552,0.9955075762892903,0.9374113201140314,288
1164,30,0.9112586808053296,0.9112586962359319,0.8552919026025476,0.910944518404827,0.8948733274611073,192,0.9019631593484929,0.9019631779469932,0.8227203439046964,0.8598258176034622,0.8383016639329428,356,1.1433285346948796,1.1433285590611555,0.9377115811450307,0.9168269510184571,0.8710979576396682,368
1164,40,0.8589004312653394,0.8502643923895274,0.8169906703020754,0.8840818604584926,0.8826055765812533,457,0.8384779468052589,0.8384779597788136,0.7784673089538365,0.8231253486407925,0.8062555800761022,512,1.071714503028028,1.0717145126098284,0.924798531260901,0.9327999519769885,0.8968959303441434,640
1164,47,0.8254371285463488,0.8254371455367243,0.7902565698720166,0.853032888121463,0.8425278555259761,372,0.892931684704498,0.8929316999996154,0.8544096014073551,0.8860497548890313,0.8693834494944563,656,1.0403983476685137,1.0403983649500232,0.90691318934742,0.9205960537041238,0.8873463281632672,720
1164,52,0.9398164868714921,0.9398165016377908,0.8860787899766979,0.9465941509369113,0.9310259554732551,230,1.0686560805681524,1.068656099395808,0.938655813922966,0.9574116479437895,0.924560933886107,208,1.2001595477065283,1.200159555542219,0.9710384578239459,0.94174072686135,0.8920335692972129,336
1164,56,0.9470575468626767,0.9470575598883949,0.9018149737702157,0.9698888102752224,0.9565227059967083,337,1.124532849623699,1.1245328623678155,1.0095465403626347,1.0442196090418474,1.0139281430867677,320,1.2815656405965272,1.2815656564454494,1.0480202401408665,1.022884504115693,0.9712215324817961,400
1164,58,0.8958556385037988,0.8958556507820885,0.8483869701104009,0.9090423735158936,0.8951697673888183,257,1.044335913627004,1.0443359284335216,0.92829858989067,0.9540746841500297,0.9240802073369218,248,1.2217519021653158,1.2217519113855724,0.8852008021443687,0.9125353287780906,0.8584929259113129,256
1164,60,0.8460573959937142,0.8460574086046642,0.8112021287865457,0.8765297789012158,0.866091178582238,409,0.9315735467918811,0.9315735578419937,0.8528876698144601,0.8935241971524108,0.8719974466535083,400,1.1642661024177179,1.164266118924597,0.9673740686372483,0.9532753836340194,0.9084281548136222,432
1164,61,0.9761457005367136,0.9761457134841492,0.9260252919936935,0.9933935641386173,0.9786958935378955,299,1.0854523314450073,1.0854523404819845,0.9715526460504506,1.00298391486246,0.9731499816840693,292,1.2801537005750372,1.280153718724962,1.0181287778766264,0.9774613515109412,0.9223586715476029,304
443,2,0.7444301647285751,0.7444301789740139,0.7260250878583148,0.7937320268554782,0.7880296570256076,1025,0.7826785535740513,0.7826785685241351,0.7432933316950344,0.7979501791078429,0.7863759611957641,1000,0.8774016935013046,0.8774017134552313,0.8175732463020335,0.8142636063993637,0.7905717024688513,992
443,4,0.924972591835256,0.9249726040547013,0.8748273552442395,0.936554093825843,0.9219366040412403,253,1.0611800412661492,1.061180056311482,0.9432711477921325,0.9694629855072884,0.938984726810098,252,1.250364543402942,1.2503645665555003,0.9109573275738237,0.9402015998287743,0.8853329134410297,272
443,5,0.9137822595152914,0.9137822778371882,0.8816489927719048,0.9567462149114384,0.9470021368963318,612,0.9846099502425255,0.984609971366088,0.9126982185034064,0.9640456793828983,0.9438924721772843,576,1.1424264698803188,1.1424264893333664,0.9735582576112822,0.9743651895608476,0.9340520280667594,576
1265,2,0.9296475600977614,0.9296475753385022,0.8907825832086316,0.9621020075565566,0.9504772168523239,436,1.0099631861629554,1.0099632052820016,0.9225882321262646,0.9651273227259147,0.9413267254039925,412,1.3009126076835016,1.3009126209477384,1.0439086621127158,1.0074804829076738,0.9525539809914859,336
1265,3,0.8018361586898886,0.8018361747671974,0.7540566636665479,0.8041717774371698,0.7903990960192353,180,0.984307876853569,0.984307893462447,0.8885521774802586,0.9223609710038116,0.8968668935087509,312,1.250364543402942,1.2503645665555003,0.9848630203937634,0.9402015998287743,0.8853329134410297,272
1265,4,0.8919998615203061,0.8919998762497029,0.8582210870666054,0.9295340385996427,0.9193479806881983,513,0.8885539210180258,0.8885539361481738,0.8189480654984085,0.8617448760064786,0.8424542649486674,448,1.1642661024177179,1.164266118924597,0.9673740686372483,0.9532753836340194,0.9084281548136222,432
1265,7,0.9119487168316152,0.9119487300990656,0.8737066075371093,0.9435726602305647,0.9321372116302374,425,1.0190756179418246,1.0190756297879635,0.9247985312609007,0.963282363249684,0.9379261526104424,360,1.3009126076835018,1.3009126209477384,1.0439086621127158,1.0074804829076738,0.9525539809914862,336
1265,11,0.9044955837624988,0.9044956016590634,0.8794790858253089,0.935257670229686,0.9238250207265725,414,0.9746588233310057,0.9746588451309763,0.8876791164169872,0.9267924613556143,0.9032360252080702,372,1.217151102948507,1.2171511224952265,0.98798090775282,0.9600190458553697,0.9100069359896622,352
1265,12,0.913326031989208,0.9133260449382771,0.877481808114765,0.9494645663374766,0.9386863827927714,488,1.0067498436884155,1.0067498579620406,0.9234718523172052,0.9686832764385073,0.9458160163772247,452,1.2073870691739297,1.207387086292175,1.0032027378460353,0.9885818793241684,0.9420736420289415,448
1265,14,0.9444816535430239,0.9444816698780778,0.9028982899647819,0.9736467411155754,0.9612659421521859,398,1.0713507724131794,1.0713507894133416,0.9729040819938799,1.01384260190859,0.9873299717501388,384,1.242748407277043,1.2427484337621257,1.0192517186359031,0.9965510337157144,0.9468456061300743,400
2015,2,0.8342270688825979,0.8342270844177238,0.7961913737928149,0.8576215487556371,0.8463337110385071,327,0.9020202229615727,0.902020241047634,0.8196870193690204,0.854554939045069,0.8323529256559175,328,1.1618260528144841,1.1618260714727164,0.9430726846731465,0.9163818164983076,0.8686429843537686,336
2015,4,0.8874909491559458,0.8874909632912813,0.8580075262253914,0.9323785815403707,0.923402130491151,668,0.9536984853628041,0.953698501204188,0.8893699393468678,0.9431644619842413,0.9249239281673974,660,1.1604344978565644,1.1604345111858692,0.997411239597103,1.0035641350635232,0.9640177415053699,656
2015,5,0.856565472138235,0.8565654861213843,0.8373593241575107,0.9169452906248627,0.910966562063095,1439,0.8810998593117192,0.8810998742548665,0.841564273232535,0.9069621897060586,0.8952116279309719,1428,0.9597517336201398,0.9597517488494518,0.8715599067861841,0.9082339975431118,0.8844830996928326,1376
2279,1,0.7293740499818886,0.7293740591318113,0.6957826241063336,0.7492196158608649,0.7392602305583468,280,0.8329738128812998,0.8329738239694432,0.7546330226355946,0.7851682786212181,0.7641668772504568,284,1.219112981268284,1.0287081904647593,0.8323186781348108,0.8072063373097286,0.877484281771377,288
2279,2,0.975567326406031,0.9755673459667569,0.9174356074609666,0.97840899588189,0.9616522334900697,219,1.14402564863419,1.1440256648541016,1.0004965163477828,1.0176810158393954,0.9817089016604247,208,1.341465907380309,1.341465923292471,1.0407149836751257,0.9848512868645469,0.9243646712682373,256
2279,4,0.8702779500007621,0.8702779638891417,0.8267116157558273,0.8876674856964695,0.8748576154124406,281,0.978176441832853,0.9781764594551492,0.8770858222311052,0.9064958733495441,0.8799271179290795,272,1.3239153988972323,1.3239154234117063,0.964543052725225,0.9955075762892903,0.9374113201140312,288
2279,8,0.9299864218998765,0.9299864360409621,0.8938429324526567,0.9674302251660613,0.9565534864499597,507,1.0119242536624842,1.011924267284077,0.9321969195109882,0.9805945521190332,0.9585198945042416,504,1.209282832779338,1.2092828481264366,1.0236850818730105,1.0203250953816094,0.9765652100043007,560
2279,11,0.7841652718350471,0.784165282414014,0.753602085683144,0.815579438544307,0.8063841003729427,425,0.8629759595294934,0.8629759692372845,0.7936183945008685,0.833875420989089,0.8147358819056545,412,1.4253075265915784,1.4253075434982507,1.1057596701548211,1.0464044922935811,0.9821374632225023,272
2279,12,0.9390838406190332,0.9390838545615515,0.9034231895340413,0.9784188861070078,0.9676676829161626,537,0.9913840255116857,0.9913840429779572,0.9417962615598477,0.9658656946798193,0.9449272360312102,536,1.250364543402942,1.2503645630485392,1.0531197300295012,1.046404492293581,1.0003336996109289,544
2279,13,0.9400718717864032,0.9400718865567141,0.8993169782950747,0.9702508021551414,0.9580996965895616,409,1.0113242630464974,1.0113242789363184,0.9264270201529875,0.970928631479094,0.9476770949401344,440,1.0780241689052947,1.0780241841894418,0.9227272612294993,0.9260160172208916,0.8886365547143085,576
2279,16,0.8837779238946745,0.8837779377322063,0.8539956292237073,0.9277038691199152,0.9186453492415675,646,0.9247685910841037,0.9247686076126514,0.8616388957120831,0.9132246319367365,0.8953545414356532,624,1.0236850818730105,1.0236850953965073,0.9170852543182516,0.9472994898508243,0.9193298781928304,1120
2380,4,0.8665431114940866,0.8665431268775476,0.8345482563850952,0.9045026129855539,0.894835629136709,525,0.9554240865835699,0.9554241014711894,0.881601755083954,0.9283836487037406,0.9078783294912144,496,1.0717145030280282,1.0717145301294528,0.8726646259971645,0.8495557802830594,0.8058671334076166,320
1206,4,0.9519408676669713,0.9519408818991373,0.9239198851832775,1.0067081885606566,0.9981102270732536,918,0.9810425014155794,0.9810425163542413,0.9235447608505343,0.9856125649494822,0.9690046609229943,912,1.179109612694895,1.1791096309389566,1.0190756179418243,1.0289066858009908,0.9896808792950558,720
1206,5,0.5589373423175322,0.5415579474330613,0.5334147466711019,0.5790348413625458,0.5931662490556233,855,0.7909485692354353,0.7909485830507017,0.7695578799748123,0.8191823730610827,0.8093854742891742,1516,0.9520220582335989,0.9520220746090535,0.8490984130657786,0.8745643674699508,0.8477880374449082,960
1206,7,0.9493627022721474,0.9493627194364808,0.9191809096818632,0.9998696027730898,0.9906534242720656,782,0.9915895362964104,0.9915895537663026,0.9283453252650099,0.9870835464716438,0.9690121141316763,772,1.1277777637249435,1.127777788380081,0.9762150350271482,0.9865855233785572,0.9493282233472402,704
1206,9,0.9150033682420464,0.9150033841740648,0.8889713435197056,0.9693062487694871,0.9613023720233803,946,0.9600004750946344,0.9600004926153066,0.9053374946728667,0.9673326531847851,0.9514885253249588,948,0.9850709199906932,0.9850709360470947,0.8734276553678861,0.896241750864923,0.867520501318463,896
1206,12,0.8078167318042618,0.8078167451756608,0.7894551617812197,0.8642994739555031,0.8585872607952231,1320,0.8576533041741491,0.8576533173895394,0.8179647038507322,0.8806470124811713,0.8688852842007982,1304,0.9938035307095683,0.9938035447996416,0.8833809161862828,0.9079097800782538,0.8793666489173932,944
1206,13,0.7682755149016323,0.7682755270005487,0.7570091645231775,0.8222516439728084,0.816860338645459,1276,0.775877952548782,0.7758779632360985,0.7527603840058106,0.7977245099007563,0.787239315261763,1220,1.0742998693442378,1.0742998859666049,0.9284911185692176,0.9374483137297915,0.9017092455799399,656
1574,1,0.962290239215897,0.9622902488345505,0.9169273771200884,0.9865855233785574,0.9731663171643269,352,1.0964195283831062,1.0964195408086201,0.9843078768535688,1.0181141188158012,0.9885799395095983,312,1.3962634015954636,1.3962634015954636,1.0780241689052945,1.0173456449338898,0.9538892462832739,256
13,1,0.9164618380546669,0.9164618546483202,0.895782699799337,0.9808227534408845,0.97438736621607,1520,0.9502057306302856,0.9502057467454443,0.907569314270381,0.9780964790947689,0.9654243046314405,1540,0.9817712417488639,0.9817712626720793,0.9188318115764305,0.921139952577276,0.8958543392658022,1264
2290,11,0.8973723131738538,0.8973723294783371,0.8701063639416942,0.9474340577440824,0.9390840861321835,811,0.9854495165958939,0.9854495316714033,0.9239826221470268,0.9834321354986467,0.9658168357447996,804,1.0780241689052943,1.0780241841894418,0.9875276950671906,0.9589686495409685,0.9250718496415539,784
2290,13,0.46211479953744894,0.46211480900248514,0.45132548816461204,0.4938968426650745,0.4905445809642359,715,0.49609585587870414,0.49609586522982957,0.47236211772262465,0.5079934623145924,0.500982764855833,704,0.6737432925484882,0.6737433070592129,0.5980123358447711,0.6140450627607552,0.5945235662020876,624
2290,17,0.7785928714191657,0.7785928847326685,0.7419636525576082,0.798384054851934,0.7875462897319531,286,0.8879392742754697,0.8879392876479493,0.8030180033682294,0.8345576451496927,0.8118689335167154,292,1.2576242881690396,1.2576243030866916,0.8983534740877451,0.9232980814355126,0.8665918793139724,240
2290,19,0.9240207162045381,0.9240207293052358,0.8827509756682633,0.9514900893244038,0.9392188354438776,378,0.9964294930986728,0.9964295046815641,0.9042474527884362,0.9418760885108016,0.9170833492190992,352,1.2389643882700017,1.238964400902608,0.9247985312609008,0.9595052218168321,0.9071942676109392,320
2290,21,0.8459991297806823,0.8459991446855526,0.8204314357558237,0.8934474608717262,0.8856149495511085,773,0.8839182149370347,0.8839182323173226,0.8298735926027891,0.8840458014499042,0.8685176536153952,752,0.9641786209295969,0.9641786323664636,0.8458348381843428,0.8620554727260598,0.832220717403944,736
990,6,0.9377095119241252,0.9377095268365905,0.9010137808145426,0.9750049401993004,0.9639681478091117,504,1.063518310950036,1.0635183296871742,0.9641786209295972,1.003656275212432,0.9769891473255188,368,1.3239153988972323,1.3239154234117063,1.0427961392404552,0.9955075762892903,0.9374113201140312,288
990,7,0.8200295212681789,0.8200295335484629,0.7958747541001053,0.8438797158954466,0.832910920416533,330,0.9385466035913096,0.938546613560812,0.8481526948271003,0.8810381573351415,0.8569219013028864,304,1.1872122054039382,1.187212209688107,0.9405258522783918,0.9008953992675364,0.8493831683415713,272
990,10,0.8959915251682148,0.8959915388320044,0.8597168214616181,0.929422076211437,0.9185423716383793,449,0.9908763575367463,0.9908763708079117,0.9059134353485837,0.9482057667135605,0.9250245698658406,412,1.1431621365632298,1.1431621467838171,0.9413249113751818,0.9225713057860768,0.8773530644542067,384
990,35,0.9468547230242876,0.9468547394003844,0.9051668786330351,0.976093089711343,0.9636811832128696,399,1.040398347668514,1.0403983659983227,0.9432182161267799,0.981837660533901,0.9557502528184423,360,1.217151102948507,1.2171511224952265,0.98798090775282,0.9600190458553701,0.9100069359896622,352
445,3,0.7878323415045572,0.7878323575018783,0.7556668479372523,0.8167368374853198,0.8070964169157051,388,0.8085181266789708,0.8085181428902574,0.7433786329620009,0.7809773339184106,0.7630092337004174,384,1.0197686539897803,1.0197686732944482,0.8542945694865683,0.8460587784116116,0.8077920155027426,416
445,5,0.42202721422632644,0.4220272232204443,0.40973701838168003,0.4465512361086648,0.44277767551084274,416,0.5001422057018666,0.4725367546803874,0.43322576027213816,0.4714701339242956,0.4883259095682673,384,0.6639006016082767,0.6151515209345897,0.5324809281966263,0.5381375582064858,0.553238296730438,384
415,2,0.9208149581730533,0.92081497568958,0.8708129168970189,0.9321970463866184,0.917624007174104,251,0.9494065464848278,0.9494065635888213,0.884164464998123,0.8798342300157338,0.8540469085782242,264,1.1788859533308307,1.1788859831423981,0.9599310885968809,0.9345113583113653,0.8864538467483781,352
415,3,0.9250823262549572,0.9250823411938288,0.8838998360272101,0.9528271718205666,0.9405781668205545,381,1.0456834438381355,1.0456834586637587,0.9511303792020066,0.9921979689922222,0.9666545027042429,388,0.9282985898906704,0.9282986030520193,0.7945706971698466,0.7974026814957678,0.7652148110039878,496
415,4,0.9499165160605798,0.9499165327962739,0.9088651276454096,0.9806478217563057,0.9684048387032804,416,1.0295741218166052,1.0295741413068948,0.9405025667306581,0.9838676590895246,0.9596049142467886,420,1.137434267911678,1.1374342894438076,0.9528670198119416,0.9436809451514129,0.9009987865222898,464
415,6,0.7304700235343496,0.7304700386627534,0.7136017893932115,0.7645211412946132,0.7566866409013998,483,0.8033951477781197,0.8033951635035295,0.7436276854150277,0.7847004645176872,0.7679984253758863,452,0.9520220582335988,0.9520220744444718,0.8112985480094018,0.8119709913007063,0.7783766900556326,480
415,7,0.6753257376388256,0.6753257509888412,0.6448819459666809,0.6948920427488285,0.6858476237394864,271,0.7309054002292747,0.7309054128704723,0.6897018822691493,0.7001076161502966,0.6830957523319062,308,1.042985523234598,0.8022132415188586,0.6906604575069513,0.6956412858172032,0.8372413852780168,464
415,10,0.8804351223885281,0.8804351376879648,0.8614050699836999,0.9250960076310463,0.9162110541676911,666,0.9414546355879952,0.9414546500667296,0.8787000110250482,0.9323785815403707,0.9145546890066791,668,0.8758946372355518,0.7917804722011077,0.6812633317792728,0.7300768193625796,0.7750350126051603,832
415,11,0.7346469696043891,0.7346469857921648,0.7111365526260002,0.7734466268475861,0.766270704997873,597,0.7918918256946221,0.7918918428657233,0.7410487500575059,0.7876977372250124,0.7731826901497566,608,0.7440043885139664,0.7440044021301705,0.6997328214125784,0.7067122961109977,0.6886348088293553,1120
415,13,0.90604679570965,0.9060468092147749,0.868720128138159,0.9386798121240404,0.9275010665501718,438,0.9760640007433228,0.976064013130624,0.8964874381699722,0.9411813373724134,0.9192754034664625,452,1.0710790804616994,1.071079094054844,0.9066925010875236,0.9037165130522827,0.8649577574323807,496
415,14,0.7586608599070557,0.7586608711161297,0.7328776658266293,0.7959702357751605,0.7881327012463573,545,0.8060055221719141,0.8060055331066753,0.7513693444464676,0.7966261113569744,0.7811447382257574,552,0.9001028259778735,0.9001028432314172,0.7456841779078788,0.7920321653386285,0.7627884335086252,592
1162,13,0.9484806062401062,0.9484806217528581,0.9019924652340076,0.9692219169112142,0.9555231852032235,320,1.0780241689052945,1.0780241841894418,0.9705391965307768,1.0057136180689934,0.9772440445114068,324,1.3962634015954636,1.3962634015954636,1.0780241689052945,1.0173456449338898,0.9538892462832739,256
1162,62,0.9050083945886727,0.9050084085337471,0.8631283991553739,0.9292716941519108,0.91686054529164,344,1.0155512530166595,1.0155512691313966,0.922231994390032,0.9610382997258509,0.9359065357214856,364,1.314460457011912,1.314460465593859,1.063518310950036,1.0314303198957642,0.9769891473255188,368
2560,3,0.8740359739143488,0.8740359846637146,0.8428995559341809,0.9143979766444742,0.9049651118666989,570,0.9764631750256457,0.976463186241768,0.9039840363994194,0.9540280939439034,0.933766639995813,552,1.1424264698803188,1.1424264893333664,0.9735582576112822,0.9743651895608476,0.9340520280667594,576
2560,5,0.7883345622179944,0.7883345738197014,0.7640896086981381,0.8317765011609186,0.8243573441293685,695,0.8405462357645633,0.8405462481660753,0.7866841829569712,0.8362804529338069,0.8208995126960341,648,0.8207951326302529,0.8207951420582977,0.7054859987394143,0.7098380467522482,0.6818662074062374,464
2560,6,0.9530729781281666,0.9530729947077411,0.8960328247868644,0.9554056842215738,0.9389725295454731,212,1.1433285346948796,1.1433285494630727,0.9917822353928708,1.003656275212432,0.9662536545960801,184,1.4253075265915784,1.4253075434982507,1.1057596701548211,1.0464044922935811,0.9821374632225023,272
2560,7,0.9163536297061989,0.9163536463978882,0.8862347455833027,0.9632940823791594,0.9541174886660745,705,0.9523634850031962,0.9523635029264512,0.8909286532555741,0.9468074510953237,0.9292797159438192,724,1.179109612694895,1.1791096309389566,1.0190756179418243,1.0289066858009908,0.9896808792950558,720
2560,11,0.93051734174701,0.9305173570285511,0.8966030837196464,0.9720878766318791,0.9618308923683273,579,0.9690349295560666,0.9690349458384372,0.8987917976178018,0.9497292693622742,0.9300210034283389,576,1.2058946070958918,1.2058946276296645,1.0276448274785757,1.0284965889808946,0.9859438074038013,608
2560,12,0.923250902574153,0.9232509177100263,0.8846533452507741,0.9554820396146538,0.9439372360024227,433,1.0389771515919282,1.0389771655073248,0.9498898157053112,0.9942351728647042,0.9699286751991338,432,1.1642661024177179,1.164266118924597,0.9673740686372483,0.9532753836340194,0.9084281548136222,432
2560,13,0.9660764296712187,0.9660764441033208,0.9245126590512555,0.9976679227046192,0.9852671866358957,427,1.0156737379809402,1.0156737555472797,0.9291276713554338,0.9728768172478143,0.9492369545391424,428,1.2384256479434992,1.238425659015802,1.0197686539897803,0.9994522479349164,0.9504658198253907,416
2560,14,0.9601952572403369,0.9601952728080643,0.9360558724332344,0.9995098153383013,0.9883792215474312,534,1.021539659642926,1.021539678558415,0.9403929739030115,0.9887571382350175,0.9663201580303995,500,1.2135891156557967,1.213589134723582,1.0221456203227512,1.0156278895790638,0.9709121202106074,528
2560,15,0.9292643271831824,0.929264343680113,0.8949536539901116,0.9699713735445084,0.9596046841980327,563,1.0213312848548903,1.0213313014138212,0.9449347653367396,0.9968356572065991,0.9755049034963656,568,1.1106924012725319,1.1106924201852173,0.9465149726776355,0.947299489850824,0.9081061383982381,560
2560,16,0.8040565098619941,0.8040565222638988,0.7854605020425878,0.84145878822693,0.8328229022482994,530,0.8815526095266996,0.8815526243391338,0.8176508714439725,0.8639898214337358,0.8460607739521695,524,1.0789583326647454,1.0789583510370682,0.9194716877439888,0.9202337901408006,0.8821602487297171,544
2560,18,0.9635822513662292,0.963582263019998,0.9183147142468873,0.9881923840515456,0.9747968716434519,355,1.0441502724850096,1.0441502863842316,0.9459484368249004,0.9842250253139209,0.9578993250040938,356,1.073355474593179,1.0733554822933622,0.9170852543182515,0.9193298781928299,0.881842040708237,560
2560,19,0.9469936960111625,0.9469937126953621,0.9100405213769848,0.9848512868645466,0.973734496004309,512,1.0780241689052945,1.0780241841894418,0.9888503905343525,1.0372626234430034,1.0127764423154353,484,1.2576242881690396,1.257624316298034,1.0475401812387688,1.0338295581165096,0.9857579315808199,480
2560,20,0.9440885410816524,0.9440885571574347,0.9059795650294177,0.979519164882543,0.9680864868363631,476,1.002225594529141,1.0022256146243813,0.9214797637758135,0.9680864868363628,0.9458135292744757,476,1.2505080359301415,1.2505080536597526,1.0390314070548223,1.0238883750143173,0.975719129244261,464
2560,21,0.9810064672819555,0.9810064851638601,0.9401195209190979,1.0154812446701176,1.0032484396051402,463,1.0246454693452447,1.0246454915101986,0.9409011709253751,0.9876662825886056,0.9646228773831924,472,1.2947179437652616,1.2947179665756905,1.0690329143946513,1.0494588363621595,0.9986439752094349,448
2560,22,0.8945198105900236,0.8945198246972571,0.8621262341010709,0.9348635088476153,0.9250617186794338,564,0.9997538633438715,0.9997538795529658,0.9249713548014563,0.9757757489557549,0.9548956449717945,556,1.1379144005111443,1.1379144166444108,0.9739898868533604,0.977461351510941,0.9380052521984367,608
2560,23,0.9305799996907975,0.9305800167535817,0.9066925010875236,0.9673219653733734,0.9563281438494623,496,1.0133673423657827,1.0133673611299479,0.9328698301117874,0.9808470811291371,0.9585895967661564,496,1.2505080359301415,1.2505080536597526,1.0390314070548223,1.0238883750143173,0.975719129244261,464
2560,24,0.9054370533877382,0.9054370686657766,0.85970601668004,0.9228006838277634,0.9093668033309449,287,1.0756719949064337,1.0756720156916368,0.9571166130946999,0.9843283456590733,0.9536240528054484,260,1.2898320915163313,1.2898321215210458,0.9269299015470713,0.9538892462832733,0.8961899371926806,256
2560,25,0.9515624881429213,0.9515624999107462,0.9031437139034744,0.9691663246419647,0.954954017759045,297,1.0529332270693823,1.0529332409792647,0.943287690155916,0.9743651895608482,0.945596446141197,288,1.4253075265915784,1.4253075434982507,1.1057596701548211,1.0464044922935811,0.9821374632225023,272
2560,26,0.8990029586855389,0.8990029726427914,0.8765562630609277,0.9362383987312414,0.9258820056290091,507,0.9958619639218098,0.9958619773271867,0.9174001430108136,0.9650295592282548,0.9433052930041742,496,1.1766561392189772,1.176656161493594,0.9857245032537325,0.9762216673980129,0.9320677101954721,480
2560,27,0.9370680366450154,0.9370680536707356,0.9016807091769592,0.976677624097877,0.966004195698682,542,1.039290746905012,1.0392907646018819,0.9578767551811743,1.0079337389004346,0.9853706134667443,524,1.2092175857965604,1.2092175990568959,1.0106476583487134,0.9994846060592,0.9537615421255217,480
2560,28,0.902572366158026,0.9025723792747812,0.8662908690790886,0.9367208603624819,0.9258326430359027,459,1.0247309014710693,1.024730913626193,0.9381764367959061,0.9828766168676518,0.9591971913188592,440,1.1508603944580102,1.098212417394021,0.9200095363701504,0.9111402229048123,0.9049243330066986,448
2560,29,0.905767338590259,0.905767356936803,0.8758947390546139,0.9519790532793424,0.942879602355096,692,0.9552902805707368,0.9552902993162304,0.8911709567945222,0.9452983426355176,0.9271045040068133,668,1.2058946070958918,1.2058946276296645,1.0276448274785757,1.0284965889808946,0.9859438074038013,608
2560,30,0.9485918297408359,0.9485918447930629,0.9034339003383879,0.9717452032564912,0.9583994948782286,340,1.064715228548439,1.0647152436438931,0.9585572311415079,0.9932974005619688,0.9651793032211425,320,1.2576948637228433,1.2576948889404003,0.9430726846731465,0.9794399495758378,0.9267600509185665,336
2560,31,0.9458103095663245,0.9458103249008274,0.909405511578004,0.9845358855204991,0.973572042198406,526,1.0313572297530655,1.0313572473148445,0.9505647188820813,1.0002395882218051,0.977848700386846,520,1.2947179437652616,1.2947179665756905,1.0690329143946513,1.0494588363621595,0.9986439752094349,448
2560,32,0.9563351341835641,0.956335149975315,0.9326852984514682,0.9965764546389928,0.9856557297826687,550,1.0405927741516385,1.040592788905086,0.9612727460786505,1.0130370589860267,0.990956333594958,556,1.255099881833576,1.255099905593167,1.0514394701373146,1.0413031118912142,0.9942055575418369,512
2560,36,0.9504252186498006,0.9504252334053969,0.914089999972665,0.9897904964890444,0.9788417258720886,536,0.9637914941588404,0.9637915097848735,0.8916990039093177,0.9406759018710156,0.920546880764176,536,1.250364543402942,1.2503645630485392,1.0531197300295012,1.046404492293581,1.0003336996109289,544
2560,37,0.9678845135669433,0.9678845269336285,0.9275953957665454,1.0019906825772775,0.9899354270764538,458,1.0197368339698556,1.0197368476275597,0.9322992635626203,0.9758234104042468,0.9519670330658166,424,1.2073870691739297,1.207387086292175,1.0032027378460353,0.9885818793241684,0.9420736420289415,448
2560,38,0.9475856428870826,0.9475856555784398,0.9055949082734538,0.9763560366627885,0.9638613467325045,394,1.0564636855271885,1.056463700505653,0.9609358470288314,1.0024268140333792,0.9766200130414,392,1.414906721688199,1.4149067417486425,1.1253002281794293,1.0803520200910404,1.019449058026298,336
739,4,0.8926874711476752,0.892687486875104,0.8635159352748246,0.9387264933656656,0.9298350589701808,695,0.9768184486443268,0.9768184648697441,0.9109304227249738,0.9660290550020414,0.9473463264260011,676,1.2127771900184563,1.2127772143353859,1.0287081837484526,1.0266022448753522,0.9830401630967873,576
739,9,0.9432950486513371,0.9432950645681784,0.8956519128478465,0.9613846845453007,0.9473891086966987,299,1.0650072150799437,1.0650072321833233,0.9569162736033229,0.9903226850834537,0.9618015288573677,308,1.3974662543915228,1.397466280267912,1.100729258087147,1.0508135527498064,0.9894897267870328,304
739,14,0.9477929771760475,0.9477929954474672,0.9086976354009737,0.9818407733964246,0.97013358619473,457,1.0687959931239044,1.0687960133566812,0.976331235939445,1.0213483318167447,0.9961612919323805,436,1.1980820884424093,1.1980820953349043,0.9929365491729241,0.9769547552133254,0.9304466023048585,432
739,15,0.8049085360049472,0.8049085519165893,0.7686231311706198,0.8282292612836588,0.8174493818001997,323,0.9716885450990359,0.9716885614949797,0.8771604828971784,0.9105358303499163,0.8853686000022286,308,1.341465907380309,1.341465923292471,1.0407149836751257,0.9848512868645469,0.9243646712682373,256
739,17,0.7624233772040375,0.7624233933103998,0.7434418896239772,0.8126735347888592,0.806794660854811,1035,0.7922521096391151,0.7922521265233551,0.7525314695394268,0.8079739890222677,0.7962967203202233,1020,1.068763630258257,1.068763644063307,0.9271007852585531,0.9382004311768386,0.9032371119050314,688
739,21,0.9882974544556208,0.9882974700831066,0.9282509542727492,0.9891166029610544,0.9718501251486668,213,1.0966981044581465,1.09669812730805,0.9672202558808749,0.9891055197475279,0.9561329265233454,228,1.4796776500174416,1.4796776745955886,1.1343099948086781,1.0661169131298134,0.9981192986229458,256
576,2,0.7497172302379017,0.7497172441709099,0.7431097861226414,0.7926010345936745,0.785790562076495,714,0.8299692730411264,0.829969289020629,0.7778639115712208,0.8276723762572876,0.8127525720882998,668,0.6242390086011083,0.5940133294703931,0.5397938908039891,0.5627556915662651,0.5734501516910654,864
576,3,0.8403976743798763,0.840397692111741,0.7783402119769638,0.8491857145651077,0.8356550628677714,220,1.000496516347783,1.0004965371933088,0.8455809242360397,0.9023418776644117,0.8722616171791924,208,1.1766561392189776,1.1032628528430883,0.8037858772710208,0.829589646907742,0.82222285032265,240
576,4,0.7853863850789023,0.7853863968832282,0.7599542304189705,0.8263189303980943,0.8185625141529556,623,0.8305186199219359,0.8305186316969679,0.7758032123355335,0.8236527041145502,0.8080868713927906,604,0.9941987258216345,0.9941987386635416,0.8624193351242355,0.8727445871412453,0.8402205692139828,640
576,5,0.881418149519505,0.8814181613843447,0.8456273669560226,0.9141119626249767,0.9033800701332702,439,0.7353819332727227,0.7353819428369738,0.7038744376819079,0.7302900854939219,0.716644313812483,548,1.0882958272169045,1.0882958391512063,0.9095828925138422,0.89953614545328,0.8583853879129696,432
576,6,0.691137414015347,0.6911374221675379,0.6722882981345718,0.7336551592239144,0.727845711288274,779,0.6948577547081276,0.6948577635266192,0.6562956355626604,0.7019599606198783,0.6907489970613696,724,0.8384161921126932,0.8384162020577944,0.7355085549429068,0.7496134545444001,0.7236701890469082,640
576,7,0.8724943656203318,0.872494381868078,0.8327139138750541,0.8969619867719507,0.8851563583338513,342,0.8939719135522043,0.8939719284015014,0.8149229167143255,0.8513293113271864,0.8298836442664487,348,1.0143767827775825,0.8983534868245348,0.7689393843579161,0.7716800143507432,0.82177913944059,480
576,8,0.8264914215755418,0.8264914389961266,0.7925022744334121,0.8563682722690203,0.8461875308965114,401,0.9112586808053296,0.9112586965657835,0.8336098733656229,0.8728614435120581,0.8516518470631558,384,0.9805467826824816,0.9805468012446618,0.8214370860447772,0.8135180561650108,0.7767230918295605,400
576,9,0.7374421994055185,0.7374422118488686,0.7184572482682159,0.7848896067796262,0.7790198911597647,935,0.7698893190853936,0.769889330718122,0.7296284510416969,0.7821794024675076,0.770396293986066,908,0.8572400507297269,0.7563937544647333,0.6706676639431982,0.6881856301284232,0.7443026227717029,688
576,12,0.8467597932280381,0.8467598055864778,0.8264965358867621,0.904082061542462,0.8977937475495006,1246,0.9356290362997701,0.9356290487544097,0.8900023343744902,0.9565067679986545,0.9430549671481283,1276,0.9247985312609012,0.9247985475540647,0.8384161921126932,0.8727445871412453,0.8495557802830598,1280
576,14,0.8496709189459086,0.8496709298135678,0.8227729714565176,0.8950843509760039,0.8868686333244516,706,0.9232532300942212,0.9232532421018941,0.8631283991553739,0.9168605452916397,0.8997286275601974,688,1.1005023051819018,1.1005023222096928,0.9511372434123695,0.9603129067475915,0.9237021540087187,672
576,15,0.8835265306922327,0.8835265462582633,0.8521000399650751,0.9244146051364369,0.9148927943442786,578,0.956388908074748,0.9563889228727092,0.8879392742754697,0.938877350793404,0.919635271024304,584,0.9405258522783919,0.9405258693669377,0.8097398467322877,0.8155794385443074,0.7837542537014539,544
576,17,0.5746468635249046,0.5746468757716068,0.5514222994796149,0.5961610131077993,0.58919436573411,289,0.6078517392817026,0.6078517528773831,0.5361548308592403,0.5779995995551144,0.5633084888394417,232,1.0529332270693823,0.6449160607605229,0.5143540918742263,0.5415777417527143,0.7792698479189233,288
1609,2,0.8916243068699123,0.891624323187744,0.8636575389795363,0.9397563208084572,0.9312090249198121,755,0.9402118401152493,0.9402118566799657,0.880244531209828,0.9359393212658591,0.9188042325704496,732,1.1618260528144841,1.1618260739238642,1.000266869492826,1.0074804829076736,0.9681670192782665,672
1609,5,0.9198590157081075,0.9198590302534079,0.8912581033674954,0.9699772182219236,0.9612311911152885,793,0.9634921664990223,0.9634921823431764,0.9027249854676098,0.9603297479766341,0.9429402678485919,768,1.0789583326647454,1.0789583510370682,0.9194716877439888,0.9202337901408006,0.8821602487297171,544
1609,6,0.9181208618038086,0.9181208776587368,0.8886984672766284,0.9665363775166435,0.9575567973317645,744,0.9941584211054686,0.9941584376189111,0.9271007852585531,0.983177499765391,0.9641631251199537,688,1.0710790804616994,1.071079094054844,0.9601974009092511,0.9037165130522827,0.8649577574323807,496
1609,7,0.851441497323341,0.8514415115358589,0.824309624099601,0.8966229472484936,0.8883393442712875,698,0.9147105062826566,0.9147105219508256,0.8547376788734123,0.907660724520471,0.89058792387237,672,1.1079692847082196,1.1079693004169264,0.94835857404143,0.9517386843659164,0.9133209034563726,592
1609,17,0.9392692735515367,0.9392692892301022,0.9093386970726257,0.989111274185301,0.9799732021330823,770,1.0044059244938548,1.0044059404913301,0.9393065425435503,0.9980013112537685,0.9794399495758384,756,1.11904675662114,1.1190467780714917,0.9721429782963189,0.9846886379885655,0.9483315659836962,736
1609,20,0.9370971405371284,0.9370971557083665,0.9064009255334826,0.9852918010224,0.9759371578945163,726,1.017278384386991,1.0172784012844671,0.948661268636659,1.006042092783191,0.9865855233785572,704,1.0480974335065736,1.048097449723517,0.9058449937260661,0.9145837207119919,0.8797163371511609,640
1609,21,0.8978862988559955,0.8978863159363534,0.872997468085392,0.9523830025044974,0.9447191074536829,979,0.9401217825056789,0.9401217986764404,0.8871240556616484,0.9482557810490483,0.9328761530403786,948,1.0275539236232232,1.0275539417267385,0.9025536672336212,0.9205881230228743,0.8890008979674103,800
1609,22,0.8210839226591297,0.8210839318956686,0.7870521972930432,0.8502836924145419,0.8400970008050773,392,0.9306758557236082,0.9306758625348084,0.8439899721218996,0.8787130243543814,0.855429695360373,324,1.2127771900184563,1.212777207213122,0.964543052725225,0.9260160172208917,0.8738134783082554,288
1609,23,0.9329775142348774,0.9329775329416511,0.9068600318618419,0.9891321283660032,0.981094435212297,997,0.9964561893387345,0.9964562075247486,0.9397173995338617,1.004066804571549,0.9876210009702103,984,1.1240316092611384,1.124031623966939,0.9929279952982464,1.0164395249864893,0.9829504055531386,960
1609,25,0.9117020643267426,0.9117020824325199,0.8835470642376828,0.9617292165216682,0.9531158077756094,797,0.9566468150773044,0.9566468323733335,0.8972476954957884,0.9551704648156961,0.9381376615444685,788,1.1529071768572303,1.1529071946958684,0.9964294930986726,1.006042092783191,0.9676879708662766,704
1609,27,0.922709751123123,0.9227097657335543,0.8880003694929878,0.9619600609685007,0.9514879318123557,538,1.0016542843214846,1.0016542999294726,0.9242599045235002,0.9733054381571475,0.9518079260794989,520,1.1032628324143605,1.1032628497487107,0.9857245032537325,0.9232980814355124,0.882647382009643,480
2480,9,0.885044696908062,0.8850447115226096,0.8515293047113102,0.9222862098386314,0.9121795753806878,509,1.0060014959147974,1.0060015080459357,0.9278291249738088,0.9767565891540034,0.9550630680121245,516,1.1379144005111443,1.1379144166444108,0.9739898868533604,0.977461351510941,0.9380052521984367,608
2480,10,0.605468324496411,0.6054683324457069,0.5814708002805934,0.6289967596630353,0.6217866185431775,317,0.6702725899258202,0.670272597465852,0.616402636505529,0.6476702298944382,0.6328045684704112,320,1.1114295174621258,0.8192983799839758,0.6807447149669525,0.6708234181128285,0.8225626172477526,304
2480,16,0.91790209407275,0.9179021086379932,0.8742051565039107,0.9403063878570165,0.9273924523968742,329,1.09133310926215,1.0913331247349904,0.9825211619200456,1.0181298355760182,0.9893087858016714,328,1.347530211131618,1.3475302302368022,1.0717145030280277,1.0289066858009908,0.9709038647869503,320
2480,17,0.9394519348257839,0.9394519534140031,0.8997113885004188,0.9714028941999158,0.9595284031701115,430,0.9587200704306071,0.9587200870119181,0.8770270542700824,0.9183229770283111,0.8960087140976951,404,1.1559981640761265,1.1559981844425808,0.8957167302196745,0.9370168181804999,0.8916464064369954,400
2480,24,0.9386178357293183,0.9386178526389481,0.8881335845145895,0.9510887496235716,0.9363593512792854,261,1.029396879540723,1.02939690236222,0.9189815609088727,0.9471221024434151,0.9183445451433213,264,1.250364543402942,1.2503645665555003,0.9848630203937634,0.9402015998287743,0.8853329134410297,272
2480,25,0.945475692717454,0.9454757107771552,0.8978983446876017,0.9639238163622743,0.949942161124483,302,1.0780241689052945,1.0780241841894418,0.9582437056935948,0.9848512868645466,0.9538892462832741,256,1.4253075265915784,1.4253075434982507,1.1057596701548211,1.0464044922935811,0.9821374632225023,272
2480,26,0.8181483223175217,0.818148332935119,0.7811946204286491,0.8417233137835666,0.8307468796467263,327,0.8927923103443162,0.892792324511118,0.8107534016615666,0.8448688349238253,0.822774976458449,320,1.2389643882700017,1.238964400902608,0.994198725821634,0.9595052218168321,0.9071942676109392,320
2480,27,0.8920927216220491,0.8920927349815095,0.8519319437737325,0.9180388424438344,0.9061061225137435,359,1.0217383430019105,1.0217383583894213,0.924020716204538,0.9603129067475917,0.9342053481562206,336,1.4796776500174416,1.4796776745955886,1.1343099948086781,1.066116913129813,0.9981192986229458,256
2480,32,0.9208567107885194,0.9208567278396979,0.8758838855932386,0.9412848899152635,0.9280278551990636,313,1.0096821649459204,1.009682181160813,0.9415774268069216,0.9388773507934041,0.9118378130725693,292,1.2576948637228438,1.2576948889404003,0.9430726846731465,0.9794399495758378,0.9267600509185668,336
2480,34,0.9528105769117763,0.9528105926305352,0.9111844483877207,0.9828200510406003,0.9704177881626442,408,1.0138546808406577,1.0138546960235542,0.9255841766473141,0.9678785508051287,0.9438620472020869,408,1.2505080359301415,1.2505080536597526,1.0390314070548223,1.0238883750143173,0.975719129244261,464
2480,39,0.9211760013330086,0.9211760161945514,0.8870717732307732,0.9613603806378156,0.9510581960763139,555,1.0181339372994451,1.018133951734473,0.9405258522783919,0.991172949799278,0.9695687868267215,544,1.1790889347401659,1.1790889583816253,1.0001329564221066,0.9980855158510364,0.9557334918996543,560
2480,40,0.770548477305585,0.770548489469583,0.7355812121228248,0.792455900920904,0.7820740702523717,305,0.8681698894819184,0.8681699010385745,0.7865189250004789,0.8183444030700019,0.7964556185427303,296,1.0002668694928263,1.00026687843584,0.8236592974532841,0.8072498925628173,0.7676839313974309,336
2480,41,0.9089511531710845,0.9089511701813103,0.8700899191315119,0.9391188406576336,0.9275179506937635,407,0.9990916074330408,0.9990916257176576,0.9093453623899939,0.9490136547776253,0.924738171856563,376,1.1978046321169937,1.1978046561337146,0.8981644615934729,0.9327999519769883,0.8826286199224442,320
406,2,0.956571435416408,0.9565714496185636,0.920246712616612,0.996638977095965,0.985687565279592,547,1.0031613793979821,1.0031613936207306,0.9266945897448862,0.9765968770081119,0.9553104223145639,536,1.3744708899359803,1.374470900308769,1.0780241689052943,1.0266022448753522,0.9658045416502269,288
406,3,0.9072593408791277,0.9072593578955008,0.860603272039352,0.9231594004331751,0.9094799152121927,277,0.9527869872187167,0.9527870069514175,0.8567984785506215,0.8871871252009214,0.8618188994904986,280,1.2127771900184563,1.212777207213122,0.964543052725225,0.9260160172208917,0.8738134783082554,288
406,4,0.864770263349062,0.8647702771775584,0.8350235298920831,0.9066433213661177,0.8976086589049407,606,0.9282313966930533,0.928231411599895,0.8637654632705464,0.9147031840849583,0.8965001333469176,604,1.0480974335065736,1.048097449723517,0.9058449937260661,0.9145837207119919,0.8797163371511609,640
406,6,0.9459941274961564,0.9459941411507762,0.9182923303207038,1.0006846680549921,0.9921819804891729,922,0.9982537733702385,0.9982537885709825,0.9397473005145789,1.0029040134573675,0.9860047426935729,928,1.1374342679116785,1.1374342853122665,1.00197720430288,1.0238883750143175,0.9894694439565807,928
406,7,0.9639509001565446,0.9639509170191578,0.9308758112387338,1.0107789239451384,1.0007315847672935,679,0.9959046365521118,0.9959046543520863,0.9279188107668587,0.9834726805472549,0.9642279676999342,672,1.0635183109500361,1.0635183286155794,0.9270668157773627,0.9410537437864376,0.9070651354557843,736
406,8,0.7938492226665319,0.7938492381262949,0.7573604553813061,0.8155794385443071,0.8047589954263946,306,0.8396620956086194,0.8396621109754783,0.7642370598809523,0.7975753056109829,0.7771735699645583,316,1.1253002281794295,1.1253002566359256,0.9162978572970228,0.8920335692972124,0.8461604900779974,336
406,9,0.9093852224065528,0.9093852375118723,0.8677839026739959,0.9346361486344814,0.9222940500669351,354,1.019075617941824,1.0190756297879635,0.9247985312609007,0.9632823632496835,0.9379261526104417,360,1.1431621365632298,1.1431621467838171,1.0060994305352318,0.9225713057860768,0.8773530644542067,384
406,10,0.9507332551452935,0.9507332702648763,0.9135278611036334,0.9885466754798461,0.9773565943064603,511,1.0234237126011188,1.0234237300278073,0.9432526825829883,0.9925454375431758,0.9703267873069465,516,1.235849043114212,1.2358490552876935,1.051175952546438,1.0508135527498066,1.0068830932990114,608
406,11,0.9298767742444242,0.9298767887122478,0.900575590878749,0.9798265354009517,0.9708740797756251,780,0.9982401257958037,0.9982401393803748,0.9349893756179682,0.9944451595276177,0.9763560366627888,788,1.179109612694895,1.1791096309389566,1.0190756179418243,1.0289066858009908,0.9896808792950558,720
406,12,0.9065064845963624,0.9065064981083389,0.8813487975031141,0.9614712276795829,0.953725070472729,986,0.9525837812391641,0.9525837918705057,0.8989751719936884,0.9609895175034773,0.9454294957028756,964,1.0927744108680026,1.0927744228514173,0.9678890925374923,0.9924920285213132,0.9604294571386177,976
406,14,0.9869061459545018,0.9869061629826027,0.9381119379486252,1.007725901325484,0.9933604215764347,327,1.0347852038717007,1.0347852213323159,0.9679620470938509,0.9696615336193912,0.9428600675348408,328,1.3328282662203883,1.3328282827032676,1.0899410497465012,1.063799884280321,1.010070393781068,416
798,9,0.6447464007412752,0.6447464087938791,0.6240562133329537,0.6786937854306114,0.6723798086088172,521,0.6822509468252087,0.6822509551656448,0.6331644626449304,0.6693064550285135,0.6555185268145611,412,0.9511372434123696,0.9055403147191312,0.7074533608440995,0.7414364094931263,0.7361688055873032,336
798,10,0.8806471124520812,0.8806471253350235,0.8360030655333242,0.8972382584784313,0.8841287984514905,277,1.0154901954491722,1.015490212916324,0.9057049739368306,0.9328686586346145,0.9043072399412354,256,1.2503645434029418,1.2503645665555003,0.9109573275738237,0.9402015998287743,0.8853329134410295,272
798,11,0.9830215704321549,0.9830215863299312,0.9281521291545118,0.9925048232897402,0.9765635717498744,253,1.044335913627004,1.0443359284335216,0.92829858989067,0.9540746841500297,0.9240802073369218,248,1.3871977968913514,1.3871978199333643,1.0634156201331357,0.9994846060592,0.9357368424590116,240
1717,2,0.9086548718385937,0.9086548870283057,0.8713333304091772,0.9415864727559514,0.9304063973415244,442,1.0734920462844375,1.0734920659306746,0.9770625702275466,1.0196848843887245,0.9936016527394985,404,1.1642661024177179,1.164266118924597,0.9673740686372483,0.9532753836340194,0.9084281548136222,432
1717,4,0.8020458115832476,0.8020458278691802,0.7693000127196253,0.8314717804296425,0.8216574347466586,395,0.9247985312609008,0.9247985475540647,0.8384161921126932,0.8727445871412453,0.8495557802830598,320,1.1097582375130814,1.1097582570648776,0.9163139266239868,0.8995361454532799,0.8559805501795157,384
1717,7,0.9913840255116857,0.9913840419790445,0.9373350811392953,1.003253297792752,0.9875078999854865,268,1.111712424183585,1.111712439945362,0.9881888214965198,1.0156278895790638,0.9836982852296264,264,1.4796776500174416,1.4796776745955886,1.1343099948086781,1.066116913129813,0.9981192986229458,256
1717,12,0.8562990518494136,0.8476168540115397,0.8141757292854311,0.880835373584386,0.8793525552643419,448,0.9204442351745419,0.9204442550854326,0.8452163060855065,0.88722564368129,0.8665256356154102,424,0.875775722573066,0.8757757393602978,0.7608075482319018,0.7706258905997467,0.7421725299002839,576
1717,14,0.7494134590223354,0.7494134698923689,0.7215928954134845,0.7819673648980142,0.7735650918676455,449,0.8513013562557407,0.8513013677151757,0.7842291545092439,0.8249446232112502,0.8063738795035683,424,1.0989442363349693,1.0479885858493099,0.8758946372355518,0.8662199919179734,0.8602409199509667,416
1717,16,0.8827509756682632,0.8827509913205747,0.8552152000368165,0.9306844660869967,0.9222658938928918,756,0.9406341197640863,0.940634134745849,0.8796680319058646,0.9346361486344814,0.9172532861107058,708,1.0936185984037978,1.0936186125298957,0.948661268636659,0.9600190458553697,0.924242626135381,704
1819,5,0.932565443798398,0.9325654603539323,0.8981328854430072,0.9734170977844533,0.9630135818328391,565,0.9959525664881796,0.9959525832228382,0.9237582364405185,0.976110637955671,0.9558549201902372,592,1.0982123966043795,1.098212417394021,0.9200095363701504,0.9111402229048123,0.8699298628491077,448
1819,6,0.8487968905167366,0.8487969033201541,0.8344533122684902,0.9030701202123989,0.8962604047786723,1058,0.8983534740877454,0.8983534868245349,0.851804893430973,0.9134673652132946,0.8998304625160914,1080,1.0748600762636094,1.0748600880505743,0.9520220582335989,0.9762216673980129,0.9446847119396241,960
1819,9,0.9191063494556023,0.9191063659340771,0.880105669145338,0.9501460504896878,0.9384958014658287,418,1.0234237126011188,1.0234237300278073,0.9432526825829883,0.9925454375431758,0.9703267873069465,516,1.2022380906391716,1.202238111820284,1.0600217873813393,0.9744974909077199,0.9273122626944753,416
1819,11,0.9208375653779717,0.9208375817541791,0.8791885999738734,0.9472682908231707,0.9348988014379023,367,1.0061814600558847,1.0061814774580526,0.9204442351745419,0.9637845105445642,0.9403655811322345,424,1.3974662543915228,1.397466280267912,1.100729258087147,1.0508135527498064,0.9894897267870328,304
1819,13,0.9089121715033103,0.908912185925902,0.879716377137272,0.9567163370885412,0.9478072975397258,733,0.9438700501081909,0.9438700634903112,0.8856385692983434,0.9430789682227392,0.9263671430086761,788,1.021738343001911,1.0217383625870142,0.887608806270552,0.8990635390330378,0.8658679515503315,672
1819,14,0.9390788315797229,0.9390788448939138,0.909419253865266,0.9893972145553963,0.9803366177261476,784,0.9507434028333797,0.9507434152720361,0.8927205212415658,0.9510720704532076,0.9343969448682176,812,1.1005023051819018,1.1005023222096928,0.9511372434123695,0.9603129067475913,0.9237021540087187,672
1819,15,0.9164618380546669,0.9164618528301662,0.8874216157511641,0.9653939274182136,0.9565244284213588,760,0.9630349242220629,0.9630349378759014,0.9036210783196297,0.962227779760257,0.9451766281459082,804,1.0026614721333842,1.002661488476507,0.8890245777851697,0.9122460678446537,0.8830119388420069,912
1819,17,0.7717632140396062,0.7717632247573825,0.74621228638581,0.8109587033494711,0.8031777041005905,585,0.8657687883140983,0.8657687990209258,0.8077761932437351,0.856921901302886,0.8404618193691913,608,0.9405258522783919,0.9405258693669377,0.7699682446671562,0.8155794385443071,0.7837542537014539,544
2002,1,0.7600284436924704,0.7600284557792603,0.7449346016956757,0.8172204357775023,0.8124970930099101,1634,0.7685770373928315,0.7685770493689608,0.7379892279461988,0.7982153093640723,0.789028196311544,1596,0.8528876698144601,0.8528876837967911,0.7837658837843305,0.8231253486407926,0.8040779878298979,1600
2002,2,0.8308736804297157,0.8308736942309214,0.8021180913249714,0.8707853159749189,0.8620554727260601,575,0.8536325456160958,0.8536325608732168,0.8152604943534595,0.8429765833262183,0.8264811151713721,576,1.1374342679116787,1.1374342894438076,0.9528670198119416,0.9436809451514129,0.9009987865222902,464
2002,3,0.916313362346491,0.9163133791383612,0.8907365105712319,0.9716016741324367,0.9637290513158806,985,0.9515715701054105,0.9515715878487295,0.8986737326775324,0.9611383110055601,0.9457625957584369,988,1.090614232846839,1.090614250623569,0.9670091898715881,0.9922676527433079,0.9604691264597269,992
2448,2,0.9171033126148026,0.9171033275913661,0.8919998615203057,0.9733530435089875,0.9656175487371653,1026,0.9599555753855457,0.9599555918974624,0.9058397530384765,0.9682611772737115,0.9525570845391208,968,1.0966981044581463,1.09669812730805,0.9672202558808749,0.9891055197475279,0.9561329265233451,912
2448,12,0.850869714546279,0.8508697290347469,0.8165235995748324,0.88280193641725,0.8724981152369742,429,0.959441510325712,0.9594415239286034,0.8726866365874082,0.9103672086629668,0.8869304200069859,356,1.2127771900184563,1.212777207213122,0.8947788532394707,0.9260160172208917,0.8738134783082554,288
2448,18,0.753962283017311,0.7539622954972836,0.7368248176624718,0.8066795090251366,0.8013481100755416,1232,0.806119259217048,0.8061192713214418,0.7680639757080371,0.8263733738319873,0.8151174659307506,1176,1.05899052529708,1.0589905414976273,0.9328753281440606,0.9532753836340193,0.921230171959575,864
2448,20,0.7157678361089231,0.715767847603727,0.7100405891542249,0.7602563738225525,0.7543117669428329,828,0.7987554113099578,0.7987554241374926,0.7565953348125577,0.8108064676574802,0.7984800351487021,924,0.9900221959334338,0.9900222099698957,0.8658142929932735,0.8806854944763998,0.84955578028306,720
72,1,0.8862624637064835,0.8862624786937304,0.8519160187313707,0.9221239359558826,0.9117856300852085,486,0.9929279952982467,0.9929280100983833,0.9135928386851271,0.960259018783846,0.9383444028099167,480,1.1737826689577704,1.1737826952114985,0.9777041691561843,0.964907587575409,0.9200407361420987,448
72,2,0.7534534452535588,0.753453455700592,0.726682452283592,0.7883747769585491,0.7802628788862209,494,0.8075291079633888,0.8075291215320309,0.7489931646815015,0.7914410578018953,0.775017502856949,480,0.9527869872187168,0.9170852685080773,0.754616918233706,0.8002607556229927,0.7956806263994913,560
72,3,0.9320888027000833,0.9320888165387465,0.896693780301013,0.9711308497114247,0.960459729970791,533,0.9956751004472514,0.9956751145638595,0.9197789584781333,0.9693088406125291,0.948181240058485,532,1.1032628324143605,1.1032628497487107,0.8774443558911519,0.9232980814355124,0.882647382009643,480
72,7,0.8781724000559267,0.8781724140215688,0.8438065566358415,0.9130998646310908,0.9027638209640886,472,0.9400140206709316,0.9400140353184283,0.8673823719374386,0.9134097188859384,0.893235130628453,488,1.1424264698803186,1.1424264893333664,0.9735582576112822,0.9743651895608476,0.9340520280667591,576
72,10,0.8540854627438661,0.8540854757685921,0.8195073487429232,0.8859524468117933,0.8755815925639784,428,0.8907825832086316,0.8907825997029379,0.7970119566011297,0.8621962245409353,0.8426311778025084,436,1.1211451356615063,1.1211451515570197,0.9315453994284615,0.9179688879438707,0.8747826675983029,416
72,12,0.9632095445826073,0.963209559136329,0.9128391193649426,0.9785856841443709,0.9638438215508492,284,1.009061009274825,1.0090610226051286,0.9039840363994195,0.9337666399958126,0.9061965942186471,276,1.3009126076835018,1.3009126209477384,1.0439086621127158,1.0074804829076738,0.9525539809914862,336
72,13,0.9839856372615985,0.9839856545975247,0.9093966901545548,0.9586577417344475,0.9378755402399326,133,1.1379144005111443,1.1379144166444108,0.9739898868533604,0.977461351510941,0.9380052521984367,152,1.3871977968913514,1.3871978199333643,1.0634156201331357,0.9994846060592,0.9357368424590116,240
72,15,0.8606279406431733,0.8505829433642144,0.8254094058586062,0.8749971405696311,0.8733097524462369,339,0.959478476183185,0.9594784930873421,0.8698567993169193,0.9054725091590421,0.8814141220436746,332,1.298111396050648,1.2981114058471708,1.0181339372994447,0.9695687868267213,0.91214873378077,272
72,16,0.810424129035422,0.8104241434226208,0.78050132168587,0.8459253009064895,0.8368843693449983,491,0.8487119127667397,0.8487119265269781,0.7852274810544737,0.8283563911998495,0.8106308352997967,472,0.9958509024124148,0.9958509184051855,0.7545745729014238,0.7854701284271207,0.7445511294460874,288
72,17,0.9613856400821049,0.9613856590443033,0.9114926236900119,0.9774190866431142,0.9628048742270482,288,0.995850902412415,0.9958509184051855,0.8947788532394707,0.9260160172208914,0.89934688412637,288,1.2171511029485071,1.2171511224952265,0.98798090775282,0.9600190458553697,0.9100069359896625,352
72,20,0.8910847914379916,0.8910848081138644,0.8529874145785582,0.9206595022663284,0.9092866396236154,399,1.0097202415546689,1.0097202600338029,0.91901924922393,0.9591095447220681,0.9345758119826967,380,1.1766561392189778,1.176656161493594,0.9857245032537325,0.9762216673980132,0.9320677101954725,480
72,21,0.9154434910185121,0.9154435077259886,0.8633176109538729,0.9224353570454069,0.907326610647429,226,1.1109014545493183,1.1109014677265776,0.9745488352993515,0.9932378272713301,0.958863000487153,212,1.341465907380309,1.341465923292471,1.0407149836751257,0.9848512868645469,0.9243646712682373,256
72,22,0.9362766569664349,0.936276670714632,0.8832769645512278,0.9439862242719004,0.9286135126886453,234,1.0795877816079782,1.0795877920301573,0.9498898157053113,0.9699286751991334,0.9370473344976586,216,1.2801537005750372,1.280153718724962,0.9444887895305524,0.9774613515109409,0.9223586715476029,304
72,23,0.9640320370547266,0.9640320502399684,0.9100017547607264,0.9729370240232573,0.9572470627828661,246,1.0554331285614569,1.0554331457647441,0.9358153450370208,0.960259018783846,0.9294862514126389,240,1.3744708899359803,1.374470900308769,1.0780241689052943,1.0266022448753522,0.9658045416502269,288
72,25,0.826802138114011,0.8268021513919595,0.7973165096205891,0.8649246827514577,0.8559926393840626,538,0.8748232002936712,0.8748232149930335,0.8114092617382932,0.8573944792853864,0.8396022947616948,520,1.0982123966043789,1.098212417394021,0.9200095363701504,0.9111402229048121,0.8699298628491073,448
72,28,0.9063130973190182,0.9063131097406343,0.8582903199560475,0.919653763090009,0.9056192199264309,260,0.9911715106160012,0.9911715207220864,0.9206366511368025,0.9125353287780908,0.8848956233682583,256,1.2127771900184563,1.212777207213122,0.964543052725225,0.9260160172208917,0.8738134783082554,288
72,29,0.9531136035950403,0.9531136214714467,0.9040994662940485,0.969817276267343,0.9554464091218342,291,1.110692401272532,1.110692420377229,0.9906148152434084,1.0203250953816094,0.9890860436857263,280,1.2801537005750372,1.280153718724962,1.0181287778766264,0.9774613515109412,0.9223586715476029,304
72,30,0.8780662159737014,0.8780662287984891,0.8357622780618317,0.8985896218095452,0.886102232560113,307,1.0201786698650586,1.0201786853360426,0.9119532591950574,0.9406759018710159,0.9123979634803583,268,1.2171511029485071,1.2171511224952265,0.9222578113239625,0.9600190458553697,0.9100069359896625,352
72,32,0.840094354767243,0.8400943685398391,0.8049732517986258,0.8694224563699159,0.8589174849537056,394,0.9442764184300243,0.9442764325709573,0.862063693936224,0.9014555130047768,0.8790872008254732,380,1.341465907380309,1.341465923292471,1.0407149836751257,0.9848512868645466,0.9243646712682373,256
72,34,0.94828020385062,0.9482802177750761,0.8946010281993204,0.956088611762566,0.9405188141333715,237,1.0270598353380491,1.0270598475207982,0.9009979798050608,0.9182764818168896,0.8864959815824623,196,1.4796776500174416,1.4796776745955886,1.1343099948086781,1.066116913129813,0.9981192986229458,256
1627,4,0.853830000405004,0.8538300142134481,0.8294876622227876,0.9044089768190706,0.8969255296934877,879,0.9140591480176401,0.91405916247123,0.8972476954957884,0.9148167642409751,0.8988472988464195,788,1.1894885778814956,1.1894885994934798,1.0240827473378933,1.0314681134530943,0.9912186149753681,688
1627,15,0.5716655174711311,0.5716655249061147,0.552581321660037,0.6004090953207721,0.594600712179937,426,0.6425988589129663,0.6425988644046274,0.5980639656117126,0.6333989177388747,0.6208198843294888,420,0.7462591813647661,0.7099745750132767,0.520357491837563,0.5789361512375262,0.5747725482661532,256
1307,8,0.9678304893242408,0.9678305040835682,0.9286473461222378,1.0039414408965415,0.992189421480209,485,1.0378294628594553,1.0378294800982948,0.9460599377947917,0.9883248326901819,0.9634281387461064,404,1.414906721688199,1.4149067417486425,1.1253002281794293,1.0803520200910404,1.019449058026298,336
1307,11,0.8541691785110931,0.8541691928890064,0.817535417846316,0.88231058480094,0.8713776814143986,380,0.948661268636659,0.9486612820867087,0.8628811687605833,0.9001383636218098,0.8769649096698285,352,1.2389643882700014,1.238964400902608,0.994198725821634,0.9595052218168321,0.9071942676109389,320
1307,16,0.9663589654841812,0.9663589810896166,0.9233389363223876,0.9953417700382821,0.982546221508086,398,0.9659006882058301,0.9659007042498983,0.8804914272545586,0.9198270720086845,0.896655891506278,376,1.3704465972361015,1.3704466291161113,0.9848630203937634,1.0135073241759784,0.952201808267223,272
1307,32,0.8377024033058057,0.837702415436474,0.8088140040146229,0.8781315905918752,0.8693591923180571,584,0.9023598915445458,0.9023599049418259,0.8357430913954811,0.8822626111494897,0.8636242544471797,516,1.205894607095892,1.1379144233270286,0.9163080062800583,0.8861599543781389,0.8789296370038159,304
1307,36,0.7626672955913786,0.7566032674163912,0.7495903390637876,0.7977857205746945,0.7967251509176401,651,0.8301340908553309,0.8301341078709843,0.7918779383484872,0.8172994299165162,0.8009195182776051,532,1.0899410497465012,1.089941074124963,0.8053268523755011,0.8959856170343083,0.8543235407033775,416
2457,5,0.9561611214257792,0.9561611364488829,0.9147087114199294,0.9868565616052294,0.9744974909077204,416,1.0676143235520887,1.0676143377636524,0.9672057050681565,1.00634244161311,0.9794251525322764,364,1.3628608270970017,1.3628608409928686,1.0936185984037974,1.0554557439985153,0.9979136943720331,352
2457,6,0.9238826023145069,0.9238826157715628,0.8833907556706828,0.9527461742958598,0.94068536678055,393,1.0558822980185494,1.055882312073942,0.9565770709465284,0.9952837334635158,0.9686622387681855,360,1.3009126076835018,1.3009126209477384,1.0439086621127158,1.0074804829076738,0.9525539809914862,336
2457,7,0.8699562586280895,0.8699562736383339,0.8480413638491716,0.9268198505691735,0.9200365565113435,1153,0.8813981362625566,0.8813981507843525,0.8359006952170869,0.8965370053910594,0.8832026170242304,1068,1.0313572297530655,1.0313572474931414,0.9198566141545935,0.9474447314257801,0.9184370405653172,1040
2457,11,0.7511195080008153,0.7511195173989303,0.722708302353388,0.7827851518209995,0.7742169263928642,433,0.7875702931628391,0.7875703020223762,0.7242730978939966,0.7610125201259648,0.7435453679527338,376,1.1114295174621258,1.0511759694276956,0.7964953825070585,0.8291073577841833,0.8225626172477526,304
2457,12,0.842309927598942,0.8423099403927939,0.8295884246801439,0.9004408514721498,0.8943626678701957,1318,0.9395886005566053,0.9395886159239251,0.8935362858724388,0.9601354614401715,0.9465651553419434,1268,0.9840486289741103,0.9594784930873421,0.8698567993169193,0.9054725091590418,0.9018881155351333,1328
2457,15,0.8933105360668525,0.8933105503517353,0.8625820622317558,0.9365655431933823,0.9272327070536185,626,0.9527595474672366,0.9527595640022649,0.8857679277822273,0.9374244217803582,0.9185424208662097,604,1.209282832779338,1.2092828481264366,1.0236850818730105,1.0203250953816094,0.9765652100043007,560
2457,16,0.8397329209710284,0.8397329333719944,0.8207667460590582,0.8986713121283892,0.8927692669594604,1390,0.8681766575995987,0.868176670977141,0.8280010805850969,0.8914524972968911,0.8795464533320964,1320,0.9487570327874882,0.948757047075891,0.8580192364756424,0.8917191276941923,0.8674763947164905,1248
2457,17,0.7325201470128493,0.7325201571405247,0.7032821339430939,0.760612882852623,0.7518332953677989,378,0.806145057197707,0.8061450660379307,0.7355085549429067,0.7688094214883971,0.7496134545444002,320,0.8453139856479854,0.8637734629474548,0.7312036299092933,0.7288036395582923,0.6848159495338251,400
2457,18,0.8432905162655672,0.8432905308650853,0.8254086916458407,0.9046398395380456,0.8990594514330441,1587,0.8993933333990101,0.8993933489542498,0.8597951052679706,0.9271661177959878,0.9153763619991919,1516,0.9967273059145263,0.9967273224706396,0.9085922174860871,0.9491832551578978,0.9252725688947755,1552
2457,20,0.7488812995366051,0.7488813127304469,0.729206627774482,0.7963345172774488,0.7902581466319571,911,0.8091533066632055,0.8091533212404727,0.7656324004436116,0.8199040945030792,0.8072063373097288,900,0.9674803678480023,0.9674803836176823,0.8578307329506025,0.8802374338851923,0.852029063794919,880
2457,21,0.7496985578378942,0.7496985673909062,0.7251652754719491,0.7883000647321674,0.7808230687668207,582,0.7882418732424973,0.7810912147423662,0.7272314250949184,0.7703905680700986,0.7616080934035655,516,1.0882958272169045,1.0882958391512063,0.9095828925138422,0.89953614545328,0.8583853879129696,432
2457,22,0.8969836428204337,0.896983657023511,0.863241994878871,0.9351396131719812,0.924959457877067,523,0.9708341524962082,0.9708341676239506,0.8958211382304695,0.9433575785215429,0.922521528353976,504,1.2135891156557967,1.213589134723582,1.0221456203227512,1.0156278895790638,0.9709121202106074,528
2457,23,0.7790386530925891,0.7790386653327631,0.7663002344613821,0.8300539447505374,0.823994549225994,1038,0.9374336206711865,0.9374336334282708,0.8780357080676352,0.933869819860961,0.9168825725005885,740,1.1079692847082196,1.1079693004169264,0.94835857404143,0.9517386843659164,0.9133209034563726,592
2457,24,0.9111081857994967,0.9111082008107912,0.8640771231457527,0.9267573538873872,0.9129734917553842,276,1.047224264056959,1.0472242820699589,0.9340082543723566,0.9620208042169464,0.9325668411893991,264,1.4253075265915784,1.4253075434982507,1.1057596701548211,1.046404492293581,0.9821374632225023,272
2457,25,0.9586581709642239,0.9586581845560088,0.9061839591334627,0.9697603393200772,0.9544806411209602,257,1.0201786698650586,1.0201786853360426,0.9119532591950574,0.9406759018710157,0.9123979634803583,268,1.3871977968913514,1.3871978199333643,0.9756702971954302,0.9994846060592,0.9357368424590116,240
966,7,0.6310557941288008,0.631055803698746,0.6074742962836461,0.6581858614050305,0.6510674620073692,373,0.7281471965520475,0.728147207405481,0.6699680817024265,0.7041899471081537,0.6881192287272723,352,1.0252525124772216,1.0252525251563596,0.8384161921126932,0.8183076032925544,0.7769772259854368,320
966,8,0.754038459007942,0.7540384706454634,0.7399340134304074,0.7984217059987896,0.7917682497792314,765,0.8212290979076661,0.8212291099934732,0.7718633411820863,0.8228537566441794,0.8086393984229319,724,0.8954206255154696,0.8803370121606843,0.7722839826900522,0.7870941272716199,0.7713035493096227,672
966,9,0.8701631760350866,0.870163188372196,0.8345739738810042,0.9019749538553199,0.8913099829058386,427,0.9443848091236464,0.9443848225130648,0.8662656313772014,0.9086763478095733,0.8872256436812904,424,1.0955303808730947,1.0955303906678246,0.9021030400678826,0.884130834711657,0.8407966867686147,368
966,11,0.6475882432198922,0.6475882525906352,0.6260221944359604,0.6802458770762307,0.6736810265781644,485,0.7009449752722277,0.7009449856441551,0.6370305311611356,0.6917707282528589,0.6781675290013918,468,1.0031464431191957,0.9526351223198476,0.7355085549429067,0.7688094214883974,0.763111397026619,320
966,12,0.6720962746705704,0.6720962859837182,0.6432712893053907,0.69423911804074,0.6856366493234344,299,0.7119208443791637,0.7119208566920184,0.6512577135668929,0.6819230027437954,0.6653530055180904,300,1.2576242881690396,1.2576243030866916,0.8983534740877451,0.9232980814355126,0.8665918793139724,240
966,13,0.7873952786324255,0.7873952886754711,0.7556502272622003,0.8170160813063718,0.8074916061432559,398,0.8384632424818959,0.8384632543695658,0.7745507018763228,0.8162600763052876,0.7984684126808295,448,1.0989442363349693,1.0479885858493099,0.8250857838024523,0.866219991917973,0.8602409199509667,416
966,15,0.866748747912938,0.8667487578260585,0.8367069705826786,0.9083020368542932,0.8991826903663381,598,0.9444887895305527,0.9444888017303644,0.8785586046978558,0.9301326129857044,0.9115299607259908,608,1.1079692847082196,1.1079693004169264,0.94835857404143,0.9517386843659164,0.9133209034563726,592
966,16,0.8105304520013221,0.8105304625429419,0.7758032123355335,0.8049182694130088,0.7898780393115687,151,0.9170852543182518,0.9170852685080773,0.754616918233706,0.8002607556229928,0.7697517950072659,140,1.0577842983151127,0.8874682187665958,0.6910187615881932,0.7236701890469077,0.7972408269725715,320
966,28,0.9095145778169315,0.9095145914040631,0.8703842832285824,0.9392564518202738,0.9275817541630678,402,0.9740956737488671,0.9740956883363558,0.8892867579552626,0.9299225292049276,0.9068478492725933,392,1.1055703641568553,1.0765151514141775,0.8803370017183278,0.8592229834571822,0.8339352888685411,336
966,30,0.736066375796796,0.7360663894917602,0.7076213798298489,0.7659974664668314,0.7574335610053148,406,0.8012852323466123,0.8012852459907639,0.7385156662083863,0.7771092185415563,0.7597132210697799,404,0.9805467826824812,0.9805468012446618,0.774352742668751,0.8135180561650108,0.7767230918295601,400
966,35,0.8337092547978042,0.8337092685517183,0.7972863923392557,0.8599675446605253,0.8491155646423136,357,0.9365784548650218,0.9145230072153292,0.8336567768686779,0.8709001000933286,0.8676344652686562,356,1.2389643882700014,1.238964400902608,0.994198725821634,0.9595052218168321,0.9071942676109389,320
966,36,0.8884349296489964,0.8884349440832954,0.8469828344618426,0.911641017987679,0.8993663968765627,332,0.9485918297408359,0.9485918447930629,0.8614254892654145,0.897673137106564,0.8741984124871021,340,1.3239153988972328,1.3239154234117063,1.0427961392404552,0.9955075762892903,0.9374113201140314,288
966,38,0.8328022563833225,0.8328022684525839,0.8133676034701477,0.8710592882151025,0.8620406092881309,539,0.8777816005617554,0.8777816141434455,0.8149579640610476,0.8617093493583297,0.8440488103921694,536,1.0120226891763986,1.0120227035247822,0.8850546106153462,0.9002562832425423,0.8684347976226833,736
966,39,0.9453817991125386,0.9453818156252451,0.9062677897559721,0.9791282717590251,0.9674185220395668,453,1.058217469214001,1.0582174833870903,0.9674803678480022,1.0126469353251617,0.9878903173324513,440,1.1689103329366752,1.1689103457549994,0.9769594030704232,0.9661684525238934,0.9219694907213377,464
966,41,0.6084322316759445,0.6084322404581456,0.5906153491108214,0.6436073841177986,0.6381387358243815,593,0.927066815777363,0.9270668259436202,0.8458348381843427,0.884130834711657,0.8620554727260602,368,0.7588786524305506,0.7318737506025087,0.6370834326463983,0.6461269051316378,0.6425955224730366,496
1243,5,0.890491099964989,0.8904911129202641,0.8531488050068244,0.9213709505780809,0.910204571356585,415,0.959441510325712,0.9594415239286034,0.8726866365874082,0.9103672086629668,0.8869304200069859,356,0.9582437056935953,0.8384779597788136,0.7246759949808529,0.7316669765695933,0.789899159746052,512
1243,6,0.8264264733963914,0.8264264878313401,0.7922340943562141,0.8559267011403398,0.8456903636372373,396,0.8619370549918564,0.8619370704453545,0.7910669880609473,0.8300922787389664,0.8106116361076414,392,1.0143767827775825,0.8983534868245348,0.7689393843579161,0.7716800143507426,0.82177913944059,480
1243,10,0.614238899189505,0.6142389124186557,0.589835089613425,0.6380013394213958,0.6306705760550572,320,0.6624278911299405,0.6624279040551091,0.6071588837444936,0.6365581360570608,0.6214047328914263,292,0.7066825782538444,0.5643015531654575,0.49626062272879673,0.5065691323328354,0.5960560247961759,448
1243,11,0.8119735845527286,0.8119735968074496,0.7838007167537677,0.8508466569662143,0.8422952715070673,559,0.8547647256408843,0.8547647377596758,0.7943525077260888,0.8404590990030844,0.8234445384121291,536,1.0732373269149738,1.0732373374866813,0.9128633272113804,0.9125486115985163,0.8743984757596679,528
1243,12,0.763095140491666,0.7630951522617756,0.7360519205863024,0.7985920197700866,0.7903960751526312,503,0.792623684089346,0.7926236963534097,0.7358948779954236,0.7781106811369994,0.7621634780406904,484,0.8244107852512923,0.8384162020577944,0.7355085549429068,0.7496134545443999,0.7130065945748132,640
1243,13,0.8345770541801147,0.8345770696336833,0.8051532909693792,0.8736783653774609,0.8647575867348114,556,0.921929064924869,0.9219290804157354,0.8551005296780475,0.9035618743238304,0.884811649095017,548,1.0235134274794264,1.023513446075785,0.8811874802674896,0.8875423301805695,0.8529090407927586,592
843,9,0.7286419181715148,0.728641931356519,0.7094096608753903,0.7746477028332663,0.7687094641161186,878,0.8027251251344619,0.8027251384681069,0.7589616142060712,0.8123356926157733,0.7995866205106364,868,0.771930416972813,0.6587925608735429,0.5894429766654152,0.6083657410656773,0.6800136292896779,704
843,10,0.8922741249552183,0.89227414006435,0.8374733212983279,0.8919665076047265,0.8762301331390003,188,1.1604344978565644,1.1604345111858692,0.997411239597103,1.0035641350635232,0.9640177415053699,164,1.3871977968913514,1.3871978199333643,1.0634156201331357,0.9994846060592,0.9357368424590116,240
843,14,0.8664926980257993,0.866492715892898,0.840726167158118,0.8910298449799199,0.879340756089967,342,1.0057184027462296,1.0057184204650451,0.9117776089225538,0.9491097385161041,0.9238919110578275,348,1.2324716784822323,1.2324717096488709,0.9377115811450307,0.9769891473255183,0.926747203418759,368
843,17,0.8149753370628379,0.8149753482719125,0.7760425590307495,0.8346224183377285,0.8231204294927167,290,0.9099116048235343,0.9099116160762691,0.8207586964940495,0.8515608843624385,0.8278599573795775,284,1.1150679494430014,0.9227272726407235,0.7545745729014238,0.736476842963299,0.8164748408498453,288
843,18,0.944653283436572,0.944653299735641,0.8979481240914975,0.9645816731341788,0.950831229215364,313,1.0514062881915835,1.0514063030983445,0.9465752657522392,0.9808811830549442,0.9531145619308783,316,1.25731000235922,1.257310010568039,1.0172783843869908,0.9865855233785574,0.9345113583113657,352
843,20,0.5904704037149353,0.5904704124981903,0.5752246864442803,0.6135393312795691,0.6065264742562886,311,0.6617687544680956,0.6454145655323767,0.585705736465237,0.6100788300581329,0.6076866404839939,228,1.0836559833495856,0.7621080978558781,0.5884068439543254,0.6150475371907179,0.7799860282412241,256
843,21,0.6201832556828949,0.6201832647896067,0.585076621818121,0.6252900203510453,0.6151072413108548,155,0.7748298714006804,0.7748298823861612,0.6887376634672713,0.707861862433893,0.6856078957661033,184,0.9359406462838954,0.7398388380432517,0.5390120844526473,0.5996907636355199,0.6926843092612653,256
843,24,0.7504512588575455,0.750451270095866,0.7166669833416914,0.7722778006073482,0.7622396908054333,302,0.7809409819536498,0.7809409949254495,0.7352153993791439,0.7436899731134045,0.7249558271752885,304,1.0478986251829607,1.0478986345518322,0.8628811687605833,0.8456903636372367,0.8042403090830227,352
843,25,0.9556931954745626,0.9556932139414159,0.9007222695981326,0.9620039333319801,0.9460897653448963,231,1.0554331285614569,1.0554331457647441,0.9358153450370208,0.960259018783846,0.9294862514126389,240,1.341465907380309,1.341465923292471,0.9582437056935948,0.9848512868645469,0.9243646712682373,256
2159,3,0.8770047987441904,0.8770048164621133,0.8553611658861598,0.935159255649397,0.9284528821870452,1212,0.9325810370028782,0.932581053093652,0.8864727487037468,0.9522547507938058,0.9386800313979157,1236,1.000157718336131,1.000157733636648,0.8810489210249461,0.9003156400987963,0.8700507179618209,816
2159,4,0.8517370673289464,0.8517370831002608,0.8364367978182816,0.9036450831342465,0.8964085322648584,938,0.9014888558893362,0.9014888726987964,0.8513751151681885,0.9105520841105306,0.8959856170343087,936,1.0947196532163326,1.0947196742003724,0.9510094352898772,0.9632823632496837,0.927715662375355,720
2159,5,0.7752364827381247,0.7354839288771603,0.7119143635710625,0.7742683884407521,0.8071657341257726,596,1.0245684249926355,1.024568439518891,0.9398164868714921,0.9858281131896314,0.9625561228617774,460,1.1930384709859612,1.1930384964116405,0.9163139266239868,0.9566889923670858,0.9089717818848713,384
2159,6,0.8964874381699723,0.8964874535901921,0.8633176109538729,0.9042439093547884,0.8895781037431458,226,1.0795877816079782,1.0795877920301573,0.9498898157053113,0.9699286751991334,0.9370473344976586,216,1.2576242881690394,1.2576243030866916,0.9756702971954302,0.9232980814355126,0.8665918793139722,240
2159,11,0.9337115035402663,0.9337115177582034,0.8789877767744121,0.9380610815527963,0.9222544360539024,217,1.0595954152819045,1.0595954255110804,0.9322992635626204,0.9519670330658162,0.9196946060810354,212,1.4253075265915784,1.4253075434982507,1.1057596701548211,1.046404492293581,0.9821374632225023,272
2159,14,0.9374357953809925,0.9374358110518265,0.898932123680056,0.9714104786803482,0.9598762832301698,456,1.0067498436884155,1.0067498579620406,0.9234718523172052,0.9686832764385073,0.9458160163772247,452,1.2724761530825304,1.2724761735177368,1.0328891308324937,1.0036562752124316,0.9513708876255563,368
236,3,0.7692527969925823,0.7692528087907613,0.7438465681665185,0.8084337176796026,0.8006955067718969,586,0.8287055774337443,0.8287055901784984,0.7734664767705514,0.8207164759666736,0.8050271813412085,588,0.980009472567823,0.9432877047511652,0.7761774016118119,0.8231253486407925,0.818414358582334,576
236,8,0.9183778892491212,0.9183779051327038,0.8779438146139965,0.9467369065621297,0.9346982904846631,387,0.9805467826824812,0.9805468012446618,0.8957167302196745,0.9370168181804999,0.9139094421397986,400,1.3278012032165531,1.3278012245402473,1.0777973539121675,1.0472935045694944,0.9927348392614498,384
1742,4,0.9193548952202115,0.9193549110964504,0.8898929544638282,0.9678354855509398,0.9588438360378553,745,0.9523634850031959,0.9523635029264512,0.8909286532555741,0.9468074510953237,0.9292797159438192,724,1.070392549811525,1.0703925703292527,0.9298758922834354,0.9418760885108017,0.9070997587670137,704
1742,6,0.8822613800570136,0.8822613966871402,0.840053084358986,0.9034201915026558,0.8909523034083849,313,0.9956925618312447,0.9956925805062536,0.8971355558430814,0.9301326129857042,0.9039875916879588,304,1.0765151381010827,1.0765151514141775,0.8803370017183278,0.8592229834571822,0.8158260872847087,336
1742,11,0.9209946772362775,0.9209946918195515,0.88634981118538,0.9601720311153995,0.9497193668833367,537,1.0234237126011188,1.0234237300278073,0.9432526825829883,0.9925454375431758,0.9703267873069465,516,1.209282832779338,1.2092828481264366,1.0236850818730105,1.0203250953816094,0.9765652100043007,560
1742,12,0.6953114883183811,0.6953114998678345,0.6738591106324007,0.7335017292692714,0.726938451341592,609,0.7860151801056499,0.7860151894291822,0.7354100870118611,0.7816051271753683,0.7671633780867702,600,0.7774846808907726,0.7774846942640604,0.6669508910531017,0.7142275667671265,0.6923602305800085,784
1742,13,0.8862365664555995,0.8862365822954577,0.8551850116486536,0.9281122586500895,0.9186937200941294,598,0.9128633272113804,0.9128633437973218,0.8686624289803863,0.893168090430777,0.8743984757596679,528,0.9917822353928708,0.9917822494542865,0.8240593918021004,0.812049400873424,0.7738462059523448,368
1742,15,0.8679117239774867,0.8679117397466962,0.8351360073926819,0.9045980946441592,0.8947123731378939,502,0.9929279952982467,0.9929280100983833,0.9135928386851271,0.9602590187838463,0.9383444028099167,480,1.0789583326647456,1.0789583510370682,0.9194716877439888,0.9202337901408006,0.8821602487297173,544
1742,17,0.9239826221470268,0.9239826392560867,0.895383710537042,0.9745647889743905,0.9658168357447993,804,0.9835649199677517,0.9835649361419925,0.9215317559981849,0.9803366177261472,0.9625848567621041,784,1.1559981640761263,1.1559981832778037,1.0076813214971334,1.022884504115693,0.9859403646258525,800
1742,18,0.8353900191506964,0.8353900304435289,0.8040872497683242,0.8711484169971608,0.8617012459303526,491,0.8642225520579154,0.8642225656364902,0.7916739990398257,0.8297026487184985,0.8098331538579325,376,1.2801537005750372,1.280153718724962,1.0181287778766264,0.9774613515109412,0.9223586715476029,304
1742,22,0.8700239219117611,0.8700239347662038,0.8404560387920061,0.9128099034118813,0.9038219050990336,625,0.9443532166769276,0.9443532265838823,0.9019924652340074,0.9327999519769885,0.9145837207119919,640,1.0687636302582568,1.068763644063307,0.9271007852585531,0.9382004311768386,0.9032371119050311,688
1742,26,0.949576397497458,0.9495764115957588,0.9135173033835837,0.9893509407003818,0.9784796123342202,543,1.0313572297530653,1.0313572473148445,0.9505647188820813,1.0002395882218051,0.9778487003868453,520,1.2898320915163313,1.2898321056606892,1.0780241689052945,1.0661169131298134,1.0173456449338898,512
67,4,0.8746981560193908,0.8746981691183603,0.8353204574048854,0.9001383636218098,0.8884383151109685,352,0.9119085078947073,0.9119085251575353,0.859696539136368,0.8714256409078648,0.8499357811900127,372,1.1211451356615063,1.1211451515570197,0.9315453994284615,0.9179688879438707,0.8747826675983029,416
67,5,0.7511525693818827,0.7511525832265168,0.7329254507374319,0.7837246392528382,0.775294103766501,449,0.8360178722598544,0.8360178869888744,0.7726453081764263,0.8144986828270118,0.7968416244143788,452,0.9233619871966153,0.9432711667053002,0.8001063651376854,0.7984684126808295,0.7507802436540896,448
67,7,0.8476551437669696,0.8476551598734415,0.8243867141143372,0.8769673456149176,0.8663257523733869,394,0.9492277925055517,0.9492278089226912,0.8683436180891905,0.9092306703250601,0.8871373406907873,400,1.137434267911678,1.1374342894438076,0.9528670198119416,0.9436809451514129,0.9009987865222898,464
67,9,0.9177104190299278,0.9177104341499999,0.870338551574345,0.9334729868865713,0.9195892416956406,278,0.9925613895068652,0.9925614073883131,0.924353758861674,0.9198266950164486,0.892867222604507,276,1.2073870691739297,1.207387086292175,1.0032027378460353,0.9885818793241684,0.9420736420289415,448
67,12,0.8425942173710428,0.8425942313669323,0.8040483617996345,0.8659905557969209,0.8545549390450693,328,0.8734208350797399,0.873420849587674,0.7961890565599732,0.8317585225610444,0.8108058593407832,340,1.0479885743570192,1.0479885858493099,0.8758946372355518,0.8662199919179734,0.8265933365087856,416
67,13,0.971365188174066,0.9713652038833311,0.9171463726823239,0.9807359913930244,0.9649837665512595,250,1.10820478498953,1.1082048030529816,0.982606112288872,1.0082719697230385,0.9759605639832709,252,1.2171511029485071,1.2171511224952265,0.98798090775282,0.9600190458553693,0.9100069359896625,352
67,14,0.9357557714873966,0.9357557884303901,0.8942334585914733,0.9640658945826042,0.9517121138286545,388,0.9682123483556626,0.9682123651011451,0.8857104904509743,0.9274152837315612,0.904880087504603,408,0.9864517666782943,0.986451784057669,0.8292225139058317,0.8837645981019595,0.8534408620487139,768
67,16,0.8785351017162912,0.8785351122447719,0.835163957864237,0.897185840359484,0.8844149991814833,292,0.9508959010069847,0.9508959111076648,0.8593125987064043,0.8926307646684987,0.8681971894779243,308,1.0780241689052945,1.078024184189442,0.8422063819572613,0.8826623922537218,0.8411371803829836,400
67,17,0.9511783012366303,0.9511783162771683,0.8933870686662608,0.9519666836010148,0.9353487119975431,205,1.0393795896434304,1.0393796055439677,0.9155998591043558,0.9356221357889449,0.9041703539603237,212,1.1065010026804611,1.1065010204502062,0.8384161921126932,0.8727445871412453,0.8272790327178752,320
67,20,0.9232213903254683,0.923221408836626,0.887049699641051,0.9598623770907178,0.9489842432161799,495,1.0032203312439434,1.0032203518614855,0.9250799854890008,0.9737344960043085,0.9520582432688897,512,1.117154437020897,1.1171544674382576,0.8991166535678456,0.9486633468613208,0.9088309720244218,544
67,21,0.8390561653209141,0.8390561829561463,0.8065009030894965,0.8729377610663629,0.8631395259183887,459,0.9152995350400618,0.91529955198834,0.8425921046170983,0.8859263958585755,0.865822861595238,448,1.044335913627004,1.0443359345665824,0.885832047116723,0.8840185997537752,0.8465068071111224,496
67,22,0.9397473005145789,0.9397473155297213,0.9014268946255333,0.9743116371666524,0.9628253090895548,464,1.00197720430288,1.0019772170190475,0.9202879896258123,0.9661684525238934,0.9436809451514129,464,1.1747318946999283,1.1747319096085387,0.994436936676639,0.9911729497992783,0.9486633468613208,544
67,24,0.879918315354809,0.8799183318217106,0.8422983492329622,0.9091224157717628,0.8978920702047734,394,0.9554268678719678,0.9554268880749064,0.8745190344708708,0.9160437487991817,0.8939192639274396,408,1.10326283241436,1.1032628497487107,0.929223291202501,0.9232980814355124,0.8826473820096425,480
67,25,0.7611344513517532,0.7611344628391835,0.7347255377083619,0.7975736104656465,0.7895576427007217,524,0.8547647256408843,0.8547647377596758,0.7943525077260888,0.8404590990030844,0.8234445384121291,536,1.137914400511144,1.1379144166444108,0.9739898868533604,0.977461351510941,0.9380052521984364,608
67,26,0.8729491958663751,0.8729492127343669,0.8227376575117142,0.8787135494937134,0.864177231548801,211,0.9598303954549716,0.9598304140017684,0.8540425162998861,0.8783237545880963,0.8509260778879386,232,1.2127771900184563,1.212777207213122,0.964543052725225,0.9260160172208917,0.8738134783082554,288
67,27,0.7351725894137235,0.7351726020592135,0.7168682474957537,0.7657654779806868,0.757318166298796,417,0.8064243192595055,0.8064243334671443,0.7452950317808005,0.7856668710455246,0.768634841249268,436,1.02971197692007,1.0297119930987968,0.867275071789001,0.8617448760064783,0.8238042232090002,448
67,29,0.6502701442912835,0.650270155984219,0.6285928889070242,0.6830228906162344,0.6764246459845795,486,0.7167188617271982,0.7167188736322383,0.6683749847212825,0.7088023835517935,0.6950943460167108,496,0.8323186781348109,0.8323186919600186,0.7255305514779361,0.736476842963299,0.7098770625306138,576
67,30,0.6786702823692347,0.6786702968784809,0.6545043327146847,0.7100302924676136,0.7027089098169439,443,0.7256115758856438,0.7256115884785462,0.6745914681785176,0.713932506653915,0.6995521748318817,460,0.80673764044488,0.792614387426679,0.691865782662286,0.7029103418571745,0.6883199233189509,560
289,7,0.9666676130115973,0.9666676263269423,0.9226542886532378,0.9938862746304504,0.9808227534408851,380,0.9864517666782945,0.9864517830637258,0.899225287408911,0.9393978607748263,0.9157336764319434,384,1.230303014972666,1.2303030301876314,1.0060994305352318,0.9819691239510653,0.9323726711825242,384
289,8,0.698074624058662,0.6980746327657917,0.6786223566251509,0.7402556208806279,0.7342675805707162,753,0.7406587601761925,0.7406587703063172,0.699147689633241,0.7475003965056733,0.7354459140892752,756,0.8803370017183278,0.8803370121606843,0.7722839826900522,0.7870941272716199,0.7598536984992535,672
289,13,0.9205470355399236,0.9205470504959445,0.8775966718520296,0.9445918981559079,0.9318736160407753,344,1.0424309888663899,1.0424310091223656,0.9434272326101268,0.9809500712283037,0.9544614846931462,348,1.2324716784822323,1.2324717096488709,1.0035643198967392,0.9769891473255188,0.926747203418759,368
289,14,0.9639315325710646,0.9639315516064587,0.9174227791266445,0.9863393032256536,0.9726127340790446,336,1.0460654464067178,1.0460654621605978,0.9460212094475031,0.983177499765391,0.9564483326361305,344,1.0635183109500363,1.0635183296871742,0.8781341796813207,0.8620554727260595,0.8203146939220358,368
289,21,0.8068499051418784,0.8068499161056033,0.7797545416614231,0.8471255971450626,0.8388823375979375,594,0.8690282080857076,0.869028216187914,0.8105304520013221,0.8596408806048952,0.8430488970814134,604,0.7815092562802715,0.7579857545082013,0.6473226453305643,0.6924735610766345,0.6892197054110065,720
289,26,0.8946471944364823,0.8946472099096364,0.8552579279314643,0.9222734206044523,0.9105458798778242,377,0.9761762274420623,0.976176243656812,0.8898583573317348,0.9296124663917557,0.9061947839691107,380,1.2022380906391716,1.202238111820284,0.9926734205093192,0.9744974909077204,0.9273122626944753,416
289,29,0.9434986871408368,0.9434986996552479,0.895054546442065,0.9601696991172589,0.9459635894061934,289,1.0506317644878964,1.0506317804207006,0.9391757445441636,0.9687557795388074,0.9396337235842498,276,1.4253075265915784,1.4253075434982507,1.1057596701548211,1.0464044922935811,0.9821374632225023,272
289,30,0.8334818243521087,0.8334818361691526,0.7993928695956223,0.8639525904609504,0.8537371967411898,409,0.9432815955333341,0.9432816095934641,0.8679131967508708,0.912246067844654,0.8914271826694209,456,1.0181339372994451,1.018133951734473,0.8271215157634514,0.8745706829308418,0.8392678572301803,544
289,31,0.9053123553782295,0.9053123700192647,0.8547804193399259,0.9140459439782985,0.8993648704257736,233,0.9769594030704232,0.9769594169216816,0.8684083582848204,0.8925214787209956,0.8644621294442172,232,1.2621770149845961,1.2217519113855724,0.9582437056935948,0.9125353287780906,0.8809535232931291,256
289,32,0.9369669256743713,0.9369669400081888,0.8973822817183037,0.9689255759794261,0.9570963416609516,430,0.9938661960620385,0.993866213880868,0.9121486699070107,0.9571472193622776,0.9346848457159539,452,1.2092175857965604,1.2092175990568959,1.0106476583487134,0.9994846060592,0.9537615421255217,480
289,33,0.9446532834365724,0.944653299735641,0.8979481240914975,0.9645816731341788,0.9508312292153644,313,1.0788384776134494,1.078838494938951,1.0060690313827383,1.0031840186559657,0.9742924578035672,312,1.2801537005750372,1.280153718724962,1.0181287778766264,0.9774613515109412,0.9223586715476029,304
289,34,0.8813067465910411,0.8813067580769041,0.8432702331069339,0.9099088435135977,0.8985636745209579,387,0.9898647821182774,0.9898647945360296,0.9017664028802741,0.9416631825681717,0.9177916030598754,380,1.1431621365632298,1.1431621467838171,1.0060994305352318,0.9225713057860768,0.8773530644542067,384
289,35,0.9032915862704788,0.9032916027561746,0.8518576426668747,0.9101906399164856,0.8952824520990118,223,1.0786014609507297,1.078601477451287,0.9501507971837655,0.9709286314790938,0.9382899899588265,220,1.2576242881690396,1.2576243030866916,0.9756702971954302,0.9232980814355126,0.8665918793139724,240
289,36,0.8222684349558239,0.8222684514428128,0.7833951295052977,0.8428277910840886,0.8313315449366367,299,0.8885521774802586,0.8885521969055183,0.8061189584045957,0.8395072735990934,0.8173487626965885,312,1.043908662112716,1.0439086843601855,0.8017746857959885,0.8371028683212001,0.7953503091492624,336
289,37,0.9541819802977302,0.9541819946253799,0.9091369508380847,0.978156238413373,0.9648329188568067,348,1.082556101513929,1.0825561178173628,0.979021949311951,1.0174743892920908,0.9898128093559956,356,1.2724761530825304,1.2724761735177368,1.0328891308324937,1.003656275212432,0.9513708876255563,368
397,1,0.9432815955333343,0.9432816095934641,0.9044209553219188,0.9772556948140693,0.9656175487371653,456,1.0114567482047296,1.0114567663389367,0.9282928941531526,0.9740878781120522,0.9512279403303956,460,1.1768136879086513,1.176813706398625,0.9911715106160012,0.9848512868645466,0.9414905408102858,512
397,2,0.9109202334606171,0.9109202463755774,0.8736640897536506,0.9442220242935083,0.9330575230887813,447,1.0156591343405255,1.0156591487404658,0.9316441695943486,0.9772556948140693,0.9541860696195009,456,1.111712424183585,1.111712446474104,0.9429825017694149,0.9410520578024059,0.9011201495053884,528
397,3,0.9690349295560667,0.9690349464423494,0.9185531380021443,0.9848512868645466,0.9700707009433055,288,1.0788710755509408,1.0788710949872968,0.9673740686372483,0.9998116250178792,0.9705078506570729,300,1.347530211131618,1.3475302302368022,1.0717145030280277,1.0289066858009908,0.9709038647869503,320
397,4,0.8795553888653868,0.8795554029905209,0.8525657465707003,0.9281358611957837,0.9198756316954467,779,0.9484376013974749,0.9484376169940643,0.8886199075696785,0.9453245956644992,0.9282068261634571,756,1.0106476583487134,1.0106476726776017,0.8983534740877451,0.9232980814355126,0.8942711683905694,960
397,5,0.9439026455100639,0.9439026603405638,0.8899313064548574,0.9507097776801152,0.9350738944100953,231,1.0865638889524338,1.0865639031680412,0.9598303954549716,0.9825582074869398,0.9501853920347008,232,1.1379144005111441,1.1379144233270286,0.9163080062800583,0.8861599543781389,0.8384971889263223,304
397,6,0.8675713953988353,0.8675714107819933,0.8499305317374776,0.9146806326754479,0.9064068242889134,743,0.9582681494389734,0.9582681658532457,0.8954394731054794,0.9508826637833505,0.932996872628197,704,0.9193856936786335,0.9193857107025738,0.813058580996192,0.8329038383826665,0.805685931796863,800
397,8,0.85941604352156,0.8594160578763158,0.828572902711193,0.898686878761627,0.8893479666650166,552,0.9323701232068872,0.9323701358107002,0.8644242251855061,0.9131612841829965,0.8941130402420827,548,1.0480974335065731,1.048097449723517,0.9058449937260661,0.9145837207119917,0.8797163371511606,640
397,9,0.8829576186757374,0.8829576341379511,0.857078752917034,0.9339615305620093,0.9260187922010631,859,0.8997964916542553,0.8997965077016186,0.847285783820572,0.9043901386217924,0.8892147861660847,844,1.030362308489377,1.0303623219696942,0.9101839956900594,0.9317362312376151,0.9010378717570439,880
397,10,0.9363231305534201,0.936323144122942,0.9028443202589834,0.9793356746908197,0.9691959354890672,606,0.9589675356563995,0.9589675510568451,0.8923669686768558,0.9449913689884337,0.9261855682259545,624,1.1465174146811832,1.1465174413520407,0.9677160454584667,0.9628048742270477,0.9208762289454642,512
397,11,0.92755904365323,0.9275590585492742,0.9025820133799126,0.9852114602797086,0.9775078815575601,1073,0.9608748255475416,0.9608748405592236,0.9089891600283555,0.9732750679370842,0.9581434883721245,1060,1.081084859110734,1.0810848755053586,0.9663982298932698,0.9968356572065991,0.9668694836881411,1136
397,13,0.9854495165958939,0.9854495316714033,0.9239826221470268,0.9834321354986464,0.9658168357447996,201,1.1568326904292363,1.1568327025652556,1.0070028451507587,1.0212973661758147,0.9840744786000445,196,1.3871977968913514,1.3871978199333643,1.0634156201331357,0.9994846060592,0.9357368424590116,240
397,14,0.946265659372425,0.9462656783456344,0.9044129587843398,0.9751400942102854,0.9626843083739294,395,1.0309775097979246,1.0309775286660934,0.9383670228918021,0.9793013246109536,0.9542510922349638,388,1.2924583435681247,1.2924583711126107,1.0600217873813393,1.036413075064343,0.9847194303752773,416
397,15,0.827171855047578,0.8271718665348355,0.7997865018186374,0.8691813794873818,0.8608417443949918,627,0.8537508526465768,0.8537508626253769,0.7948808599874689,0.8420548069603404,0.8254145711735892,564,1.0387885383446203,1.0387885492422704,0.9042474527884363,0.9170833492190987,0.883658715477591,704
429,3,0.8042011244744014,0.8042011380739406,0.7730349058858733,0.8367420900340415,0.8273610347069481,441,0.8885539210180258,0.8885539361481738,0.8189480654984085,0.8617448760064783,0.8424542649486674,448,1.1642661024177179,1.164266118924597,0.9673740686372483,0.9532753836340194,0.9084281548136222,432
429,4,0.8061716615877629,0.8061716769234469,0.7838251015802447,0.8551017969371328,0.8482207307985569,879,0.8493047736069498,0.8493047885700593,0.8025512985463257,0.8586658803249064,0.8450608163378603,900,0.9202879896258124,0.9202880054554186,0.8207951326302527,0.8454122218876194,0.8195284361967446,928
429,5,0.5287745475509976,0.5287745572282284,0.4959034014395803,0.5427380401284619,0.5354549597635245,199,0.5749462234161569,0.5620158165146508,0.49903469896807684,0.5388492639995185,0.5369133469268691,240,1.341465907380309,0.7398388380432517,0.5732587073405916,0.5996907636355199,0.9243646712682373,256
429,6,0.7040157837748862,0.7040157937563701,0.6725721719377245,0.7249448299614505,0.7155953031953353,288,0.7852403900628623,0.7852404018221645,0.7168740191680179,0.7496314266039723,0.7310304091074987,316,0.9079339427531058,0.8867595726417237,0.7411416161223898,0.7329553777767462,0.7134476640571369,352
429,7,0.7674020587753659,0.7674020693853115,0.7367717593689556,0.7968325439408435,0.7876348808615036,396,0.8378602484256842,0.8378602590590312,0.7695511637388257,0.8079167232311869,0.7891125144800607,388,1.0478986251829607,1.0478986345518322,0.8628811687605833,0.8456903636372367,0.8042403090830227,352
429,8,0.7725764623946602,0.7725764768301128,0.7541250589072139,0.806896172605077,0.7983503282389629,477,0.8108136443330503,0.8108136566290189,0.7659984636411677,0.8194270472740173,0.8063920677899337,852,1.1401809566205188,1.1401809710906403,0.9651887914802673,0.9620208042169461,0.9207614837183408,528
429,11,0.9375171187212212,0.9375171341676258,0.8891228368601224,0.9536198858841233,0.9394364915164098,284,1.0501011802029157,1.0501011991209688,0.9415774268069216,0.9731499816840689,0.9446276413062176,292,1.27247615308253,1.2724761735177368,1.0328891308324937,1.0036562752124316,0.951370887625556,368
429,12,0.71057220786621,0.7105722186420197,0.6840193148502183,0.7411208090887744,0.7331054531986463,420,0.7402350156331066,0.7402350280710285,0.6865770676247097,0.7254876363184042,0.7104327109522034,440,1.0238296125809911,0.8983244014653531,0.7604517751056651,0.7579557851406246,0.8105050700818199,416
429,13,0.5097628133486485,0.5097628204690781,0.501778338536994,0.5441357990898765,0.5403284763789292,741,0.5026226891653819,0.5026226956576793,0.4788125808579605,0.5151026896995934,0.5080625803603218,728,0.6303624387784653,0.5814306316127998,0.5230327232033589,0.541702967863631,0.5659632995627405,688
429,14,0.7958989885690544,0.7958990034967751,0.7549696574208035,0.8098474162644818,0.7978470014316348,243,0.851579164724091,0.8515791806961379,0.7672869885500038,0.7955081558430365,0.773147282364702,260,0.9941987258216345,0.9941987470097005,0.8154013749087224,0.7972408269725715,0.7574764849040594,320
429,18,0.6341873937144441,0.6341874061094068,0.6084804095096035,0.6577922909081657,0.6500829072721075,317,0.6946748944713527,0.6946749094984397,0.6378990989324577,0.6696042593821054,0.6539816117852152,320,0.998657552908669,0.9247985475540647,0.7635949388533224,0.7496134545443999,0.7602861103654905,320
429,19,0.8973822817183037,0.8973822973926168,0.860254193366596,0.9294153572988537,0.9183001423333635,430,1.0060994305352318,1.0060994424693532,0.9211186833996168,0.9650061329246032,0.9417572423857888,432,1.1766561392189778,1.176656161493594,0.9857245032537325,0.9762216673980125,0.9320677101954725,480
429,21,0.9203225882423529,0.9203226046914369,0.8880767428659095,0.9638088839827853,0.9540280939439033,621,0.9603366138181078,0.9603366309823689,0.8947788532394708,0.9483486562419957,0.9297912545677937,648,1.017278384386991,1.0172784012844671,0.8867595629174773,0.9001383636218098,0.8676275208707501,704
429,22,0.93115383055772,0.931153845187912,0.8986464209117713,0.9753677301820048,0.9655050262601957,633,0.9950992328356564,0.9950992469441001,0.9247685910841034,0.9784449212274713,0.958636925315613,624,1.1741605384881053,1.1741605584815153,1.000601542544929,1.0014308892708712,0.9599979177352803,592
429,23,0.9278701671741767,0.9278701832219307,0.8870181692870094,0.9565223009452012,0.9443592547273986,391,1.041606143919553,1.0416061629822386,0.9480409097257382,0.9893972145553964,0.9640887323610975,392,1.2073870691739297,1.207387086292175,1.0032027378460353,0.9885818793241684,0.9420736420289415,448
429,25,0.6784813484318618,0.6784813592725358,0.6603996961246026,0.7034362035578202,0.695143272726295,335,0.767598902833014,0.767598915417112,0.7053892954058975,0.7408128137767136,0.7236701890469082,360,1.0197686539897803,1.0197686732944482,0.8053268523755011,0.8460587784116116,0.8077920155027426,416
429,26,0.6400791754149793,0.640079182434117,0.6167138971112325,0.6686077574209931,0.6615420252201635,397,0.6888747424254535,0.6888747508468648,0.6393116904375997,0.6758045759511205,0.6618827843564502,416,0.9959240077443825,0.8684849462452964,0.6887376634672713,0.7242582791537115,0.7765511505484197,368
429,27,0.6248263793568041,0.6248263878189841,0.602283838519267,0.6531611335069999,0.6463382080948658,397,0.6358843776234955,0.6358843853971059,0.5751343386849047,0.6238196085702651,0.6109687240213386,384,0.9752381644792985,0.6288474407771745,0.5108691715009552,0.5401760100455203,0.7516786856976168,336
429,29,0.8153840088519837,0.8153840212681085,0.7909485692354351,0.8614960601329946,0.8540064960376808,758,0.8619370549918565,0.8619370690412078,0.8108911961602345,0.8650091444086472,0.850283692414542,784,0.9413249113751821,0.9413249257756687,0.8292225139058317,0.8473558965635728,0.8188712639640667,768
1671,1,0.8224039125701088,0.8224039274607293,0.7859113643806505,0.8472847166305874,0.836427399009204,341,0.9045174113382337,0.9045174248837591,0.8257662752441725,0.8634994914045756,0.8420730028959795,364,1.2576948637228433,1.2576948889404003,1.0127614806253276,0.9794399495758378,0.9267600509185665,336
1671,2,0.6253904625572283,0.6253904742684799,0.6062858582180758,0.6600904725516745,0.6542418209275006,559,0.69492467086457,0.6949246847982377,0.6535157751776748,0.6969488737788803,0.6850125498833373,624,0.924798531260901,0.9247985466222429,0.8061450571977067,0.8183076032925543,0.788752291700682,640
1671,7,0.924429929382681,0.9244299471025366,0.8960573053204408,0.948197868531689,0.9353699698651343,342,0.9618815953393657,0.9618816141074187,0.8816279681769358,0.9243172934527187,0.902313721732756,424,1.0236850818730105,1.0236851033887624,0.8777531377292961,0.8818420407082364,0.8466012938626695,560
1671,8,0.6778168258294275,0.6778168375747069,0.650919463584406,0.7040978480428594,0.6960172371626627,354,0.7536841294349325,0.7536841422685403,0.6946434484138286,0.7309443144697807,0.7145817425903871,380,0.8774443558911519,0.8774443743332248,0.7144763353520185,0.7558646063213457,0.725658251882288,480
60,3,0.3890323645991742,0.379066351379441,0.36787002329753127,0.40080445996755476,0.4075047558996361,363,0.4236721283965111,0.37863906492067606,0.3498261862919203,0.3814366585255898,0.41707680485837445,372,0.763953036691575,0.5213980720437461,0.4041740077170628,0.44967344206318477,0.5976157090900687,288
60,5,0.6639307038171585,0.663930715328133,0.6527539136807589,0.7065039485684429,0.7011964761900977,834,0.721562604845135,0.7215626161180585,0.7098120373809725,0.7308744849791688,0.7195115252303879,796,0.84871191276674,0.8487119280566735,0.7903894459831705,0.7865184783473981,0.7634661758502307,944
60,7,0.8358491676323329,0.8358491833420769,0.8022087915840449,0.8673985870259973,0.8573040045434721,424,0.867472573415979,0.8674725908093385,0.7748838104960815,0.8379235978499611,0.8186453236577395,412,1.2073870691739297,1.207387086292175,1.0032027378460353,0.9885818793241684,0.9420736420289415,448
60,8,0.8365131137411509,0.8365131287706373,0.8105304520013219,0.8571805851958629,0.8454485596631351,302,1.0261362252816253,1.0261362369106315,0.9212112180809041,0.9528503932506857,0.9252094305666756,292,1.3009126076835016,1.3009126209477384,1.0439086621127158,1.0074804829076738,0.9525539809914859,336
60,9,0.7482251122533038,0.7482251262868631,0.7222367642246525,0.7839961824608856,0.7761084647080785,514,0.8421702075956842,0.8421702211204345,0.7836812481328799,0.8298962663552272,0.813380915685614,548,0.994436936676639,0.9944369575776549,0.8526744766513162,0.8566465538308583,0.8224126854665933,544
60,10,0.7973926585836282,0.7973926681992011,0.7654720227122663,0.8278035125838289,0.8182207055887358,409,0.8810489210249463,0.8810489322064039,0.809218749498559,0.84956191515032,0.8297884172883113,408,1.0279684327953647,1.0279684380810237,0.8684083582848204,0.8644621294442169,0.8269851417051448,464
60,15,0.7851172928109209,0.7851173041717393,0.7589712377904015,0.8247104654037604,0.8167514301607438,588,0.8617223102176964,0.8617223192577925,0.8030180033682294,0.851179956179002,0.8345576451496926,584,0.9913359153009259,0.9913359241640914,0.8554386414163334,0.8628399555787144,0.8296287355683326,592
2466,3,0.4147170685697685,0.4147170742900322,0.40875500578338936,0.4441924354614338,0.44133648292617517,717,0.4807808620325553,0.4807808688490309,0.4571313547134129,0.4911415773393097,0.4841752948126437,644,0.779846120864184,0.6213742116647135,0.5390120844526473,0.5454653669632783,0.639163977441289,400
2466,4,0.6191166970978194,0.6191167048888279,0.6049499435392481,0.6622306519672337,0.6578248067510118,998,0.7123271476874566,0.7123271590551694,0.6766678705474743,0.7265605754810961,0.716075628273528,920,0.7563937421357109,0.7563937544647333,0.643819989762884,0.688185630128423,0.6661318135123913,688
2466,5,0.6569409015503451,0.656940913454481,0.6342623941277061,0.6886027532714306,0.6817165950972577,457,0.6998585602349371,0.6998585719944269,0.6491274093906346,0.6859155834283093,0.6716818358093559,416,0.948661268636659,0.9486612820867087,0.7882307225933134,0.776742905183275,0.7402007187370254,352
1588,6,0.5749705206190293,0.5749705294374633,0.5559808820084218,0.6042559186751979,0.5984720682015204,438,0.560572567830753,0.5308497561836263,0.47808056071288946,0.5318999421401601,0.550177440264036,468,0.8637734519852415,0.7486279056871125,0.5779990820380632,0.6430666786256194,0.6975465785745006,400
1588,11,0.7142967917194507,0.7142968012862859,0.6826438775563853,0.7359841190072289,0.7265655329430301,297,0.9739898868533605,0.9739898988985415,0.8785586046978557,0.91152996072599,0.8861599543781392,304,1.3871977968913514,1.1032628528430883,0.8037858772710208,0.8295896469077418,0.9357368424590116,240
1588,12,0.9201200738530857,0.9201200908119915,0.8859238488884795,0.9600190458553697,0.949692109290814,550,0.9932953844908954,0.9932953992382891,0.9199652633965762,0.9711727967692058,0.9506561560581359,568,1.2135891156557967,1.213589134723582,1.0221456203227512,1.0156278895790638,0.9709121202106074,528
1588,13,0.9118513518232483,0.9118513678883077,0.8886077604679933,0.9483040711410576,0.937599817441649,493,0.9862442184088464,0.9862442337767117,0.9100405213769848,0.9583315083393453,0.9371647272167375,512,1.1747318946999283,1.1747319096085387,0.994436936676639,0.991172949799278,0.9486633468613208,544
1588,15,0.783131004701411,0.7831310177736696,0.766860774182252,0.8246875818531988,0.8170685659343361,642,0.8940507489347008,0.8940507656398788,0.8303961920332068,0.8782675407806739,0.8603593987993556,552,1.1431621365632298,1.1431621467838171,0.9413249113751818,0.9225713057860766,0.8773530644542067,384
1588,17,0.8807593335763331,0.8807593493887446,0.8536465995896226,0.9292479438220193,0.9209517125700436,775,0.9615028902807427,0.9615029076645688,0.9018022523257165,0.9600190458553698,0.9428997816538315,792,0.9487570327874882,0.9487570509736559,0.8242081772512269,0.8348447148163922,0.8040202407253076,624
1725,1,0.7334151329406585,0.7334151441991944,0.701020121227399,0.7558733626685397,0.746231096967474,307,0.7827795703497474,0.7827795843840466,0.7184179789533094,0.7538593143649798,0.7361677103426546,356,0.927066815777363,0.9270668259436202,0.7748298714006804,0.7662715313120533,0.7312171822962333,368
1725,5,0.9116383546964845,0.9116383712028028,0.8711862045040643,0.9392188354438776,0.927183451101112,378,0.9511303792020066,0.9511303972073218,0.8688452283130841,0.9089063136350848,0.8864921588756046,388,1.242748407277043,1.2427484337621257,1.0192517186359031,0.9965510337157144,0.9468456061300743,400
1904,4,0.8351825036495387,0.835182518476265,0.8150499409774011,0.8717682327060767,0.8624511016060472,506,0.943271147792133,0.9432711611657617,0.8713695396108632,0.918292585843449,0.8982769642659332,504,1.0789583326647454,1.0789583510370682,0.9194716877439888,0.9202337901408006,0.8821602487297171,544
1904,5,0.9324768197144948,0.9324768358725486,0.8954739513152702,0.9686317853018995,0.9575152386955273,487,1.0149363270792073,1.0149363437181813,0.9326814017033532,0.979519164882543,0.9568528055175785,476,1.1642661024177179,1.164266118924597,0.9673740686372483,0.9532753836340194,0.9084281548136222,432
1904,6,0.8539537794017281,0.8539537946315124,0.8284742960769744,0.9024527748366516,0.8946411023988514,801,0.9129421382463617,0.9129421547522169,0.8562566840264378,0.9115332354586339,0.8952785805602036,752,1.1038279369855124,1.1038279496646073,0.9487570327874882,0.9546097870116439,0.9169924858221812,624
1904,9,0.8106273401905555,0.8106273543710443,0.7828130901580515,0.8500070185164563,0.8415577833610086,571,0.8210397399122494,0.8210397556502792,0.7643067134563682,0.8095825309079518,0.7935511896538107,540,0.9837561268413857,0.983756143592621,0.885832047116723,0.8390366910107299,0.8043225797241539,496
1904,11,0.8480402531662461,0.8480402672525968,0.8244373135668437,0.899334904107403,0.8920686550527317,917,0.892520679593999,0.8925206949459877,0.8594976215248735,0.9002428301098557,0.8856419174433974,900,0.7019554847129216,0.7019554994665799,0.6670423401449466,0.6844014965835682,0.6696447154315205,1536
1904,12,0.9045876116711943,0.9045876295533187,0.8638086582505727,0.9307963524642978,0.9186815033853635,363,0.9709116374994438,0.9709116529058407,0.8816943243069536,0.9187948579796597,0.8947677868985632,348,1.2389643882700017,1.238964400902608,0.994198725821634,0.9595052218168321,0.9071942676109392,320
1904,13,0.9673016721811177,0.9673016874976293,0.9309148854907902,1.0084488371491345,0.997470619966856,564,1.0505711315123833,1.0505711500214174,0.9709348120447127,1.0235293182427936,1.0013408023614319,568,1.1424264698803186,1.1424264893333664,0.9735582576112822,0.9743651895608476,0.9340520280667591,576
1904,14,0.8999825787324385,0.8999825924570912,0.8635462950538748,0.933562040916165,0.9226338744073698,451,0.9552341901921952,0.955234205852406,0.8778177898384502,0.9219003904776876,0.9005673463694857,448,1.019768653989781,1.0197686732944482,0.8053268523755011,0.8460587784116114,0.8077920155027429,416
1904,16,0.6888437967381587,0.6888438100486829,0.6685928104555697,0.7285216098214703,0.7223073203419452,666,0.764128372966969,0.764128385906172,0.7171978974948445,0.7638649347040476,0.7503885714647826,644,0.9681883773454034,0.9681883949365534,0.8335557245773549,0.8395670690897279,0.8068058493985554,560
1904,17,0.8829392423670721,0.8829392551738598,0.8501617854648847,0.9212933987328495,0.9113940614654441,529,0.9670091898715881,0.9670092015325275,0.8918667557887774,0.9388978066286547,0.9180451196395615,496,1.230303014972666,1.2303030301876314,1.0060994305352318,0.9819691239510653,0.9323726711825242,384
1904,18,0.8609917794355686,0.8609917933167615,0.833709254797804,0.9069621897060585,0.8986295288063817,714,0.9131860339170563,0.913186047390304,0.8546692358051043,0.9085516031873457,0.8918414458919877,704,1.043908662112716,1.0439086755967186,0.9055403018804473,0.9163818164983076,0.8822315976746816,672
1904,19,0.9575012226190713,0.9575012377343342,0.9140500963755755,0.9847238899967953,0.971823188936554,379,1.053044805206552,1.053044817447562,0.9556251489695974,0.9953917753580063,0.9691903576974571,372,1.414906721688199,1.4149067417486425,1.1253002281794293,1.0803520200910404,1.019449058026298,336
265,2,0.8887017425479597,0.8887017551479076,0.8507554506399239,0.9182866527153171,0.9069575936492479,399,0.9523957222926009,0.9523957350483813,0.870732331063202,0.9113822417926456,0.8891012855992061,396,1.1907938922533645,1.1907939028998096,0.9805467826824812,0.9610117768604964,0.9139094421397986,400
265,3,0.8909902257102363,0.8909902423024159,0.8703229294109216,0.9525188970596247,0.9460955244251189,1397,0.9652584670035657,0.965258484009555,0.9185205928937967,0.9873992446002343,0.973609949875982,1336,0.9958509024124148,0.9958509184051855,0.8947788532394707,0.9260160172208914,0.8993468841263698,1152
265,6,0.8919947730029536,0.8919947910144491,0.8714581423868645,0.953878148968618,0.947493126588814,1420,0.9460212094475031,0.9460212284158113,0.9012974065211452,0.9696747830532658,0.9564483326361305,1376,1.0788384776134494,1.078838494938951,0.9693437576760932,1.0031840186559657,0.9742924578035672,1248
265,8,0.9291747539149054,0.9291747689992013,0.901882727670546,0.9827405687858668,0.974365189560848,900,0.9395860963622024,0.9395861127071599,0.8833531150021446,0.9418857924637214,0.925685182429264,836,1.0403983476685137,1.0403983649500232,0.90691318934742,0.9205960537041238,0.8873463281632672,720
265,10,0.8865844012650185,0.8865844198991959,0.8521850501054592,0.9223852159415813,0.9120319609377314,485,0.9685373392508505,0.9685373586706209,0.8905056540690636,0.9355457645897625,0.9140214778702918,460,1.2092175857965604,1.2092175990568959,1.0106476583487134,0.9994846060592,0.9537615421255217,480
265,12,0.8792563855469071,0.8792564008971552,0.8597600250759196,0.9416411065647631,0.9355689424988717,1511,0.9483238883742091,0.948323904921245,0.9045876116711943,0.9740164053689205,0.9610509464315519,1452,1.092220794828071,1.0922208159330467,0.9718414840653876,0.9994718586692127,0.9682951920793784,1056
765,4,0.947482179701919,0.9474821931352516,0.892520679593999,0.952912054674834,0.9370168181805004,225,1.0274917859878587,1.0274918005555618,0.9133260319892077,0.9386863827927711,0.9091756878637457,244,1.3744708899359803,1.374470900308769,1.0780241689052943,1.026602244875352,0.9658045416502269,288
765,7,1.0125653962093488,1.0125654115648781,0.9565990203218339,1.023322040257693,1.0070436151742828,266,0.9958509024124148,0.9958509184051855,0.8947788532394707,0.9260160172208917,0.8993468841263698,288,1.3335436244481749,1.2503645665555003,0.9848630203937634,0.9402015998287743,0.9318525636990035,272
765,14,0.9275953957665454,0.9275954126958025,0.8747775792408712,0.9346800741743282,0.9193707691958461,229,1.0106476583487134,1.0106476726776017,0.8983534740877451,0.9232980814355121,0.8942711683905694,240,1.3239153988972328,1.3239154234117063,1.0427961392404552,0.9955075762892903,0.9374113201140314,288
765,15,0.9326260228244005,0.9326260369676509,0.881078045033268,0.9425334581320859,0.9275401718710504,245,1.0655188002453575,1.0655188131863096,0.9494065464848276,0.9772738370356622,0.9471221024434152,264,1.1768136879086513,1.1768137096992943,0.9269299015470713,0.8848956233682581,0.8332545067680279,256
765,16,0.8896357503212573,0.8896357679078093,0.8495308291885797,0.9154112887872019,0.9034966851475891,357,0.9941584211054684,0.9941584386206195,0.9012974065211452,0.9382004311768386,0.9132724638042893,344,1.341465907380309,1.341465923292471,1.0407149836751257,0.9848512868645466,0.9243646712682373,256
648,3,0.9496432129687677,0.9496432273175074,0.8999822303598024,0.9648027871845909,0.9502685564585837,280,1.0373446900129322,1.0373447066720682,0.932061305457782,0.9646000179384289,0.9368196709649685,300,1.2570482174865227,1.2570482220227013,0.9958509024124148,0.9538892462832737,0.8993468841263695,288
648,4,0.8774443558911519,0.8774443674827206,0.8452928378599753,0.9163303937279198,0.9066104548898354,540,0.9391757445441637,0.9391757572399754,0.8707338910627725,0.9198266950164486,0.9006394127985942,552,1.138282013394669,1.1382820246070862,0.9681883773454034,0.9678545880590324,0.9273923227754053,560
648,5,0.8787677869131733,0.8787677978630355,0.8362801838816314,0.8990372116466111,0.8865000467697065,305,0.9854901448173128,0.9854901579356792,0.8928052662167598,0.9289314845659478,0.9040847561836398,336,1.1635627281466236,1.1635627318006516,0.948661268636659,0.9242426261353807,0.8769649096698285,352
648,8,0.8925501879121229,0.8925502001677891,0.847704541827095,0.9100888284901184,0.8969078444585159,286,1.0120795646613294,1.012079576131034,0.9085918863263712,0.939797648137663,0.9125353287780912,288,1.2001595477065283,1.200159555542219,0.9710384578239459,0.94174072686135,0.8920335692972129,336
648,13,0.7918819512329014,0.7918819624601455,0.7508502393947095,0.8052045663732005,0.793183889180851,238,0.9363650062762233,0.936365017648575,0.8343269650927273,0.8588164022434607,0.8323194233593649,232,1.0460566114743564,0.9582437249069716,0.6707329536901545,0.746239961581591,0.7581064957542728,256
648,15,0.8801908072121615,0.8801908219424315,0.8379335617211435,0.9010328344216688,0.8885548427465447,310,0.959478476183185,0.9594784930873421,0.8698567993169193,0.9054725091590421,0.8814141220436746,332,0.8917357669742534,0.8384632543695658,0.7176767587340551,0.7202346800606935,0.7287141801401328,448
648,18,0.8614423124950262,0.8614423279724114,0.8205755882609147,0.8827257019732234,0.8706440465405133,311,0.9739898868533605,0.9739898988985415,0.8785586046978557,0.9115299607259905,0.8861599543781392,304,1.3009126076835018,1.3009126209477384,1.0439086621127158,1.0074804829076738,0.9525539809914862,336
648,19,0.8700390453355389,0.8700390562500893,0.8299692730411267,0.8937119703483176,0.8818318464517427,334,0.8870570097365068,0.8766827593162495,0.799865553500411,0.8360802458686322,0.8240171303053044,348,1.1046652509129273,1.078024184189442,0.8957167302196745,0.8826623922537218,0.858492925911313,400
648,20,0.8003599807816404,0.8003599946503601,0.7796091740526176,0.8313923742426983,0.8218508619604322,418,0.8899954225398908,0.861416560634759,0.7916035426221738,0.8313566021272004,0.8368722784589986,404,1.2724761530825304,1.2724761735177368,1.0328891308324937,1.0036562752124316,0.9513708876255563,368
648,21,0.65340902032897,0.6534090345334118,0.6240501361916012,0.6725157590724965,0.6637909694790312,264,0.6667718122240875,0.66677182484637,0.6285953189384197,0.63717143636274,0.6214584206550631,272,1.4284676965509056,0.9582437249069716,0.7716277947621544,0.7462399615815907,0.9710654883886992,256
648,22,0.7340516235700683,0.7340516370724172,0.6954558968915056,0.74539428101637,0.7341051946185395,214,0.7924918521947272,0.7924918702176283,0.7112056579001649,0.735463902554264,0.7140647635202532,224,1.4747828004020378,0.786078765420955,0.649055698025324,0.6371714363627398,1.0088201628906621,272
648,26,0.7399465933202123,0.7399466064476492,0.7149239348930414,0.7765637808610895,0.7689547931080765,537,0.8202565640446408,0.8202565782800956,0.7625816596800632,0.8070541379565997,0.7907981106795183,520,1.015565608651061,0.9929365647738397,0.8363009620822509,0.8309682732919612,0.8096949785035074,432
648,27,0.7010032153283015,0.6940737365241813,0.6766246568524877,0.7224921137089596,0.7213053775539763,386,0.7551126984279009,0.7551127076590631,0.7193019100083773,0.7407857851771897,0.7255253597753395,456,0.9681883773454034,0.7546169333642401,0.691865782662286,0.6727082438023476,0.8068058493985554,560
648,28,0.8342878138400384,0.8342878234738669,0.7988217164373462,0.8623458856952956,0.8517531807447051,378,0.9331554046705282,0.9331554171686158,0.8531417789205109,0.892970479332188,0.8711396434658888,388,1.1211451356615063,1.1211451515570197,0.9315453994284615,0.9179688879438707,0.8747826675983029,416
648,29,0.8966020332107982,0.8966020466738485,0.8542752382875106,0.9191295688539454,0.906610242718896,327,0.9840486289741103,0.9594784930873421,0.8698567993169193,0.9054725091590421,0.9018881155351333,332,1.217151102948507,1.2171511224952265,0.98798090775282,0.9600190458553697,0.9100069359896622,352
648,30,0.4774874170844444,0.47748742462213506,0.45581917734824223,0.49106283696410113,0.4846295058285189,189,0.5873659473499642,0.5873659548042693,0.5394791663323727,0.5663746101002134,0.5531922781922075,272,1.0287081837484529,0.8573716100878629,0.661957699448616,0.6919284793395577,0.7646002022547538,288
648,31,0.8187089710360386,0.8187089851958212,0.7826630905473613,0.8439902655398834,0.8332581659359403,345,0.9145229920246689,0.9145230072153292,0.8336567768686779,0.870900100093329,0.8489614291921143,356,1.230303014972666,1.2303030301876314,1.0060994305352318,0.9819691239510653,0.9323726711825242,384
648,32,0.8109706925085011,0.8109707053106102,0.7741690789882844,0.834027358018394,0.8231009067246275,321,0.8947600601913944,0.8947600728772368,0.8138538296264594,0.8489941384160253,0.827137357984043,332,1.0765151381010827,1.0765151514141775,0.8803370017183278,0.8592229834571822,0.8158260872847087,336
648,33,0.8986871008284515,0.898687116509389,0.8715599067861841,0.9230348304322548,0.9107480043318287,344,0.9247985312609011,0.9247985466222429,0.843023706945854,0.8806854944763998,0.8585003216549469,360,0.9129420001826368,0.7318737506025087,0.6683749847212825,0.6461269051316378,0.7542997363404637,496
648,34,0.7469696876619756,0.7469697039920017,0.7160259093386726,0.773563051704179,0.7643002596844056,357,0.8439149845901981,0.8439150010565087,0.7735037834005191,0.8109576253877624,0.7916526049164745,372,0.9941987258216343,0.9941987470097005,0.7635949388533224,0.7972408269725715,0.7574764849040594,320
648,36,0.944653283436572,0.944653299735641,0.8979481240914975,0.9645816731341788,0.950831229215364,313,1.0380973478347282,1.0380973625527958,0.9345933003629702,0.9684649655479199,0.9410498206406144,312,1.2801537005750372,1.280153718724962,1.0181287778766264,0.9774613515109412,0.9223586715476029,304
648,39,0.5584543616315454,0.5584543726308104,0.5424384989179202,0.5913617252516934,0.5864397604611007,568,0.48563033328103067,0.4454336064997251,0.42941114565513927,0.4505195120516526,0.48112275392632814,476,0.924798531260901,0.735508568562059,0.6238768966913473,0.6941091366649321,0.788752291700682,640
756,5,0.8376180583510975,0.8376180717069386,0.8134437977712061,0.8866948379380319,0.8792684272262962,841,0.8598174420184678,0.8598174564305867,0.8101521020851995,0.8651215398979757,0.8507506384153996,824,0.9479184945424235,0.9479185102877989,0.8262986836276494,0.8387652933748677,0.8084710989931989,656
756,7,0.6763621234730789,0.6763621344231184,0.6542067286219626,0.7111472503247077,0.7043954142379153,524,0.7014898520274542,0.7014898632002942,0.656023617014543,0.6970167888121558,0.6840532981164585,528,0.8684083582848208,0.8684083705970504,0.7433080715459857,0.7459573472057183,0.7158461135198596,464
756,11,0.9758437405339927,0.9758437553723706,0.9379180277412493,1.0151338851841116,1.0037208181289519,532,1.044048833143833,1.044048847197857,0.9617904725113369,1.0117245379005892,0.9889490975043762,520,1.2135891156557967,1.213589134723582,1.0221456203227512,1.0156278895790638,0.9709121202106074,528
756,14,0.8982022074460744,0.8982022208642115,0.8595586080640477,0.9275741576434047,0.9160446676685025,397,0.9740956737488671,0.9740956883363558,0.8892867579552626,0.9299225292049276,0.9068478492725933,392,1.230303014972666,1.2303030301876314,1.0060994305352318,0.9819691239510653,0.9323726711825242,384
2281,11,0.8609220793340896,0.8609220915401793,0.827134491255721,0.8949870912197525,0.8848273280423665,460,0.9184583956508783,0.9184584093410045,0.8450733757837426,0.8882395923750577,0.867968572599173,444,1.0205884457102004,1.020588451581585,0.8458348381843427,0.8322207174039437,0.7926026612226573,368
2281,17,0.7814778396268384,0.7814778519053369,0.7475984660643653,0.8065654590042739,0.7964642954534249,340,0.8014920604261142,0.8014920737392772,0.7077996644950049,0.7632607618795467,0.744033612100954,312,1.2571906378768396,1.0531197407672168,0.7860787515717658,0.8155794385443074,0.8891855107652699,272
2281,20,0.923315587979061,0.9233156059946213,0.8973036264559243,0.9534146124986587,0.9415486598314932,407,1.0601908685338755,1.0601908853569526,0.9627696644731104,1.0032817414720425,0.9770452845444082,380,1.2389643882700017,1.238964400902608,0.994198725821634,0.9595052218168321,0.9071942676109392,320
2281,21,0.7191068711249688,0.7191068807562272,0.6872408060247784,0.7409402410207456,0.7314582301345656,299,0.8039374319318835,0.8039374412771711,0.7295632857724884,0.759922753230306,0.7399195203926818,284,1.143517856266062,0.9739898988985415,0.7964953825070585,0.7773922231279267,0.8418551932737788,304
2281,23,0.9633872139855377,0.9633872322228801,0.9203008800825573,0.9919211870415076,0.9791113906256894,393,1.0133427187709767,1.0133427331380755,0.9217139757215324,0.9615114338687515,0.9367579716927715,376,1.2898320915163308,1.2898321215210458,1.0053096491487337,0.9538892462832735,0.8961899371926804,256
2281,24,0.770204419971003,0.7702044346058176,0.7490620397282557,0.7968383495688851,0.787169084643839,358,0.8734208350797399,0.873420849587674,0.7961890565599732,0.8317585225610444,0.8108058593407832,340,1.0806731191351697,1.0511759694276956,0.8532562385137992,0.829107357784183,0.8039257056887067,304
2281,26,0.894102587102471,0.8941026011505179,0.8553405979383474,0.9228057751548899,0.9112488556805362,389,0.9707413148556564,0.9707413332322152,0.8867595629174777,0.927646649998695,0.9047703477184007,396,1.2724761530825304,1.2724761735177368,1.0328891308324937,1.0036562752124316,0.9513708876255563,368
2281,35,0.6859675185356415,0.685967531865005,0.6521745148813436,0.7006591064925205,0.6907064388676301,229,0.7456490443662257,0.7456490602572753,0.6736233461951046,0.6995999639827412,0.6803957007082041,240,1.5477985098195972,1.0106476726776017,0.8037858772710208,0.771680014350743,1.0185258045839745,240
2281,36,0.7025602249126354,0.7025602399851774,0.6761747316495053,0.7325234768121001,0.7245617425537823,411,0.8076175658981467,0.807617581656229,0.740234803469314,0.7760777275216222,0.7576030305114649,356,1.1454006794618754,1.1454006957012821,0.9109573275738237,0.874570682930842,0.8252682850689079,272
2281,38,0.8775966718520296,0.877596688194792,0.8375835858860193,0.9022073785074596,0.8903327113065639,344,0.960920584489892,0.9609205989614794,0.869019483097125,0.9031514242030918,0.8785978869564456,316,1.1618260528144841,1.1618260714727164,0.8803370017183278,0.9163818164983076,0.8686429843537686,336
4,2,0.9374649266364351,0.93746494114159,0.8919113331942072,0.9586769175562136,0.9452418322579184,322,1.0221658721171678,1.0221658893648486,0.9227272612294993,0.9578363929654963,0.9313617740283183,324,1.2801537005750372,1.280153718724962,0.9444887895305524,0.9774613515109412,0.9223586715476029,304
4,3,0.8364498111027825,0.836449826040777,0.8178296455644776,0.8956619483857419,0.8898637137817397,1426,0.8768623150343176,0.8768623310819866,0.8360894454634905,0.9000178554894087,0.8879403855375029,1320,0.9996231611452789,0.9996231783395063,0.8915533337190676,0.9182925858434485,0.8901774393171537,1008
4,5,0.9716461929787797,0.9716462085828371,0.9203605587979596,0.9863057030811772,0.971311211587815,281,1.1454006794618754,1.1454006957012821,1.0181339372994447,1.0464044922935811,1.0135073241759789,272,1.3239153988972323,1.3239154234117063,1.0427961392404552,0.9955075762892903,0.9374113201140312,288
4,6,0.9523584064739206,0.9523584212771146,0.9036424855223764,0.9695152958073218,0.9552237756232187,294,0.9958509024124148,0.9958509184051855,0.8947788532394707,0.9260160172208917,0.8993468841263698,288,1.341465907380309,1.341465923292471,1.0407149836751257,0.9848512868645469,0.9243646712682373,256
898,3,0.8535413973229364,0.8535414112904491,0.8427998988829304,0.9185520521599395,0.9133738641068521,1931,0.8813896206098788,0.8813896352501784,0.8466576293032111,0.9160074159610844,0.9055671315179094,1868,0.9978405530363057,0.9978405671836156,0.9152995350400618,0.9601108580629453,0.9374459631349483,1792
898,4,0.7762599182415045,0.776259930079398,0.7448326136939186,0.8052231350695969,0.7957972885686626,389,0.9045174113382337,0.9045174248837591,0.8257662752441725,0.8634994914045756,0.8420730028959795,364,1.0566771503220858,1.0076813325474134,0.8422063819572613,0.8329038383826667,0.8271547307220833,400
898,5,0.788103148575154,0.7881031624021644,0.7720334859435796,0.846630148471153,0.8416069049546931,1606,0.8129767043135543,0.8129767204121695,0.780582780155901,0.8442559619662234,0.8345273459107931,1684,0.9377734075522065,0.9377734222864043,0.8590505095964065,0.9003156400987962,0.8787551243990337,1632
898,6,0.8866307651244877,0.8866307804418126,0.8656127741724271,0.9470213786265169,0.9404958367458106,1330,0.9362299087566524,0.9362299255777333,0.9071499760809497,0.9593610523053036,0.946230507172648,1352,1.0221658721171678,1.0221658893648486,0.9227272612294993,0.9578363929654967,0.9313617740283183,1296
898,9,0.8552691748202716,0.8552691869462153,0.8263763029565843,0.897647538521808,0.8888610535669671,622,0.9382750474941676,0.9382750596137173,0.8727786138774752,0.9240133194792195,0.9055330530896356,604,0.9941987258216345,0.9941987386635416,0.8624193351242355,0.8727445871412453,0.8402205692139828,640
898,11,0.8022711250128917,0.7945563018678776,0.7647835960118275,0.8285668243129818,0.827241734986028,467,0.8581297736835072,0.8581297869611295,0.7967126365074421,0.8424173489995614,0.8251521952341359,524,0.7071755163750649,0.6873314211947978,0.5931085924630479,0.6360439431855534,0.6332405964491021,752
2237,3,0.9047793597128923,0.9047793763753182,0.8653776347663333,0.9335045624539804,0.9217616602868649,390,1.0025624770819237,1.0025624912961808,0.9119085078947073,0.9512825888275944,0.9267924613556143,372,1.0870139924712796,1.0349032168218641,0.9163139266239868,0.8473558965635729,0.8413357778140609,384
2237,4,0.911749413340493,0.9117494292493512,0.8696999351880076,0.9364510343629562,0.9239856206738611,349,0.9705391965307768,0.9705392153897888,0.8783632855335664,0.9132983421780759,0.8886365547143086,324,1.197804632116994,1.1978046561337146,0.8981644615934729,0.9327999519769883,0.8826286199224446,320
2237,5,0.8089258320348558,0.8089258430092358,0.7807872277181876,0.8475221506481583,0.8389827218262701,554,0.8915363951832279,0.8915364072350491,0.8265662299219073,0.8731688191822814,0.8549548049030133,524,1.1374342679116787,1.1374342894438076,0.8982491814957511,0.9436809451514122,0.9009987865222902,464
2237,7,0.9036210783196298,0.9036210935299488,0.864866415721629,0.9333917239209946,0.9218258629699687,402,0.9871969042057738,0.9871969212795989,0.9030773628127582,0.9455998971380626,0.9226228343184188,416,1.1211451356615063,1.1211451515570197,0.9926734205093192,0.9179688879438707,0.8747826675983029,416
2237,8,0.7837548705846885,0.7775231734279043,0.753325035710539,0.8198443119269903,0.818754417763289,669,0.8648925506460562,0.864892566525978,0.8075212696228052,0.8570498815935831,0.8407439430551183,620,1.0789583326647456,1.0789583510370682,0.9194716877439888,0.9202337901408006,0.8821602487297173,544
2237,9,0.9688127517745705,0.9688127705517171,0.9173956906338968,0.9829250977931302,0.9679012491768816,277,1.1433858892749118,1.1433859079118063,1.0137999571234393,1.0402806036824999,1.0069434390303589,260,1.3871977968913514,1.3871978199333643,1.0634156201331357,0.9994846060591996,0.9357368424590116,240
2237,10,0.7096599699864075,0.7096599857194092,0.696457960539292,0.7516340591825373,0.7454040575444635,728,0.7680744952813048,0.7680745127021361,0.7225055566305247,0.7706661327401526,0.7575235578098347,696,0.8810489210249464,0.8810489400005092,0.782016131489316,0.8029820051486801,0.7774538942642686,816
2237,13,0.9111344193946921,0.9111344359492208,0.8767264460078552,0.949647800552733,0.9392697622383864,527,1.0075566782972254,1.0075566954537327,0.9286286099848026,0.9771571361859174,0.955282961147149,508,1.140038260161506,1.140038278073668,0.9601974009092511,0.9540746841500295,0.9120689614099644,496
2237,18,0.911739200941453,0.9117392177320515,0.8720343858029975,0.94068536678055,0.928852134596764,393,0.9707413148556564,0.9707413332322152,0.8867595629174777,0.927646649998695,0.9047703477184007,396,1.155998164076126,1.1559981844425808,0.954493673566653,0.9370168181805003,0.8916464064369952,400
2237,20,0.9262334486308288,0.9262334621221265,0.8856385692983435,0.955170464815696,0.9430789682227396,394,0.9777046262807181,0.9777046431903719,0.8943939266318661,0.9365075904348122,0.9137514609115108,412,1.1618260528144841,1.1618260714727164,0.9430726846731465,0.9163818164983076,0.8686429843537686,336
2237,21,0.7722513463627453,0.7722513564661748,0.7403404361634914,0.7998905050211743,0.7903361569965118,371,0.7326555016086314,0.7326555136567903,0.686447124365995,0.730250745857232,0.7170274953431995,584,0.9520220582335988,0.9520220744444718,0.7689393843579161,0.8119709913007063,0.7783766900556326,480
2237,22,0.9002210661121657,0.900221082286282,0.8722595923855285,0.9224625502935615,0.909837026127546,325,0.9710384578239463,0.9710384749317679,0.8803370017183278,0.9163818164983072,0.8920335692972129,336,1.2576948637228433,1.2576948889404003,1.0127614806253276,0.9794399495758378,0.9267600509185665,336
1872,2,0.9329528358602691,0.9329528499733851,0.8993823593102189,0.9754226631247249,0.965259931503872,596,0.9824937480221231,0.9824937645306376,0.9112750170291601,0.9629199536589724,0.942937961809288,584,1.1741605384881053,1.1741605584815153,1.000601542544929,1.0014308892708712,0.9599979177352803,592
1872,3,0.8548544692037987,0.8548544824307435,0.8234113969832739,0.8925214787209953,0.8830184530395181,522,0.90625170346279,0.9062517181559259,0.8384632424818957,0.884516146535433,0.8655888580319865,504,1.105630018541109,1.1056300325727422,0.9359406462838954,0.9328686586346144,0.8928596205753607,512
1872,4,0.8481458318579591,0.8481458472054241,0.8257593091283015,0.9016969843913423,0.8947848204176233,1022,0.8712575345177448,0.8712575505438971,0.8412220412310824,0.8847203148512053,0.8713211188463043,1016,1.0591231949847966,1.059123215450227,0.9423917421240122,0.9691848326489338,0.9389529135315187,1024
1872,5,0.9238826023145069,0.9238826204806058,0.8949704170808246,0.9738779756560301,0.965040430376293,786,0.9379654840760464,0.937965503618727,0.8799898255527805,0.9369864824389843,0.920352095306648,780,1.1328782007946037,1.1328782196122476,0.9875276950671906,1.002426814033379,0.9662215573333354,784
1872,7,0.9168405319480826,0.916840548420798,0.873345722554221,0.9394926281451346,0.9266340173791315,331,1.009546540362635,1.0095465573973814,0.9113355666464191,0.9460112523116017,0.9198634805217959,320,1.3744708899359803,1.374470900308769,1.0780241689052943,1.026602244875352,0.9658045416502269,288
1872,9,0.4704091176682184,0.47040912541861507,0.45802667080811377,0.5001728209575365,0.4963489955366016,570,0.4926844578349296,0.4926844667108656,0.46618506160344353,0.49923049309743034,0.4914989698285905,548,0.5393729402914652,0.5236121410349794,0.4323401913214615,0.481010402108473,0.4788104387234597,528
1872,12,0.9061897980859984,0.9061898147015726,0.8705832622840582,0.9419687687002806,0.9312630916921175,483,0.9929279952982467,0.9929280100983833,0.9135928386851271,0.960259018783846,0.9383444028099167,480,1.1032628324143605,1.1032628497487107,0.929223291202501,0.9232980814355124,0.882647382009643,480
46,2,0.6604427859749002,0.6604427979745775,0.6441558853421832,0.6883595062830056,0.6808369054555288,382,0.6904774883526019,0.690477499547372,0.656406633495017,0.6739170640269962,0.6594962727862753,384,0.9021030400678826,0.7748298869364966,0.6219955534738747,0.6558847675592525,0.7145852444831953,368
46,4,0.9073422211864899,0.9073422377461126,0.8556776320958741,0.9142722122927927,0.8992971716151509,224,0.9501507971837655,0.950150817647608,0.8433507300374977,0.8659609859446548,0.8384306702849953,220,1.3871977968913514,1.3871978199333643,0.9756702971954302,0.9994846060592,0.9357368424590116,240
46,5,0.8596271938648808,0.8596272074218322,0.8284971966006746,0.8983972017649071,0.8889777509295268,542,0.9207075884340196,0.9207075996895595,0.8544646631810225,0.9032388082423629,0.8846317983225631,556,1.1079692847082192,1.1079693004169264,0.94835857404143,0.9517386843659164,0.9133209034563724,592
46,6,0.8866964245700598,0.8866964385017416,0.8359960757606235,0.8930910032752598,0.8784027492943318,217,1.0595954152819045,1.0595954255110804,0.9322992635626204,0.9519670330658162,0.9196946060810354,212,1.3744708899359803,1.374470900308769,1.0780241689052943,1.0266022448753522,0.9658045416502269,288
46,8,0.5622143465524789,0.5622143583690663,0.5334107563172614,0.572262369832179,0.5638138158116186,173,0.608946719565751,0.6089467325434414,0.5501257327260021,0.5713399705859054,0.5556564889117,196,1.2576242881690396,0.6736233637387988,0.5237700906193844,0.548345665283879,0.8665918793139724,240
46,10,0.5214917385983616,0.5214917457816399,0.49774770835240456,0.536175490261164,0.5291280643562669,205,0.5821330512088589,0.5821330594622985,0.5294952626485397,0.5523576322224742,0.5381375582064857,216,1.0836559833495856,0.6899354778812428,0.5390120844526473,0.5649039310423819,0.7799860282412241,256
46,11,0.894982614193393,0.894982627765782,0.861538613228013,0.9334593047808609,0.9233637731954377,529,0.9386956398008234,0.9386956518285485,0.868093791060643,0.9155042427098469,0.8958084948918736,516,1.0710790804616994,1.071079094054844,0.9066925010875236,0.9037165130522827,0.8649577574323807,496
46,12,0.8484366626107384,0.8484366786032882,0.8078465763324434,0.8687842736175697,0.85679438762276,301,0.9345933003629702,0.9345933185235004,0.8458313119952862,0.879472477652962,0.8557240897248897,312,1.217151102948507,1.2171511224952265,0.98798090775282,0.9600190458553697,0.9100069359896622,352
46,13,0.601600144809193,0.5931059953476715,0.571314800268312,0.6192841077320056,0.6211495652719433,363,0.6655038044490126,0.6587925570046588,0.6085755514742536,0.6413472028112973,0.633277558119006,352,0.9752381644792989,0.8464523193398272,0.7074533608440995,0.6996392242414401,0.7516786856976168,336
46,16,0.5246902167743459,0.5246902262820253,0.5065771856818659,0.5499781289804644,0.5444782433490135,365,0.5716921847182381,0.5716921938992731,0.5189355303876336,0.5633602392046432,0.5521490887500883,372,0.719247383700627,0.6081775967779847,0.5038406607485667,0.5351568684720464,0.5961756429939672,400
46,17,0.7632625880654914,0.7632626021217428,0.7415228503406994,0.7874948744804096,0.7775886826522528,329,0.8821766320951319,0.8821766482400595,0.8029326072166968,0.8379588653887545,0.8165241304690929,332,1.0635183109500363,1.0635183296871742,0.8781341796813207,0.8620554727260598,0.8203146939220358,368
46,19,0.8758865810544414,0.8758865919684026,0.8335382816393965,0.8960895486576057,0.8835934892393139,304,0.8699454232107492,0.8699454374727269,0.7994412014600171,0.8395878556136084,0.8201595475864958,408,1.0629966810196227,1.0407149939264788,0.8852008021443688,0.8848956233682582,0.86340051802152,512
46,20,0.8879804697534407,0.8879804840794324,0.8551052228440786,0.9267167633175339,0.9167858286501405,535,0.9513251569771959,0.9513251711014601,0.8810934917037632,0.930137326483183,0.910487586083849,544,1.111712424183585,1.111712446474104,0.9429825017694149,0.9410520578024059,0.9011201495053884,528
46,21,0.845949521432627,0.845949533426437,0.8127495435817085,0.8794220983289741,0.8694390266851079,452,0.8753947908667521,0.8753948026505108,0.8064243192595055,0.8482921125474175,0.8291957817536693,436,1.17056665736022,1.1705666666784431,0.9837561268413854,0.9761742023376112,0.9327172219074531,496
46,23,0.9210115356451434,0.9210115508196042,0.8734692657886413,0.9368308033861632,0.9228971166657688,279,0.9925613895068655,0.9925614073883131,0.924353758861674,0.9198266950164486,0.8928672226045071,276,1.3871977968913514,1.3871978199333643,0.9756702971954302,0.9994846060592,0.9357368424590116,240
46,24,0.888363870417071,0.8883638842091489,0.8661828161607984,0.9251586543675583,0.914924822130441,501,0.9554240865835699,0.9554241014711894,0.881601755083954,0.9283836487037406,0.9078783294912144,496,1.25731000235922,1.257310010568039,1.0172783843869908,0.9865855233785574,0.9345113583113657,352
46,26,0.9604580895413782,0.9604581047286528,0.9021030400678829,0.9612541634410244,0.944474065285324,207,0.9928945881806723,0.9928946011707963,0.8770863958467844,0.8978549137380657,0.8682728582386059,212,1.20921758579656,1.2092176139259803,0.8037858772710208,0.894271168390569,0.8401780661181378,240
2240,10,0.9075146229390043,0.9075146358056799,0.879755238808448,0.9578015207140678,0.9493040103519094,809,0.926616709634945,0.9266167238104239,0.8688194805263088,0.9247197692002198,0.9081561291331698,756,1.11904675662114,1.1190467780714917,0.9721429782963189,0.9846886379885652,0.9483315659836962,736
2240,11,0.9137943224711648,0.913794338473386,0.8870116546487115,0.9665795118389129,0.9583593786574447,889,0.9587200704306068,0.9587200866648866,0.8998383558630969,0.9583895454050783,0.9414813132663726,808,1.0190756179418243,1.0190756409771589,0.8895417205657964,0.9037418681020816,0.871392942357263,720
2240,12,0.8213178863529129,0.8213178992573736,0.7973184737706391,0.8688952875212538,0.8615280467439828,804,0.8726866365874085,0.8726866499378596,0.8182532673739839,0.8709001000933286,0.8553004814058425,712,1.1424264698803186,1.1424264893333664,0.9735582576112822,0.9743651895608476,0.9340520280667591,576
2240,13,0.7567031748841289,0.7567031904873651,0.7335138405438949,0.7985542591575087,0.7914565315835671,672,0.7860747680952317,0.7860747826507005,0.7385263014473813,0.7871028451845573,0.7734225145438826,684,0.9095828925138422,0.9095829107515394,0.7715311378113394,0.7699516836565141,0.7372801223225904,432
2019,6,0.8636735297345708,0.8636735450170473,0.8517222834180682,0.9263777628420794,0.9206419265140549,1613,0.8977846770879017,0.8977846938891566,0.8594008537859159,0.9275817541630681,0.9161233812749211,1608,1.0172783843869913,1.0172784012844673,0.9273260776404395,0.9687540439240401,0.9443503538204417,1584
365,4,0.5762832387026343,0.5762832475412017,0.5572502447527332,0.6056354983982005,0.5998384427864554,439,0.7134541662526175,0.6442629739830392,0.5837790728584438,0.6334803656665039,0.6823416954967068,404,0.8867595629174776,0.8867595726417237,0.7411416161223898,0.7329553777767462,0.6994251308920493,352
318,1,0.9709559500123787,0.9709559643016754,0.9125898067014723,0.9728768172478146,0.9560708909530796,214,1.1737826689577704,1.1737826828809121,1.0297119769200695,1.0494588363621602,1.0131382646656715,224,1.4253075265915784,1.4253075434982507,1.1057596701548211,1.046404492293581,0.9821374632225023,272
318,3,0.9072521037427599,0.9072521172960928,0.8682191481956754,0.9369199929848999,0.9252743368641546,401,0.9653549783625651,0.9653549935301221,0.8843167010551244,0.9267955118664079,0.9046008633519459,420,1.2505080359301415,1.2505080536597526,1.0390314070548223,1.0238883750143173,0.975719129244261,464
318,4,0.9778343391897846,0.9778343547640462,0.9144571631111812,0.9715991601623989,0.9535288397986997,184,1.0780241689052945,1.0780241905203432,0.9440053688388867,0.9610117768604968,0.9273402821504004,200,1.3962634015954636,1.3962634015954636,1.0780241689052945,1.0173456449338898,0.9538892462832739,256
318,6,0.8795126840674414,0.879512696894925,0.8391427231540184,0.9036895624279285,0.8917165950364426,340,0.9235352458594918,0.9235352582287333,0.8443465028491655,0.8837645981019593,0.8621588223992301,384,1.209282832779338,1.2092828481264366,1.0236850818730105,1.0203250953816094,0.9765652100043007,560
318,7,0.9196654658660137,0.9196654846597188,0.8911086544074966,0.9698431027048262,0.9611098168668918,795,0.9523957222926009,0.9523957421359383,0.893528130561285,0.9514016590918919,0.9345113583113658,792,1.1559981640761263,1.1559981832778037,1.0076813214971334,1.022884504115693,0.9859403646258525,800
318,8,0.9375171187212212,0.9375171341676258,0.8891228368601224,0.9536198858841232,0.9394364915164098,284,1.0529332270693823,1.0529332409792647,0.943287690155916,0.9743651895608476,0.945596446141197,288,1.2801537005750372,1.280153718724962,1.0181287778766264,0.9774613515109412,0.9223586715476029,304
318,11,0.7511827505415029,0.7511827654164702,0.7212510724005832,0.7800844874224726,0.7710953386206618,389,0.8017144096255925,0.8017144227689836,0.7587785395686639,0.773737827722345,0.7558333085601041,376,0.8781032674758875,0.8781032761254665,0.7896999203020367,0.7466306822169678,0.7154169347124555,432
318,12,0.9001028259778734,0.9001028395335376,0.8699500133019603,0.9451693207623261,0.9359943315852103,666,0.918904823957145,0.9189048380890832,0.8576533041741488,0.9100461604256311,0.8926491874735849,652,0.9453496097333655,0.9453496263885993,0.8684849393317757,0.8469410731810443,0.8178808261300177,736
318,13,0.9319586691769038,0.9319586820474458,0.893164998980451,0.9647988886824874,0.9531910989971968,441,1.0245684249926355,1.024568439518891,0.9398164868714921,0.9858281131896314,0.9625561228617774,460,1.2092175857965604,1.2092175990568959,1.0106476583487134,0.9994846060592,0.9537615421255217,480
318,14,0.9518443214989437,0.95184433701376,0.9136944755028596,0.9880613371652398,0.9766096282127098,487,1.0425743950631592,1.0425744106033026,0.9592724806193835,1.0082719697230385,0.9852616229504126,504,1.1768136879086513,1.176813706398625,0.9911715106160012,0.9848512868645466,0.9414905408102858,512
318,15,0.9131771084385845,0.9131771219306074,0.8821426583160895,0.9580852746211105,0.9486514715919455,656,0.9958509024124148,0.9958509184051852,0.9266887751644273,0.9813371908726043,0.9618080900807989,648,1.137914400511144,1.1379144166444108,0.9739898868533604,0.9774613515109407,0.9380052521984364,608
318,16,0.8928787437747456,0.8928787564339145,0.8489582301820525,0.9121200722015746,0.8991826903663384,299,0.9483585740414301,0.9483585857696326,0.8554386414163333,0.8875423301805697,0.8628399555787146,296,1.1431621365632298,1.1431621467838171,1.0060994305352318,0.9225713057860768,0.8773530644542067,384
318,17,0.8211053315722627,0.8211053434931577,0.7894111834897053,0.8545621191553078,0.8450191028469054,454,0.9208123109399392,0.9208123239951482,0.8506226458106044,0.8964284766566998,0.8768894174976967,492,1.0189180956789345,1.0189181073827143,0.8323186781348109,0.8811782649338252,0.846454602297398,576
318,18,0.9128771184381166,0.9128771331657716,0.8790801356340996,0.9526994763077449,0.9424901042197705,550,0.921929064924869,0.9219290804157354,0.8551005296780475,0.9035618743238304,0.884811649095017,548,1.0742998693442374,1.0742998859666049,0.9284911185692176,0.9374483137297915,0.9017092455799396,656
318,19,0.8216939776322577,0.8216939892821746,0.8047749935715409,0.865722562735972,0.8577945405103792,686,0.8568198524102392,0.8568198670000248,0.811169133819276,0.8689825086072331,0.8556493055487768,972,0.9417962615598476,0.9417962722330455,0.8454952275537065,0.8745339225725471,0.8491648198351678,1072
2631,20,0.8750628284632486,0.8750628408698248,0.8297210628605405,0.8897848779670241,0.8765015245990081,263,0.9911715106160012,0.9911715207220864,0.8852008021443687,0.9125353287780906,0.8848956233682583,256,1.341465907380309,1.341465923292471,1.0407149836751257,0.9848512868645466,0.9243646712682373,256
2060,2,0.9590692133445031,0.9590692295275124,0.9106293695844325,0.9774613515109412,0.9632317359324294,304,1.0501011802029157,1.0501011991209688,0.9415774268069216,0.9731499816840691,0.9446276413062176,292,1.298111396050648,1.2981114058471708,1.0181339372994447,0.9695687868267213,0.91214873378077,272
2060,3,0.8563441902093673,0.8563442033098098,0.820165666779752,0.8855529101393359,0.8747415401691953,393,0.8653657976862935,0.8463826239503882,0.7763701413286239,0.8143797456783911,0.8115210560155309,380,1.00197720430288,1.0019772170190475,0.8481962106947802,0.8454122218876193,0.8091540311464207,464
2060,5,0.8888603973317393,0.8888604115166678,0.8443638210744571,0.9066212398394546,0.8935378491934892,287,1.047224264056959,1.0472242820699589,0.9340082543723566,0.9620208042169465,0.9325668411893991,264,1.2801537005750372,1.280153718724962,1.0181287778766264,0.9774613515109412,0.9223586715476029,304
2060,10,0.8635462950538751,0.8635463100174937,0.8292787516287206,0.8970286143144902,0.8867338247467821,451,0.9296475600977614,0.9296475753385022,0.8543048133249201,0.8972066300184638,0.8764450067345886,436,1.2022380906391716,1.202238111820284,0.9926734205093192,0.9744974909077199,0.9273122626944753,416
2060,12,0.883601600276249,0.8836016146451267,0.8536468149338247,0.9271918521952007,0.9180846601715016,638,0.9653788792217696,0.965378895975805,0.8974999533157668,0.9498406392873829,0.9307085456458948,612,1.1379144005111443,1.1379144166444108,0.9739898868533604,0.977461351510941,0.9380052521984367,608
2060,15,0.7860534011067988,0.7860534171847833,0.7693828504766509,0.8268173617893115,0.8190228228469113,618,0.7587844849920848,0.7587844985539705,0.7246759949808529,0.7493125185121939,0.7346498801523308,512,1.0686560805681522,1.068656099395808,0.938655813922966,0.9574116479437893,0.9245609338861068,832
2060,19,0.865786175812114,0.8657861922818362,0.8349467728480157,0.8764880595507646,0.8627859190959701,236,0.8443587931163156,0.8443588069588233,0.7759282249464873,0.8148940951543846,0.7960372079515989,396,1.041721742784976,0.9917822494542865,0.7748298714006804,0.812049400873424,0.8062801204051416,368
2060,20,0.8298757520103456,0.8298757653376545,0.78607307512993,0.8423963300337456,0.8295896469077423,240,0.959830395454972,0.9598304140017684,0.8540425162998861,0.8783237545880961,0.8509260778879388,232,1.176813687908651,1.1768137096992943,0.8573716024224223,0.8848956233682581,0.8332545067680277,256
1584,8,0.8810998593117192,0.8810998742548665,0.841564273232535,0.9069621897060582,0.8952116279309719,357,0.9917822353928708,0.9917822494542865,0.9021030400678826,0.9410537437864376,0.9168269510184571,368,1.230303014972666,1.2303030301876314,1.0060994305352318,0.9819691239510653,0.9323726711825242,384
1584,11,0.8139628320735106,0.8139628461512077,0.7781259132108549,0.8390975683483479,0.8284276838145722,343,0.874683473416626,0.8746834904130195,0.7916113560981524,0.8230960367777724,0.8008699814091916,292,1.0172783843869913,1.017278402309471,0.8399544327386546,0.8245747999988398,0.784648837664556,352
1584,12,0.773984294278402,0.7739843068941459,0.7429630642692658,0.8034338593787167,0.7941219974789181,396,0.8522631959643284,0.8522632086677789,0.7841671865380674,0.8242223244561345,0.8054122790785119,412,1.0060994305352318,1.0060994530384273,0.7433786329620009,0.8270636464932076,0.788606345264656,384
1584,13,0.9634662093931349,0.9634662260565315,0.9210469993108077,0.9932175298817174,0.9805878706376568,406,1.023576169597728,1.0235761907038912,0.9336489295997116,0.975757388516289,0.9513311017665981,404,1.3278012032165531,1.3278012245402473,1.0777973539121675,1.0472935045694944,0.9927348392614498,384
1584,14,0.8210096562468158,0.8210096689500881,0.7811148942880946,0.839586617238672,0.8278204866358166,282,0.9674803678480023,0.9674803836176823,0.8578307329506025,0.8802374338851923,0.852029063794919,220,0.9282985898906704,0.9282986030520193,0.754140205549029,0.7974026814957678,0.7652148110039878,496
1584,16,0.700283968426323,0.7002839795384083,0.6669467911321629,0.7173766059334685,0.7075243329836335,251,0.765397159922759,0.7653971707745038,0.6961882157045616,0.7262479979221421,0.7075512339381572,284,0.9244299293826808,0.8785586201763613,0.7254151919106562,0.7121327818171795,0.7069207591524517,304
1584,22,0.9265449137860311,0.9265449297726576,0.8965351279231072,0.946091289623619,0.9326044324891913,307,0.996927208608102,0.9969272254299143,0.9325488014684662,0.9341861116577067,0.9083651870152735,316,1.414906721688199,1.4149067417486425,1.1253002281794293,1.0803520200910404,1.019449058026298,336
1584,27,0.5710268434597146,0.5710268506805466,0.5543558627979475,0.6041325573525114,0.5990146960147902,560,0.6177418831867343,0.6177418893284847,0.5812233937264409,0.6200605638814595,0.6095235599029692,564,0.8593765969155103,0.8593766071092392,0.7538962688164794,0.7683537909080098,0.7417619437730805,656
1584,28,0.661508255562449,0.6615082645512269,0.6392937067156784,0.694528898669437,0.6877705360441003,487,0.6883943637569867,0.676515176812762,0.6319456630282823,0.6709224013648324,0.6690427567090157,492,0.717857650272251,0.6664098768767764,0.604338498556422,0.6292019186735072,0.6552885600091632,928
1584,29,0.6823884926414747,0.6823885033630916,0.669397402315472,0.7219179752042261,0.7157969343594283,668,0.7074533608440995,0.7074533708743213,0.6664154407635193,0.7115076674905426,0.6996392242414404,672,0.8453417202576685,0.7716344490790765,0.7140165436751992,0.7037583021074372,0.7390095207796329,720
1584,30,0.9896120870583083,0.9896121015123035,0.9419340332553543,1.0127427008016372,0.998668965686642,346,1.0508838252891521,1.0508838382852683,0.9479184945424233,0.9834928523622524,0.9561199507764133,328,1.414906721688199,1.4149067417486425,1.1253002281794293,1.0803520200910404,1.019449058026298,336
1584,33,0.9091702970822042,0.9091703139169894,0.8719395457100676,0.9423241429562244,0.9311684232032406,445,0.9561611214257789,0.9561611391306766,0.8802078235732188,0.9254766813879765,0.9044756679164541,468,1.2092175857965604,1.2092175990568959,1.0106476583487134,0.9994846060592,0.9537615421255217,480
1584,35,0.9538322275896168,0.9538322420932944,0.9167619820027249,0.9922361283754477,0.9810804989230356,520,1.0601111228845073,1.0601111371547471,0.9765872490115113,1.027289530791368,1.0041636990044436,528,1.235849043114212,1.2358490552876935,1.051175952546438,1.0508135527498066,1.0068830932990114,608
1584,39,0.9009979798050608,0.9009979964885222,0.8651873625007801,0.9021763605624168,0.8864959815824618,196,1.0635183109500361,1.0635183286155794,0.9270668157773627,0.9410537437864376,0.9070651354557843,184,1.3871977968913514,1.3871978199333643,1.0634156201331357,0.9994846060592,0.9357368424590116,240
1584,41,0.8502478895140003,0.8502479052577402,0.8087234598608497,0.8691096906885336,0.8568691698163878,289,0.9338305498354373,0.9338305655925779,0.8429853991479377,0.8750604083882312,0.8508737194826612,296,1.1978046321169937,1.1978046561337146,0.964534743452693,0.9327999519769883,0.8826286199224442,320
1584,42,0.9540054375215857,0.9540054537662312,0.9154961570990545,0.989808231740553,0.9782554625384258,481,1.0319940804754968,1.0319940973941173,0.94835671937904,0.995981671855359,0.9729343652741764,484,1.250364543402942,1.2503645630485392,1.0531197300295012,1.046404492293581,1.0003336996109289,544
1584,43,0.9243223507186278,0.924322366876929,0.8896478079710648,0.9638155336682307,0.9533516831760784,542,1.0236233212440777,1.0236233403702961,0.950743466240918,1.0055526916184525,0.9850491667412912,632,1.209282832779338,1.2092828481264366,1.0236850818730105,1.0203250953816099,0.9765652100043007,560
1584,44,0.9168112418081202,0.9168112558335941,0.8596256235895224,0.9149343748171487,0.8985460113645648,187,1.0197686539897808,1.0197686695903079,0.898324390064651,0.9179688879438705,0.8871105359610724,208,1.3335436244481749,1.2503645665555003,0.9109573275738237,0.9402015998287743,0.9318525636990035,272
1866,2,0.836247099598226,0.8362471159423724,0.802349562066291,0.8673727999987796,0.8572071143209493,418,0.9322992635626203,0.9322992802776284,0.8556438850455146,0.8978549137380658,0.8767840145654081,424,1.1211451356615063,1.1211451515570197,0.9315453994284615,0.9179688879438707,0.8747826675983029,416
1866,4,0.9500307917436599,0.9500308067263423,0.9156269755789743,0.9928780882973788,0.9824680310088314,599,1.0276488219287585,1.0276488358205527,0.9527595474672366,1.0064770358513315,0.9854822560332437,604,1.1894885778814956,1.1894885994934798,1.0240827473378933,1.0314681134530945,0.9912186149753681,688
1866,5,0.8230144413954701,0.8230144577239935,0.7950848927205758,0.8635631723492903,0.8550723264473505,593,0.8637654632705464,0.8637654802200645,0.8057893082393582,0.8547308367542703,0.838280120389394,604,0.999621199665291,0.9996212215187082,0.8652815083195178,0.8744735320855395,0.8414500161486902,624
1866,6,0.6870740459226645,0.6870740596989224,0.6616082619579571,0.7169940085084178,0.7093019808873222,413,0.7620339897589823,0.7620340031845492,0.7042696171873619,0.7424191533732939,0.7263246665016019,412,0.874937141858401,0.8568198670000247,0.7301686932084617,0.7307738921706357,0.7132086569591842,432
1866,7,0.8480164282610905,0.8480164455292574,0.8058734177919622,0.865517498521916,0.8531167492453037,278,0.9042474527884365,0.9042474678084153,0.8242898467915016,0.8611147057102574,0.8394225367292814,352,1.137434267911678,1.1374342894438076,0.9528670198119416,0.9436809451514125,0.9009987865222898,464
1866,8,0.9679508664736483,0.9679508797124886,0.91370094888577,0.976892052576197,0.9611383110055607,247,1.125795337132221,1.1257953554823938,0.9982030347061556,1.0242762867027693,0.9914520015068149,256,1.4253075265915784,1.4253075434982507,1.1057596701548211,1.0464044922935811,0.9821374632225023,272
1866,9,0.9364221774617698,0.9364221917872538,0.8780133374630951,0.9345051635832908,0.9177662469017748,191,1.0635183109500361,1.0635183286155794,0.9270668157773627,0.9410537437864374,0.9070651354557843,184,1.3871977968913514,1.3871978199333643,1.0634156201331357,0.9994846060592,0.9357368424590116,240
1866,10,0.917249155495506,0.9172491707314492,0.881104085313406,0.9532753836340194,0.9424103338708869,486,0.9878308190514726,0.9878308323487417,0.9100017547607264,0.9572470627828656,0.9356979922541405,492,1.250364543402942,1.2503645630485392,1.0531197300295012,1.046404492293581,1.0003336996109289,544
1866,11,0.8158371080313207,0.8158371240002655,0.7846110540995125,0.8495619151503198,0.8401535347509423,459,0.890753017717999,0.8907530346989291,0.8223146462873298,0.8662199919179734,0.8471927497078232,468,1.0106476583487134,1.0106476786128216,0.9072337926173124,0.8555018707294602,0.8192001359139893,480
1866,12,0.8761637256461073,0.8761637405055395,0.8643667819463281,0.9018811690354361,0.8901964367380814,355,0.9672057050681565,0.9672057227692217,0.8803237018881855,0.9187259849442968,0.895225251478162,364,1.2022380906391716,1.202238111820284,0.9926734205093192,0.9744974909077204,0.9273122626944753,416
385,3,0.7676870542216593,0.767687066283478,0.7344055519573471,0.7923319509041986,0.7824090431807178,334,0.8068436236297188,0.8068436375842876,0.7380920753758119,0.7728460697763011,0.7540667395871692,340,0.9805467826824812,0.9805468012446618,0.774352742668751,0.8135180561650108,0.7767230918295601,400
385,4,0.911749413340493,0.9117494292493512,0.8696999351880076,0.9364510343629565,0.9239856206738611,349,1.0043913491373557,1.0043913650750078,0.9120975768692625,0.9504774392893035,0.9256218485157551,360,1.2724761530825304,1.2724761735177368,1.0328891308324937,1.003656275212432,0.9513708876255563,368
385,6,0.8305101747686883,0.8305101895385103,0.7929466664614498,0.8543482404971915,0.8431921070189254,331,0.950294068216694,0.9502940808665478,0.8609193638518755,0.8957553601171642,0.8717960148913662,324,1.1618260528144841,1.1618260714727164,0.8803370017183278,0.9163818164983076,0.8686429843537686,336
385,7,0.8579996772111008,0.8579996921624969,0.8133022576060653,0.8720037435779843,0.8589167664602184,255,0.9897255752422209,0.9897255902513845,0.8847307738459512,0.9125960242032242,0.8851622033764669,260,1.1770161688565015,1.1770161808574775,0.9444887895305524,0.9115299607259905,0.8618345542303922,304
385,8,0.9233466595615633,0.9233466759823921,0.8815842092381073,0.9498494033322255,0.9374462096162075,368,0.9900221959334335,0.9900222157839886,0.8996564846733152,0.9379261526104417,0.9135580891345436,360,1.2724761530825304,1.2724761735177368,1.0328891308324937,1.003656275212432,0.9513708876255563,368
385,9,0.832503777087747,0.8325037900279538,0.7899187713579956,0.847501466062863,0.8350085385549905,257,0.9405258522783918,0.9405258673826752,0.845068916948389,0.8745706829308422,0.8493831683415716,272,1.1770161688565013,1.1770161808574775,0.9444887895305524,0.9115299607259905,0.8618345542303919,304
385,10,0.7081504683824051,0.7081504762417238,0.6806609305381965,0.7367215947246828,0.7284483262403177,387,0.7499987727272117,0.7499987807497946,0.6925087539760468,0.7295767320788296,0.7135873415918068,396,0.9813535767709065,0.9813535838110741,0.8384779468052586,0.8405301743477304,0.8062555800761024,512
385,14,0.9232367741115096,0.9232367889381407,0.8745062960820471,0.9371659171625417,0.9229184821848634,267,1.0354052171764774,1.0354052328783716,0.9255645018696106,0.9547158407049116,0.9260158435323039,272,1.3744708899359803,1.374470900308769,1.0780241689052943,1.026602244875352,0.9658045416502269,288
385,15,0.8922741249552187,0.89227414006435,0.8374733212983279,0.8919665076047265,0.8762301331390009,188,0.9235352458594919,0.9235352651015158,0.8145012681102105,0.8329309639979185,0.8051645697038698,192,1.2092175857965604,1.2092176139259803,0.9424777960769377,0.894271168390569,0.8401780661181381,240
385,17,0.8562607797442994,0.8562607960142888,0.8327561223794575,0.8858705673978108,0.8751209376766702,398,0.9627696644731104,0.9627696843254422,0.8781846367522039,0.9177916030598758,0.8948163828497705,380,1.1737826689577704,1.1737826952114985,0.9777041691561843,0.964907587575409,0.9200407361420987,448
385,18,0.9189997597649721,0.9189997753645518,0.8865157458409767,0.9619030227564946,0.9520562824854021,609,0.9956925618312445,0.9956925772373411,0.9244299293826808,0.977461351510941,0.9574285013403713,608,1.1379144005111443,1.1379144166444108,0.9739898868533604,0.9774613515109414,0.9380052521984367,608
385,19,0.9119661189525949,0.9119661333349696,0.8789407528512692,0.9530966623889695,0.9431037025543874,575,0.9732038512305465,0.9732038643863513,0.926443892012045,0.9531537491837113,0.933271275581152,572,1.126704741019566,1.1267047584527807,0.973783368255521,0.983177499765391,0.9456950624374977,688
385,20,0.9876848313866421,0.9876848477925555,0.9338375621798204,0.9995098153383012,0.9838231690153915,267,1.0927744108680029,1.0927744228514173,0.9678890925374923,0.9924920285213132,0.9604294571386179,244,1.2801537005750372,1.280153718724962,0.9444887895305524,0.9774613515109412,0.9223586715476029,304
385,24,0.9903349845646703,0.9903350008812949,0.9392142642888616,1.007344949877595,0.9923624910384611,300,1.0810848591107336,1.0810848755053586,0.9663982298932698,0.9968356572065985,0.9668694836881409,284,1.3744708899359803,1.374470900308769,1.0780241689052943,1.026602244875352,0.9658045416502269,288
385,27,0.9722872976189901,0.9722873118959641,0.9172491554955058,0.9802933867438969,0.964329417022824,243,1.0848751185407877,1.084875138629037,0.9594091255755065,0.9828265292915467,0.9507093995202983,236,1.3175850953286932,1.3175851217470858,1.0609882177979622,1.026079947174687,0.970891481914689,352
385,28,0.8781084693298881,0.8781084838402443,0.8487644258129757,0.9222056674266889,0.9132752643064973,653,0.9076299181417199,0.9076299321002601,0.8471299507486991,0.8988799498682615,0.8816964367070379,644,1.0742998693442378,1.0742998859666049,0.9284911185692176,0.937448313729791,0.9017092455799399,656
385,29,0.9303231441167792,0.930323157955348,0.8935568049715572,0.9666696859388709,0.9556204899857923,490,0.9681047954157906,0.9681048098459237,0.890753017717999,0.9362525433142499,0.9148857927396689,468,1.2001595477065283,1.200159555542219,0.9710384578239459,0.9417407268613505,0.8920335692972129,336
385,31,0.9824065138561544,0.9824065302970364,0.9352419753403731,1.0056689055157977,0.9917418567429176,346,1.0474045356262338,1.0474045532997833,0.94551065039566,0.9814866742732864,0.9543583610413633,332,1.3974662543915228,1.397466280267912,1.100729258087147,1.0508135527498064,0.9894897267870328,304
49,1,0.7959832397527621,0.7959832505688275,0.7692527969925823,0.8357164981936139,0.8275842589770899,586,0.8174306716183192,0.8174306841896752,0.7629431233451016,0.8095502654093039,0.7940744305746614,580,1.1046652509129269,1.078024184189442,0.8957167302196745,0.8826623922537218,0.8584929259113127,400
49,5,0.9398166360878244,0.939816651815951,0.8946968029990275,0.9620705425599105,0.9487472675777627,331,1.0095747912995068,1.0095748065038328,0.9130204695830554,0.9488806102386914,0.9230838559162656,332,1.217151102948507,1.2171511224952265,0.98798090775282,0.9600190458553697,0.9100069359896622,352
49,6,0.8282033808231924,0.8282033957033794,0.7889135076849308,0.8486655462700766,0.8370500640373424,299,0.8986474041951636,0.8986474216572119,0.8132993384570059,0.8456466131278481,0.8228116247354709,300,1.1770161688565013,1.1770161808574775,0.9444887895305524,0.9115299607259905,0.8618345542303919,304
49,8,0.9598179616791475,0.9598179761816237,0.9096248971136576,0.9751399599044259,0.9604500052777829,283,1.0529332270693823,1.0529332409792647,0.943287690155916,0.9743651895608478,0.945596446141197,288,1.2898320915163313,1.2898321215210458,0.9269299015470713,0.9538892462832739,0.8961899371926806,256
49,11,0.862963691107741,0.8629637045546227,0.8286194840097671,0.896241750864923,0.8859263958585761,448,0.9075193703481008,0.9075193825642911,0.8360178722598544,0.8794220983289741,0.8596249847538039,452,1.1401809566205188,1.1401809710906403,0.9651887914802673,0.9620208042169461,0.9207614837183408,528
49,12,0.880789199285665,0.8807892120730568,0.8467912915407191,0.9166778679044824,0.9064411962256452,487,0.9218190570947739,0.9127808045303483,0.8450285557646746,0.8918088704258227,0.8808774707553836,516,0.9710384578239462,0.9710384739533552,0.8464523100575921,0.8592229834571822,0.8281899062857161,672
49,13,0.9117697404284122,0.911769754491704,0.8794576625693196,0.9541825126875191,0.9443897438702413,601,0.9759627091272784,0.975962722964406,0.9069845797171014,0.9596286727423277,0.9402015998287743,612,1.003202737846035,1.0032027488472026,0.8885539210180257,0.9111402229048121,0.881705731143649,896
49,14,0.9198962591174,0.9079071394879967,0.8779707349911604,0.9256222077650981,0.9236375476076606,290,0.9847515495512646,0.9590692295275124,0.8657687883140981,0.8987106896960215,0.8950071940435655,304,1.1790403893488048,1.1790404039298135,0.9021030400678826,0.9410537437864376,0.8935238098832523,368
49,17,0.8882699146847195,0.8882699324950786,0.8607763751235017,0.9104795201343164,0.8980604983763667,323,1.0221658721171678,1.0221658893648486,0.9227272612294993,0.9578363929654967,0.9313617740283183,324,1.1433285346948796,1.1433285590611555,0.9377115811450307,0.9168269510184571,0.8710979576396682,368
49,18,0.9023108118210437,0.9023108296743798,0.8641414033736581,0.9329985937315465,0.9215935593238513,413,0.891348029937038,0.8913480442515548,0.829443656782975,0.8783573622007876,0.8608776114920731,580,1.105630018541109,1.1056300325727422,0.9359406462838954,0.9328686586346141,0.8928596205753607,512
49,19,0.8046907552391825,0.8046907707518978,0.7714982112375881,0.8335978557501372,0.8236582744935563,388,0.8971181592772386,0.8971181753614915,0.823355436553231,0.8639735962385159,0.8436978253365254,408,1.0589905252970802,1.0589905453442345,0.8871520529283593,0.8785995006582117,0.8388609391759253,432
49,22,0.6009984741647016,0.6009984862150912,0.5950033633687977,0.6311423066099412,0.6250243514585747,446,0.6646989443437726,0.6646989553847371,0.65107608924061,0.6573570492617442,0.6446439499348529,460,0.7784673089538365,0.7784673238758203,0.6762733762061349,0.6850007916442192,0.6597089154669191,512
49,23,0.5944154049730076,0.5944154180834705,0.5805134146283316,0.6216370309232071,0.6151869621225207,383,0.6721014880212021,0.672101501497251,0.6236395194915939,0.6591636282076663,0.6455556172157021,404,1.0365281423822896,1.0365281555369457,0.8774443558911519,0.8745643674699506,0.8370558942894006,480
2352,2,0.8563594359499158,0.856359448091317,0.8252653311658438,0.8948314043910021,0.8854246834158706,537,0.8843322095211711,0.8843322232042173,0.8210397399122494,0.8681400161445861,0.850347682111514,540,0.717649550441818,0.6584343393269495,0.5979306337254053,0.6230907657563212,0.6561680421573454,944
2352,4,0.8243477264466565,0.8243477418067404,0.8033005806390451,0.8777103598109052,0.8712002205573705,1063,0.8145076825286728,0.8145076973275768,0.7878909315967365,0.8310509747605125,0.8191012444428643,1060,0.8990320646778747,0.8990320791157924,0.8077864647300776,0.835986682213305,0.8119103815029729,1040
2352,6,0.5205527591012178,0.5205527647766561,0.5107319597956658,0.5606864852492217,0.5576069860750217,1242,0.606047692216131,0.6060476992834002,0.5813651960419438,0.628393917129061,0.6209947057092011,1200,0.7107825630571967,0.7107825701618838,0.6460838652415954,0.6736888542056025,0.6562328463887837,1040
2352,7,0.5844613282600449,0.5844613399788546,0.5746145700617427,0.6219168320394121,0.6172411664856273,733,0.6358843776234954,0.6358843916152804,0.6030088028096019,0.6467138006288699,0.6370802495856106,768,0.7336553371716585,0.7336553518819001,0.656425133104667,0.6774982116413225,0.6572836464008487,784
1657,2,0.8393781963429778,0.839378211255976,0.8052524600920479,0.8704362128143666,0.8602046452109079,417,0.8936351957684221,0.893635209088545,0.8222335548166144,0.8642331169054615,0.8445099625289251,432,1.1286030800767899,1.128603092453103,0.9432711477921326,0.9328522989885867,0.8901774393171537,448
1657,3,0.9602472800643509,0.9602472951516557,0.9053413723674956,0.9671722846529311,0.9512656501574566,235,1.0106476583487134,1.0106476726776017,0.8983534740877451,0.9232980814355124,0.8942711683905694,240,1.341465907380309,1.341465923292471,0.9582437056935948,0.9848512868645469,0.9243646712682373,256
1657,5,0.7705128318069908,0.7705128461428523,0.7407366660780437,0.8018446385428654,0.7928799591804403,425,0.8508146487600289,0.8508146637497395,0.7863204463742391,0.8289145887177555,0.8109450159969342,460,1.0349032021490827,1.0349032168218641,0.8598880610108874,0.8473558965635729,0.8074916931676642,384
1657,6,0.7106721266452386,0.7106721402199146,0.6749103451790913,0.7245387626299215,0.7140293727657538,227,0.8091987148532885,0.8091987291098065,0.7336141680986065,0.7636515137485896,0.7433613077476773,280,1.341465907380309,1.0780241841894418,0.8573716024224223,0.8231253486407926,0.9243646712682373,256
1657,7,0.8595001632923273,0.859500178289503,0.819860397354884,0.8827862186401506,0.8710351553057315,329,0.924691168581644,0.9246911855046405,0.841628154552441,0.8783424251665254,0.8558746909736273,348,1.197804632116994,1.1978046561337146,0.964534743452693,0.9327999519769883,0.8826286199224446,320
1657,8,0.5505754411054655,0.5505754543651504,0.5449621301326387,0.5774592733006959,0.5717417470026581,391,0.6174648707837566,0.6174648853597959,0.5744912689651903,0.608306238984245,0.5961756429939675,400,1.0899410497465012,0.8053268717294714,0.6520451880274771,0.6889200112045867,0.8543235407033775,416
1657,11,0.6754206994594812,0.6754207093576696,0.6392938771376828,0.6847555298103197,0.6742085508328334,190,0.7319917196270518,0.7319917300051766,0.6357989902418694,0.6828919628863536,0.6635607709645355,220,1.1453924082799836,0.9292233006769558,0.6935988984456756,0.719628916362624,0.8048371180418558,240
1657,12,0.7741524651412809,0.7741524746342618,0.732581907147335,0.784559826957026,0.7724288965397628,216,0.851788016935626,0.851788025620543,0.7607194393428169,0.7842100481686715,0.7604571763320971,220,1.2503645434029418,1.0181339577136574,0.7126537632957892,0.7928799591804402,0.8853329134410295,272
471,3,0.9360835500745653,0.9360835679548657,0.8889788247072612,0.9543484142129807,0.9405056495901339,299,0.9956925618312449,0.9956925805062536,0.8971355558430814,0.9301326129857042,0.9039875916879593,304,1.197804632116994,1.1978046561337146,0.964534743452693,0.9327999519769883,0.8826286199224446,320
471,5,0.7354520441198341,0.7354520588661007,0.7029234894855502,0.7578936934748297,0.7482128675210034,307,0.7681978240514805,0.7681978382759282,0.7071755163750647,0.7435453679527331,0.7266727588388605,376,0.9730841361922956,0.9247985475540647,0.7635949388533224,0.7496134545443999,0.7441271148973176,320
471,6,0.8132143276702004,0.8132143449288157,0.7752180711153753,0.8343584817789569,0.823108731949233,303,0.9320613054577823,0.9320613253215941,0.8420291827438808,0.8744999549784266,0.8504946258852556,300,1.1454006794618754,1.1454006957012821,0.9109573275738237,0.8745706829308422,0.8252682850689079,272
471,7,0.9202262510515192,0.9202262659119714,0.8792599418748364,0.9478254543831884,0.9356407486220215,379,1.0070028451507584,1.0070028618775533,0.9179591475632631,0.9589686495409688,0.9348114613576082,392,1.2073870691739297,1.207387086292175,1.0032027378460353,0.9885818793241684,0.9420736420289415,448
471,8,0.8675660316775176,0.8675660458186197,0.8464475344392157,0.9256352960853907,0.9190871125936974,1233,0.9121649852326913,0.9121649973749887,0.8676825266158822,0.9325191374532337,0.9194046858403383,1244,0.984307876853569,0.984307893462447,0.8885521774802586,0.9223609710038116,0.8968668935087509,1248
471,10,0.8885539210180258,0.8885539361481738,0.8412124350718418,0.9011670459630562,0.8873400205691019,252,0.9206366511368027,0.9206366677224933,0.8254925385704519,0.8531725866819234,0.828166699227369,256,1.176813687908651,1.1768137096992943,0.8573716024224223,0.8848956233682581,0.8332545067680277,256
471,11,0.6213057794512693,0.6213057880316306,0.6043993943903768,0.6431992591216583,0.635460732664798,294,0.6860153802124601,0.6860153899387357,0.6292684303400425,0.660076214918275,0.644494099655277,308,1.0002668694928263,0.8464523193398272,0.6664154407635192,0.6996392242414401,0.7676839313974309,336
471,13,0.7911127610425834,0.7911127705079661,0.758081268114876,0.818806972247776,0.8089259356672119,372,0.7950833421633805,0.7950833528660605,0.7324404367586336,0.7704671480935261,0.7531227742533327,396,1.0882958272169045,1.0882958391512063,0.9095828925138422,0.89953614545328,0.8583853879129696,432
1836,1,0.6492881366397407,0.6492881460661754,0.6242260239489079,0.675744054574351,0.668197924938412,359,0.6940630475691238,0.6940630559386689,0.640130171493558,0.6738863289512117,0.6589194810316208,356,0.9450734885362998,0.8292225244295566,0.6639006016082767,0.6996514939759608,0.7481585262293725,384
1836,2,0.8030180033682297,0.8030180194692351,0.7781631626503482,0.8230960367777721,0.8118689335167157,292,0.9341478733929999,0.8669986383319356,0.8132993384570059,0.8181980504449174,0.8522186365883854,300,1.217151102948507,1.2171511224952265,0.98798090775282,0.9600190458553697,0.9100069359896622,352
1836,3,0.8172317277143409,0.8172317428467322,0.7837658837843305,0.8470329374887413,0.8370053242276321,400,0.9467053134940507,0.9467053290144382,0.8699801310006069,0.9136691369912797,0.8925265664911867,444,1.1032628324143605,1.1032628497487107,0.929223291202501,0.9232980814355124,0.882647382009643,480
1836,4,0.794906710404914,0.7949067216750431,0.7720334859435796,0.8416069049546931,0.8345789337993965,803,0.8532854078111579,0.853285419032532,0.8042903758081266,0.8590725818169732,0.8448854818955722,828,0.949459734032855,0.949459744444674,0.8409528181063457,0.8623291395349117,0.834471495546668,848
1836,5,0.8552553647169702,0.855255384115166,0.8293029269057669,0.903029724977028,0.8950813584467171,775,0.9418401315777463,0.9418401493029546,0.8810841377499877,0.9363454903097401,0.9190114317897439,716,1.1021464509130132,1.1021464750078065,0.9540283296856221,0.9641631251199537,0.9277525819075303,688
1836,6,0.835907031314521,0.8359070437251799,0.8041644033468747,0.8709203492721596,0.8613503769719286,478,0.9184583956508783,0.9184584093410045,0.8450733757837426,0.8882395923750577,0.867968572599173,444,1.0172783843869913,1.017278402309471,0.8399544327386546,0.8245747999988395,0.784648837664556,352
1836,7,0.8136570993262849,0.813657113580915,0.7991830822400335,0.8636442330828671,0.8567942329603404,914,0.8369860595303724,0.8369860739271263,0.8060177695188814,0.8442277206807981,0.8305353092469194,844,1.1741605384881053,1.1741605584815153,1.000601542544929,1.0014308892708712,0.9599979177352803,592
2615,2,0.9443173759824106,0.9443173899149735,0.883805687025733,0.9395249532960054,0.9222451315473964,182,1.0481050020956877,1.0481050205612732,0.9206047405782936,0.9389998854833319,0.9067809159267585,204,1.446802115179039,1.4468021213147737,1.10326283241436,1.0338295581165096,0.9668231181562356,240
2615,8,0.7337170981458592,0.733717112103251,0.6938748341808915,0.7427864911447158,0.7311745077084494,200,0.7829314965845372,0.7829315132701391,0.7073045135048599,0.7345799621818784,0.7144154857436147,252,1.2127771900184563,0.9958509184051855,0.8083480154341256,0.7854701284271207,0.8738134783082554,288
2615,10,0.7504030264468643,0.7504030417273284,0.7259715353203883,0.7658895850229904,0.7549162601235421,246,0.8027916810810128,0.8027916966804426,0.7522127365845335,0.7554443077275446,0.735045051430354,268,1.106501002680461,1.1065010204502062,0.8981644615934729,0.8727445871412453,0.8272790327178748,320
2615,17,0.915936941107715,0.9159369577495013,0.8702523391566317,0.9345403414288028,0.9211025314866925,298,1.0644861278769282,1.064486147054133,0.954475747722085,0.986480803350974,0.9575677459816453,296,1.1211451356615063,1.1211451515570197,0.9315453994284615,0.9179688879438707,0.8747826675983029,416
2615,28,0.6700899412037814,0.670089955484538,0.6523921856984226,0.6951773751464649,0.68705363755154,337,0.6556851054023308,0.6556851192670926,0.6189564793086563,0.6286574746661049,0.613474004656086,280,0.9019924652340076,0.8384162108653561,0.6983601208258459,0.6892197054110064,0.6986247903374154,320
2146,5,0.7286419181715148,0.7286419299268613,0.7016657809879449,0.760427400180182,0.7522784650045078,439,0.755093229719273,0.7550932414852948,0.696749774179254,0.733722561072311,0.7175167442753146,392,1.1065010026804611,0.9247985475540647,0.7165733841757396,0.7496134545443999,0.8272790327178752,320
2146,6,0.8453288836473126,0.841660862296,0.8131571961255964,0.8832357526478962,0.8782521685900959,609,0.9779982109763025,0.9779982279493449,0.9092319788493062,0.9622568567944074,0.9428746704255796,620,1.0349032021490827,1.0349032168218641,0.8598880610108874,0.8473558965635729,0.8074916931676642,384
