img,id,FF_sk_1,FF_cv_1,FF_ij_1,FF_cr_1,FF_ours_1,A_1,FF_sk_2,FF_cv_2,FF_ij_2,FF_cr_2,FF_ours_2,A_2,FF_sk_4,FF_cv_4,FF_ij_4,FF_cr_4,FF_ours_4,A_4
cd5413362552,4,0.97577322845209,0.9757732411152795,0.9317000060158199,1.0038901907510427,0.9907990307713249,390,1.062039577748061,1.06203958902934,0.9597517336201398,0.9969642306687128,0.9696747830532662,344,1.25731000235922,1.257310010568039,1.0172783843869908,0.9865855233785574,0.9345113583113657,352
cd5413362552,5,0.9517979207130891,0.951797935047288,0.9045685633895686,0.9715690199246757,0.9576694337648866,313,1.0789583326647456,1.078958351223594,0.9623115348078826,0.9911729497992777,0.9608264424375628,272,1.3239153988972323,1.3239154234117063,1.0427961392404552,0.9955075762892902,0.9374113201140312,288
cd5413362552,6,0.9643847944066829,0.9643848072855274,0.9196053958663374,0.9899657050491123,0.9766996461550607,364,1.062039577748061,1.06203958902934,0.9597517336201398,0.9969642306687128,0.9696747830532662,344,1.25731000235922,1.257310010568039,1.0172783843869908,0.986585523378557,0.9345113583113657,352
cd5413362552,7,0.9309322881292142,0.9309323049848726,0.8896240077739915,0.9590964827548588,0.946806381283146,386,1.0155512530166595,1.0155512691313966,0.922231994390032,0.9610382997258509,0.9359065357214856,364,1.2389643882700017,1.238964400902608,0.994198725821634,0.9595052218168321,0.9071942676109392,320
cd5413362552,8,0.9334685174914721,0.9334685339373839,0.8882699146847195,0.9548801078020225,0.941544951526773,323,0.9825913439124128,0.9825913623416976,0.8853311406346198,0.9178940259727344,0.8920930181131177,300,1.1768136879086513,1.1768137096992943,0.9269299015470713,0.8848956233682581,0.8332545067680279,256
cd5413362552,9,0.9738694737359691,0.973869490893668,0.9202588223331201,0.9846035427725596,0.9690030694007465,258,1.0554331285614573,1.0554331457647441,0.9358153450370208,0.9602590187838463,0.9294862514126392,240,1.3871977968913514,1.3871978199333643,1.0634156201331357,0.9994846060591996,0.9357368424590116,240
cd5413362552,10,0.9537074682618427,0.9537074847171328,0.9065546556323106,0.9738268648894585,0.9599446275784507,316,1.110692401272532,1.110692420377229,0.9906148152434084,1.0203250953816094,0.9890860436857263,280,1.4253075265915784,1.4253075434982507,1.1057596701548211,1.0464044922935811,0.9821374632225023,272
cd5413362552,11,0.899603657887882,0.8996036756714821,0.859049381896575,0.9256679979052661,0.9136198973061055,361,1.0474045356262338,1.0474045532997833,0.94551065039566,0.9814866742732868,0.9543583610413633,332,1.3974662543915228,1.397466280267912,1.100729258087147,1.0508135527498064,0.9894897267870328,304
cd5413362552,14,0.808117754446486,0.8081177663695447,0.7908129897060429,0.8495623090453059,0.8414771300241868,623,0.8771604828971786,0.8771604937448855,0.8384846307591015,0.8681971894779243,0.8515205275187859,616,0.9906148152434087,0.9906148266220833,0.8970959484175688,0.8567010909078856,0.8229419744558036,560
cd5413362552,16,0.9238139972488998,0.9238140129794505,0.874593880908026,0.9369276430250827,0.9225519261472408,262,0.9620260937502334,0.9620261065562582,0.8715479979735036,0.9068140682667588,0.882558928655457,328,1.25731000235922,1.257310010568039,1.0172783843869908,0.986585523378557,0.9345113583113657,352
cd5413362552,19,0.9985634134429399,0.9985634295920645,0.942826471117429,1.0081965991520287,0.9920033120146945,257,1.1766561392189776,1.176656157219586,1.0365281423822894,1.0591948707044663,1.0235890799550833,240,1.3871977968913514,1.3871978199333643,0.9756702971954302,0.9994846060592,0.9357368424590116,240
40d2c3d86dc1,18,0.8644629442365664,0.864462956106565,0.8210285247765919,0.881449669551618,0.8686834717308,277,0.9338305498354373,0.9338305655925779,0.8735267254261583,0.8750604083882316,0.8508737194826612,296,1.2389643882700017,1.238964400902608,0.994198725821634,0.9595052218168321,0.9071942676109392,320
0455b0f87c21,1,0.9549943233595587,0.9549943380748553,0.9108011886436068,0.9805977470265801,0.9675010986653062,363,1.0947196532163326,1.0947196697029513,0.9900221959334335,1.028906685800991,1.0009343015959506,360,1.282282715750936,1.282282715750936,1.0252525124772216,0.9873739496825646,0.9327999519769883,320
0455b0f87c21,2,0.9681883773454033,0.9681883928939302,0.9170852543182516,0.9827957183727032,0.9678545880590328,280,1.130095697229925,1.1300957109551768,1.0069463371808778,1.0365025544317628,1.0045234419854405,280,1.347530211131618,1.3475302302368022,1.0717145030280277,1.0289066858009908,0.9709038647869503,320
0455b0f87c21,3,0.9246039547582935,0.9246039719987654,0.8732052463263471,0.933899573446698,0.9189596072146755,240,1.121650546287933,1.12165056705714,0.9919314688153542,1.0161426828268534,0.9829368367921729,244,1.341465907380309,1.341465923292471,1.0407149836751257,0.9848512868645469,0.9243646712682373,256
0455b0f87c21,4,0.9618815953393659,0.9618816094951177,0.9040609300033277,0.963784510544564,0.9471356489815556,212,1.14402564863419,1.1440256648541016,1.0004965163477828,1.0176810158393954,0.9817089016604247,208,1.3871977968913514,1.3871978199333643,1.0634156201331357,0.9994846060592,0.9357368424590116,240
0455b0f87c21,5,0.9225955956312877,0.9225956134585963,0.8695284247635652,0.9286877797966734,0.9133247518264583,223,1.0865638889524338,1.0865639031680412,0.9598303954549716,0.9825582074869398,0.9501853920347008,232,1.3239153988972323,1.3239154234117063,1.0427961392404552,0.9955075762892903,0.9374113201140312,288
0455b0f87c21,6,0.8586724015223735,0.8586724169499921,0.8179370815462493,0.8798873556646278,0.8678445479985825,310,1.0218949976689091,1.0218950168353655,0.9207443862600045,0.9546097870116441,0.9277767388376424,312,1.2801537005750372,1.280153718724962,1.0181287778766264,0.9774613515109412,0.9223586715476029,304
0455b0f87c21,11,0.9061465396896613,0.9061465564684568,0.8618921302323242,0.9262483900763612,0.9132031290776729,308,1.0373446900129322,1.0373447066720682,0.932061305457782,0.9646000179384289,0.9368196709649685,300,1.3009126076835016,1.3009126209477384,1.0439086621127158,1.0074804829076738,0.9525539809914859,336
43e04ce37426,3,0.8679131967508708,0.8679132132963924,0.8335721380965944,0.901746510070336,0.8914271826694209,456,0.9071272177629185,0.9071272345598727,0.8350689608258742,0.8780163387526954,0.8580923003309948,444,1.0589905252970802,1.0589905453442345,0.8871520529283593,0.8785995006582117,0.8388609391759253,432
43e04ce37426,5,0.9596295402285514,0.9596295513836655,0.9136254831472369,0.9824734715020167,0.9688871291292664,339,1.0964195283831062,1.0964195408086201,0.9843078768535688,1.0181141188158012,0.9885799395095983,312,1.3962634015954636,1.3962634015954636,1.0780241689052945,1.0173456449338898,0.9538892462832739,256
43e04ce37426,7,0.9458103095663247,0.9458103266055303,0.894939205851866,0.9583767860191545,0.9435345187220386,263,1.0611800412661492,1.061180056311482,0.9432711477921325,0.9694629855072884,0.938984726810098,252,1.446802115179039,1.4468021213147737,1.10326283241436,1.0338295581165096,0.9668231181562356,240
43e04ce37426,8,0.9553250010302514,0.9553250198956867,0.9092315043130137,0.9775327023039958,0.9639286918104816,333,1.0501011802029157,1.0501011991209688,0.9415774268069216,0.9731499816840691,0.9446276413062176,292,1.4253075265915784,1.4253075434982507,1.1057596701548211,1.0464044922935811,0.9821374632225023,272
43e04ce37426,10,0.9723996341725809,0.9723996511174965,0.9217425586202074,0.9882709093883821,0.9734390019882475,289,1.0978072487376416,1.0978072620707433,0.9781764418328527,1.0068881957337126,0.975822772214428,272,1.3871977968913514,1.3871978199333643,1.0634156201331357,0.9994846060591996,0.9357368424590116,240
43e04ce37426,13,0.9060910588687948,0.9060910754513862,0.8639590936456069,0.9300184506723894,0.917538398388753,341,1.0221658721171676,1.0221658893648486,0.9227272612294993,0.9578363929654967,0.9313617740283183,324,1.1978046321169937,1.1978046561337146,0.8981644615934729,0.9327999519769883,0.8826286199224442,320
43e04ce37426,14,0.8659941812893848,0.8659941957820697,0.8244185042740284,0.8865000467697061,0.8742233130248264,305,0.9839662434207364,0.9839662545718385,0.8833532228173053,0.9136921579116167,0.8871871252009216,280,1.2576242881690396,1.2576243030866916,0.8983534740877451,0.9232980814355124,0.8665918793139724,240
43e04ce37426,16,0.9309322881292142,0.9309323049848726,0.8896240077739915,0.9590964827548588,0.946806381283146,386,1.0474045356262338,1.0474045532997833,0.94551065039566,0.9814866742732864,0.9543583610413633,332,1.298111396050648,1.2981114058471708,1.0181339372994447,0.9695687868267215,0.91214873378077,272
43e04ce37426,18,0.9625312375642668,0.9625312536725298,0.9163208949144118,0.9853230028030503,0.9716777151325118,339,1.1114295174621258,1.1114295321447794,0.9956925618312447,1.0284965889808946,0.9981295820379301,304,1.2503645434029418,1.2503645665555003,0.9109573275738237,0.9402015998287742,0.8853329134410295,272
43e04ce37426,20,0.8111227936150261,0.8111228074266901,0.7847688851532391,0.8532345214525138,0.8451987882926794,639,0.8481526948271001,0.8481527103996688,0.7918918256946218,0.8404618193691907,0.8244714796411478,608,0.9432876901559162,0.9432877047511652,0.8152604943534595,0.8231253486407927,0.7917447034360449,576
43e04ce37426,22,0.9515213327582444,0.9515213518368334,0.9065375077218495,0.9753124271407847,0.962009078756108,346,1.0650072150799437,1.0650072321833233,0.9569162736033229,0.9903226850834537,0.9618015288573677,308,1.4253075265915784,1.4253075434982507,1.1057596701548211,1.046404492293581,0.9821374632225023,272
43e04ce37426,23,0.8648087235326332,0.8648087368081706,0.826610045225793,0.8912904146124149,0.8799207071733733,362,0.9972221703508518,0.9972221836253896,0.9034339003383879,0.9399901927155427,0.91484766994773,340,1.0189180956789345,1.0189181073827143,0.875775722573066,0.8811782649338252,0.846454602297398,576
43e04ce37426,26,0.9830442632890084,0.9830442820663137,0.9335764246089633,1.0022254249594509,0.9876882072618798,314,1.0929967268067566,1.0929967487220145,0.9779394840130754,1.0093340704044194,0.979218493617591,292,1.3239153988972328,1.3239154234117063,1.0427961392404552,0.9955075762892902,0.9374113201140314,288
43e04ce37426,29,0.9532927911595996,0.9532928038039183,0.9043457701075535,0.9701368586236666,0.9557832806457035,292,1.0354052171764774,1.0354052328783716,0.9255645018696106,0.9547158407049118,0.9260158435323039,272,1.3239153988972323,1.3239154234117063,1.0427961392404552,0.9955075762892903,0.9374113201140312,288
43e04ce37426,30,0.9438665267012036,0.9438665452915105,0.8908763852262964,0.9524241155780973,0.9370392620931601,240,1.1303093159855457,1.1303093358994123,0.9928090339569833,1.0126469353251617,0.9779009877641514,220,1.20921758579656,1.2092176139259803,0.9424777960769377,0.894271168390569,0.8401780661181378,240
43e04ce37426,33,0.8969497967844833,0.8969498147688792,0.8596799411070499,0.928677280685986,0.9175237328284025,426,1.0237944326136053,1.0237944479453536,0.934658531320327,0.9773675562051789,0.9531155966844603,412,1.2724761530825304,1.2724761735177368,1.0328891308324937,1.003656275212432,0.9513708876255563,368
43e04ce37426,34,0.8956709927649622,0.8956710050634806,0.8506685437215953,0.9132709572610631,0.9000438858727061,287,1.0401928859019216,1.0401928976902293,0.9338305498354371,0.9659031383637092,0.9378835323552602,296,1.1150679494430014,1.115067960812347,0.964543052725225,0.8635546996351489,0.8164748408498453,288
43e04ce37426,35,0.9507215851820835,0.9507216008460431,0.9016456937173072,0.967051151882491,0.9526679913969227,288,1.0789583326647456,1.078958351223594,0.9623115348078826,0.9911729497992777,0.9608264424375628,272,1.4796776500174416,1.4796776745955886,1.1343099948086781,1.0661169131298134,0.9981192986229458,256
43e04ce37426,36,0.9446311149581196,0.9446311303054314,0.9005570498946699,0.9693050582820799,0.9562540304139356,353,1.0780241689052947,1.0780241841894418,0.9705391965307768,1.0057136180689934,0.9772440445114071,324,1.2801537005750372,1.280153718724962,1.0181287778766264,0.9774613515109412,0.9223586715476029,304
43e04ce37426,37,0.9837327513342392,0.9837327675420863,0.9329528358602692,1.000629316878411,0.9857467410982047,298,1.0922207948280716,1.0922208159330467,0.9718414840653876,0.9994718586692131,0.9682951920793786,264,1.3239153988972323,1.3239154234117063,1.0427961392404552,0.9955075762892903,0.9374113201140312,288
43e04ce37426,38,0.9815122352435303,0.9815122504998832,0.9313050105893877,0.9991943354748928,0.9844653197749498,303,1.110692401272532,1.110692420377229,0.9906148152434084,1.0203250953816094,0.9890860436857263,280,1.4796776500174416,1.4796776745955886,1.1343099948086781,1.0661169131298134,0.9981192986229458,256
43e04ce37426,39,0.824631980910046,0.8246319930459324,0.8170802536546901,0.8700741242359538,0.8623133657295696,727,0.8832011526241036,0.8832011671479115,0.8465739753712007,0.8803022689785811,0.8643619121945425,704,1.10961502959539,1.1096150412360617,0.9659006882058299,0.9796117593931284,0.9439081733510633,752
3e1b6d6f9339,4,0.8489168282516102,0.848916842753842,0.8331282194532262,0.9147897646460207,0.9098362320947487,2085,0.863241994878871,0.8632420102037285,0.8313690249321996,0.901056888745609,0.8914267315019024,2092,0.9708341524962082,0.9708341676239506,0.8958211382304695,0.9433575785215431,0.922521528353976,2016
3e1b6d6f9339,6,0.8737036339844129,0.8737036484534918,0.856582363686347,0.9398776476643357,0.9345169670737458,1930,0.8933553811980302,0.8933553969372263,0.8584952574708665,0.9290686944444844,0.9185815655665648,1932,0.9978785736829182,0.9978785900422456,0.9170060840276667,0.9630566579097273,0.9407712457609805,1872
3e1b6d6f9339,7,0.8350735802129751,0.8350735944787194,0.8360298712761984,0.8998723296350061,0.8949995741133479,2051,0.8626821650835147,0.8626821787434532,0.8529831002201609,0.8993790161099552,0.889588159296682,2012,0.9364326596522553,0.9364326775040024,0.8644846281482185,0.910641529965049,0.8906385317441218,1968
3e1b6d6f9339,8,0.7577318516459566,0.7577318661495521,0.7417140231391431,0.8129491574079512,0.8079497947316935,1435,0.8158727946942824,0.8158728112745758,0.780455734067315,0.8419801397293531,0.8314217615351237,1416,0.8939719135522043,0.8939719284015014,0.8149229167143255,0.8513293113271867,0.8298836442664487,1392
3e1b6d6f9339,9,0.8667789761856333,0.8667789905428608,0.8564564982560904,0.9344674380647962,0.9294793134183686,2192,0.9012048359538501,0.9012048519526497,0.867930186640499,0.9406827175049765,0.9306290543021773,2184,0.985368915669859,0.9853689316457289,0.9116624144446009,0.9617358101218596,0.9411561392887472,2192
3e1b6d6f9339,10,0.8284923106450601,0.8284923262696027,0.8232079569569712,0.8882685615977682,0.8827063270822756,1512,0.8723001006462757,0.8723001167105633,0.8474546861036565,0.8999941422633247,0.8886727801740032,1504,0.9425008294315711,0.9425008488659591,0.859696539136368,0.8984696745744047,0.8759781432108278,1488
3e1b6d6f9339,11,0.8722015844744612,0.8722016002019534,0.8578324174569256,0.9433348414031815,0.9388070104416919,2739,0.9015867169203845,0.9015867325873753,0.8717076944195422,0.9473205363429031,0.9382221305440921,2728,0.9470920884957078,0.9470921030611411,0.8839616877377731,0.9379616868190556,0.9200310643899526,2688
3e1b6d6f9339,12,0.7969924732076653,0.7969924857299281,0.7794293753913721,0.853742959300704,0.848271375582477,1387,0.8313630822910396,0.8313630950531584,0.8073415825130423,0.8568206195721556,0.845890624575508,1392,0.948661268636659,0.9486612820867087,0.8628811687605833,0.9001383636218098,0.8769649096698285,1408
3e1b6d6f9339,13,0.7038029051308924,0.703802916669112,0.7045406075709231,0.760453600594486,0.7566779410615074,2063,0.7234959133959972,0.7234959249653831,0.7250481620499454,0.7585283233211582,0.7509696205689849,2028,0.7868451574616611,0.7868451700979242,0.7508496341465238,0.7753775335289713,0.7599471329033474,2048
3e1b6d6f9339,14,0.8096581631261077,0.809658174173937,0.7931098075071012,0.8697130887368374,0.8645407226018668,1642,0.8575944870659058,0.8575944982858867,0.8221570342300767,0.888288108001951,0.8776778886322448,1648,0.9555628619162575,0.9555628709355478,0.8731104839067674,0.9135165217832131,0.8910460569185592,1568
3e1b6d6f9339,15,0.8561920855572263,0.8561921009819187,0.8373118038934074,0.9171345156135687,0.9112527559681141,1488,0.8875209379055721,0.8875209539752154,0.8481389504166551,0.9143717763051507,0.9026547883735693,1472,0.959441510325712,0.9594415239286034,0.8726866365874082,0.9103672086629668,0.8869304200069859,1424
3e1b6d6f9339,16,0.8780472577727686,0.8780472717274839,0.8534379280136506,0.9308412228363224,0.9232681898354935,936,0.9242547482017857,0.9242547640996229,0.872151497760186,0.9322514640693172,0.9171314078413849,932,1.0490961686437292,1.0490961823691431,0.9267327956116967,0.9486768899873899,0.9174203785162628,896
3e1b6d6f9339,17,0.8519221802115566,0.8519221959508827,0.841770960056238,0.918434262144179,0.9135290100903061,2152,0.8900070532542574,0.8900070696581445,0.8569299774703111,0.9286002407182848,0.9186112766231147,2128,0.9744990279308023,0.9744990465082302,0.899626279698959,0.9476594783376119,0.926843350107704,2048
a58ed1dffcbe,1,0.8422750709650035,0.842275085452732,0.8259857094227974,0.9064705975368786,0.9013677083855391,1911,0.8611614002548722,0.8611614162773057,0.8278821562048724,0.8961793019008496,0.8861599543781392,1900,0.9893496969847737,0.9893497132042777,0.9091684251898234,0.9548254044233193,0.9327304658826816,1856
a58ed1dffcbe,2,0.8721737453878154,0.8721737603273683,0.8625320568900745,0.9424115557386424,0.9377382738997824,2563,0.910434699697527,0.9104347142562415,0.89000233437449,0.9545188762897415,0.9450071359428253,2552,0.9969272086081019,0.9969272259096548,0.9268300171496154,0.9808811830549441,0.961123857595107,2528
a58ed1dffcbe,3,0.7840690557122564,0.7840690676515378,0.7682856459002468,0.8426756686747454,0.8377392748531373,1640,0.821254707124449,0.821254718768138,0.7876658348338281,0.8512784693294938,0.8412129346863062,1612,0.8820197745588774,0.8820197870640889,0.8090594104371975,0.8486694191806392,0.8286352709853562,1584
a58ed1dffcbe,4,0.875848872951953,0.875848886770703,0.8579365619774789,0.9407927384641724,0.935194198871623,1774,0.9219211878835821,0.9219212023062937,0.883661938116468,0.9546195853707148,0.9431687079234801,1756,0.9381764367959061,0.9381764521764703,0.8879323335377981,0.9054378835048719,0.8844857866128877,1760
a58ed1dffcbe,6,0.8436867157040085,0.8436867269640376,0.8275224287268547,0.9082733800145509,0.9032077992263001,1951,0.8621384235105838,0.8621384363106982,0.8293996879707307,0.8982504857555956,0.8883802005170732,1972,0.9202184226197372,0.9202184337164374,0.8487119127667397,0.8934672675982357,0.873623581592486,1888
a58ed1dffcbe,7,0.8865872984155442,0.8865873130946599,0.8679272642415325,0.9513462553847766,0.9455211276317946,1694,0.9260719614223437,0.9260719755894888,0.8869476040239048,0.957658999514549,0.9459673144323358,1700,1.010116675158819,1.0101166886876771,0.9235039874912748,0.9666175291740181,0.942986211999158,1680
a58ed1dffcbe,8,0.891876455246843,0.8918764680585782,0.8727015364707796,0.9562723946969385,0.9502920837987677,1632,0.9117770518911031,0.9117770655120333,0.8725494182614892,0.9415929106556475,0.9298891714619811,1612,1.021123669974644,1.0211236827845358,0.9302432366554405,0.9713999146492718,0.9467744957880819,1568
a58ed1dffcbe,10,0.8829062414355172,0.8829062582309121,0.8722322984965666,0.9513993778497958,0.9462447160085331,2166,0.9343029588144455,0.9343029764415264,0.8987829499669727,0.9733631341228041,0.9626553011346081,2132,1.00495212255364,1.0049521417116123,0.9277396009395515,0.9772738370356623,0.9558072047985698,2112
a58ed1dffcbe,11,0.9035915511988907,0.9035915666415357,0.891293353038453,0.9697774364694598,0.9638703264079821,1745,0.9478618899263986,0.9478619044268887,0.9078169594127027,0.9801921524443031,0.968225368889567,1740,0.9966891821308292,0.9966891993688258,0.91176079899365,0.9546922038413136,0.9314942077253267,1680
a58ed1dffcbe,12,0.8983727569948752,0.8983727734202888,0.8799216519583155,0.9648415282238221,0.959075614945639,1804,0.9492244003073782,0.9492244176099555,0.9096620850361897,0.9825822842596387,0.9707457903738722,1792,0.9850709199906931,0.9850709376518338,0.9040765577839399,0.9486768899873903,0.9264132984087331,1792
a58ed1dffcbe,14,0.8328837942794711,0.832883806778784,0.8169711281738004,0.896726554126777,0.8917392791421495,1937,0.8376557907942586,0.8376558032308812,0.8058467556551319,0.872742358371055,0.8631523652082715,1916,0.9246039547582934,0.9246039691656671,0.8531629887909232,0.8984357890681363,0.8785919317656913,1920
a58ed1dffcbe,15,0.8767186934397734,0.8767187060036401,0.861287773446203,0.9463787442396335,0.9415275364455074,2408,0.913600432605024,0.9136004452725802,0.8811392488216024,0.955944314571196,0.946108227637341,2396,0.9432876901559158,0.9432877047511652,0.875775722573066,0.9260160172208916,0.907037527585615,2304
a58ed1dffcbe,17,0.8139171565449651,0.8139171702110607,0.7994941424419779,0.8784056405317763,0.8738724112820916,2205,0.8391973448962556,0.8391973596812916,0.8093476158145783,0.8780339415569267,0.8689898686764861,2196,0.9017408372257842,0.9017408523774345,0.83637570056101,0.8837758478787832,0.8654362115235932,2144
a58ed1dffcbe,19,0.8430322608772374,0.8430322749186427,0.827979475425695,0.9096154370465592,0.9048855745660827,2249,0.870314435377812,0.8703144499146024,0.839080167781806,0.9100832703401256,0.9006259300104067,2236,0.9353878833909255,0.9353878991079358,0.8675837490894058,0.9167525586205286,0.8977286074759661,2224
8b1dfb59fc9a,2,0.8770028790883521,0.8770028921091584,0.8601095542532456,0.943971151445786,0.9386782254534802,2006,0.9098092017008653,0.9098092155351424,0.874449890525676,0.9464406147581191,0.9357998605112032,1984,0.9797996741811354,0.9797996873702967,0.9026033665106392,0.9494645663374766,0.928090691504107,1952
8b1dfb59fc9a,3,0.8623964058778317,0.8623964209863363,0.8504946773327765,0.9370397180734849,0.9332688425227098,3875,0.8693588451746618,0.8693588597987162,0.8454465798931239,0.9224667767648623,0.9151003550211368,3852,0.9021504039647156,0.902150419858863,0.8524878237892081,0.9120939795451228,0.8976423782433272,3824
8b1dfb59fc9a,4,0.7703118257459861,0.770311838576172,0.7565575020008019,0.8311514998357844,0.8268296379427744,2055,0.8072882687771666,0.8072882815086948,0.77805364035008,0.8436977411408443,0.8348517993046664,2036,0.8253767288864268,0.8253767416572696,0.7663037572514328,0.8102640150682805,0.7936578366374131,2016
8b1dfb59fc9a,6,0.8052841332234857,0.8052841455789614,0.7898466350847978,0.8669142743363304,0.8620765657301679,1860,0.8419403701223733,0.841940382924658,0.8092187494985591,0.8758391979314046,0.865992209626295,1836,0.9267327956116967,0.9267328094251578,0.852686649439452,0.896241750864923,0.8757881092892557,1792
8b1dfb59fc9a,7,0.7907814971215369,0.7907815095099874,0.7794445649137703,0.8584337950117704,0.8548457945828193,3290,0.8151500726791738,0.815150085259867,0.7917436651990626,0.8631303932823512,0.8559377027025156,3308,0.8843167010551244,0.8843167135929015,0.8330193009543991,0.889384584363178,0.8745490303018004,3360
8b1dfb59fc9a,9,0.8298876441403531,0.8298876595809193,0.8308903905814586,0.8927250597775438,0.88763030931975,1831,0.8805638412517357,0.8805638586887156,0.84547683551328,0.9144435122484511,0.9039061038843744,1824,0.9674803678480022,0.9674803851937654,0.8879323335377981,0.9317362312376155,0.9098702037942915,1760
8b1dfb59fc9a,10,0.8527424607216825,0.8527424714192492,0.8366988634589436,0.9185699625680306,0.9135386508281168,2046,0.8744932058159748,0.8744932182144752,0.8415067255420454,0.9115267024564845,0.9015765231915002,2028,0.9621196377409685,0.9621196480325648,0.8883698157066459,0.9359216664041551,0.9154100240622168,2032
8b1dfb59fc9a,11,0.8657909521066128,0.865790965478351,0.8477697640103133,0.9294045121173792,0.9237761346587153,1692,0.8967206087159216,0.8967206227443905,0.8595071698763824,0.9285252003491918,0.9173873309415171,1708,0.9745488352993514,0.9745488506113613,0.8927387648746969,0.935622135788945,0.9132161096695834,1696
8b1dfb59fc9a,12,0.8571639164950351,0.857163928235208,0.8413135028354939,0.9238473393666675,0.918873328326503,2130,0.8829392423670721,0.8829392551738598,0.8501617854648847,0.9212933987328495,0.9113940614654441,2116,0.9459723501868762,0.9459723623078395,0.8748232002936712,0.9226011748238767,0.9027527467902603,2080
129f5d522cdd,11,0.939897282791691,0.9398972993508656,0.8881567703912671,0.9502569075595633,0.9352006367472321,249,0.9637914941588404,0.9637915115219852,0.8641875013159418,0.8931650516826386,0.8669870132536518,268,1.250364543402942,1.2503645665555003,0.9109573275738237,0.9402015998287743,0.8853329134410297,272
129f5d522cdd,23,0.9474676086572486,0.9474676220903745,0.8956059362642006,0.9584401797171191,0.9433388437537895,254,0.9001028259778735,0.9001028395335376,0.8140182499897121,0.8459899416585926,0.8229904257566705,296,1.2621770149845961,1.2217519113855724,0.9582437056935948,0.9125353287780906,0.8809535232931291,256
129f5d522cdd,25,0.9196104429207355,0.9196104594432174,0.8910467220676785,0.9423309744537306,0.9294335159210626,332,1.0347852038717007,1.0347852213323159,0.9341189558125795,0.9696615336193917,0.9428600675348408,328,1.2801537005750372,1.280153718724962,1.0181287778766264,0.9774613515109409,0.9223586715476029,304
129f5d522cdd,29,0.8716368061891904,0.8716368193592836,0.8260551185802473,0.8855511296658567,0.8722107821780573,257,1.0288383660277527,1.028838384153897,0.9327380137253712,0.9709283531946354,0.9451308055649041,356,1.2171511029485071,1.2171511224952265,0.98798090775282,0.9600190458553697,0.9100069359896625,352
129f5d522cdd,40,0.9440459333079646,0.9440459476243975,0.8918667557887774,0.9540746841500297,0.9388978066286551,248,1.0948682965444396,1.0948683120674019,0.9732162635950573,1.0002395882218051,0.9687937657564503,260,1.4796776500174416,1.4796776745955886,1.1343099948086781,1.0661169131298134,0.9981192986229458,256
129f5d522cdd,42,0.8858850516147482,0.885885065941598,0.8364374918862794,0.894431224150438,0.8800651950947483,228,0.9769594030704232,0.9769594169216816,0.8684083582848204,0.8925214787209952,0.8644621294442172,232,1.446802115179039,1.4468021213147737,1.10326283241436,1.0338295581165096,0.9668231181562356,240
129f5d522cdd,51,0.9099038949515823,0.9099039102032422,0.8573454284202597,0.9155169694065959,0.9003089280318306,218,1.0493745759992161,1.0493745887440926,0.935021598810815,0.962466657686637,0.9327717675579091,260,1.446802115179039,1.4468021213147737,1.10326283241436,1.0338295581165096,0.9668231181562356,240
129f5d522cdd,52,0.8595253110085427,0.8595253265486297,0.8061565588972314,0.8581988440222246,0.842895259357213,177,1.0635183109500361,1.0635183286155794,0.9270668157773627,0.9410537437864374,0.9070651354557843,184,1.1032628324143605,0.7456490602572753,0.5726962041399918,0.5979306202294286,0.7811761000950261,240
129f5d522cdd,56,0.8872432488625946,0.8872432619530795,0.830388859787914,0.8827404780967962,0.8665050411791472,171,1.0190756179418243,1.0190756409771589,0.8496048319549981,0.9037418681020816,0.871392942357263,180,1.2217519021653158,1.2217519113855724,0.9582437056935948,0.9125353287780906,0.8584929259113129,256
129f5d522cdd,66,0.8301691217427786,0.8301691339911855,0.776972032550095,0.8259560028975871,0.8107649508108979,160,0.9244299293826808,0.9244299433047143,0.8657687883140981,0.8688545346763924,0.8452334102365804,304,1.298111396050648,1.2981114058471708,1.0181339372994447,0.9695687868267213,0.91214873378077,272
129f5d522cdd,71,0.8422338105333187,0.8422338206896206,0.7990259310094183,0.8177497025475378,0.79958768484736,108,0.7731163341162929,0.7731163428778732,0.6940632464993114,0.7179009812162701,0.6970755983721527,220,1.2576242881690396,1.0106476726776017,0.6935988984456756,0.771680014350743,0.8665918793139724,240
129f5d522cdd,88,0.9326852984514683,0.9326853125439806,0.8839111191033775,0.9475741659848661,0.933299475093252,275,1.0354052171764774,1.0354052328783716,0.9255645018696106,0.9547158407049118,0.9260158435323039,272,1.3871977968913514,1.3871978199333643,1.0634156201331357,0.9994846060592,0.9357368424590116,240
129f5d522cdd,91,0.9558164768069377,0.9558164928281765,0.9006059775607316,0.9617127797894972,0.9457373601802257,229,1.1240316092611384,1.124031623966939,0.9929279952982464,1.0164395249864895,0.9829504055531386,240,1.3871977968913514,1.3871978199333643,1.0634156201331357,0.9994846060591996,0.9357368424590116,240
f51288e4001e,33,0.8149434788767408,0.8149434939667614,0.7751432469946552,0.8330220910751689,0.8212898271250499,277,0.9320613054577822,0.9320613253215941,0.8420291827438808,0.8744999549784266,0.8504946258852552,300,1.2503645434029418,1.2503645665555003,0.9109573275738237,0.9402015998287743,0.8853329134410295,272
f51288e4001e,71,0.9496432129687675,0.9496432273175074,0.8999822303598024,0.9648027871845909,0.9502685564585837,280,1.0963114064221524,1.0963114230476876,0.9800094725678229,1.0108755960404947,0.9804873637400865,288,1.2217519021653158,1.2217519113855724,0.9582437056935948,0.9125353287780906,0.8584929259113129,256
46f67fdd0e13,5,0.9353800151279641,0.9353800307644323,0.8969607813035647,0.9692801925428914,0.9577712913809809,455,1.048099690793642,1.0480997072612752,0.9601152754312778,1.0062351271692427,0.982138080210684,456,1.1768136879086513,1.176813706398625,0.9911715106160012,0.9848512868645466,0.9414905408102858,512
46f67fdd0e13,7,0.7985432112251338,0.7985432229770788,0.7505411494367248,0.8001229898860528,0.7863012934941215,176,0.9009979798050608,0.9009979964885222,0.7967974093762681,0.816245761615013,0.7895722131609257,196,1.0748600762636094,1.0106476726776017,0.7456490443662255,0.771680014350743,0.7650693894859855,240
46f67fdd0e13,9,0.9783056647586569,0.9783056795946379,0.9242328880553056,0.9886983622038612,0.9729707109014692,257,1.0591231949847961,1.059123215450227,0.9423917421240122,0.9691848326489338,0.9389529135315184,256,1.2127771900184563,1.212777207213122,0.964543052725225,0.9260160172208917,0.8738134783082554,288
46f67fdd0e13,10,0.9262810863812235,0.9262811009348552,0.8861240641880564,0.9560172940550657,0.944044444316854,403,1.0237944326136053,1.0237944479453536,0.934658531320327,0.9773675562051789,0.9531155966844603,412,1.1286030800767899,1.128603092453103,0.9432711477921326,0.9328522989885867,0.8901774393171537,448
46f67fdd0e13,13,0.8317385226556004,0.8317385367615966,0.7944178153483593,0.8561519829998369,0.8450597160020659,337,0.8928052662167598,0.8928052825562047,0.8126064940506328,0.8480547553331971,0.8263617705952265,336,1.1277777637249438,1.1277777776719953,0.9222578113239625,0.9001383636218098,0.8546749485839804,352
46f67fdd0e13,16,0.9607580498941721,0.9607580676841897,0.9026432573245773,0.9620145885589039,0.9452941844425232,209,1.14402564863419,1.1440256648541016,1.0004965163477828,1.0176810158393954,0.9817089016604247,208,1.4796776500174416,1.4796776745955886,1.1343099948086781,1.066116913129813,0.9981192986229458,256
46f67fdd0e13,17,0.996927208608102,0.9969272254299143,0.9465752657522392,1.0160453522284782,1.0012540412981832,316,1.0474045356262338,1.0474045532997833,0.94551065039566,0.9814866742732868,0.9543583610413633,332,1.1790403893488048,1.1790404039298135,0.9641786209295972,0.9410537437864376,0.8935238098832523,368
46f67fdd0e13,20,0.902705359429347,0.9027053722278372,0.8702893342777587,0.913159541305287,0.8987716542851066,242,1.033230351753074,1.0332303643018759,0.9206366511368025,0.9476594783376118,0.9184214326724026,256,1.2127771900184563,1.212777207213122,0.8947788532394707,0.9260160172208919,0.8738134783082554,288
46f67fdd0e13,21,0.9682254109612367,0.9682254246886653,0.918056385142271,0.9845148269521065,0.969817276267343,291,1.0213312848548906,1.0213313032546412,0.9157807849765951,0.946488338350259,0.9187474319553625,284,1.230303014972666,1.2303030301876314,1.0777973539121675,0.9819691239510653,0.9323726711825242,384
ab1504c7c275,5,0.7925083891784052,0.7925084018466293,0.7775103845378794,0.853522934208842,0.8488205879371528,1879,0.8409528181063457,0.8409528325713306,0.8088925224751824,0.8759475611433756,0.8662848089317163,1908,0.8833809161862828,0.8833809287107925,0.81604448947684,0.8599882946787851,0.8412435062173025,1888
ab1504c7c275,6,0.9090018218987186,0.9090018366502819,0.8895200530740767,0.9747481300730002,0.9686712776941442,1674,0.9440817236175237,0.9440817395089017,0.9035917776196124,0.9751853832010395,0.9631016478790718,1680,0.9966891821308292,0.9966891993688258,0.91176079899365,0.9546922038413131,0.9314942077253267,1680
ab1504c7c275,7,0.8651679727323508,0.8651679868343651,0.855346711847302,0.9341069629918193,0.929351655504753,2410,0.8855523001512599,0.8855523140649653,0.865379480816866,0.9276009061130602,0.9182212098082746,2408,0.9220841689003841,0.922084183708505,0.8580451621892845,0.9086455471042636,0.8905630463711102,2400
ab1504c7c275,8,0.779041241332707,0.7790412568597533,0.7638621140256879,0.8382076241697768,0.8334539411469153,1741,0.789473020456351,0.789473036475351,0.7590502243078058,0.8217327283483973,0.8125713048831318,1752,0.8543048133249204,0.8543048308820461,0.7877634251429773,0.8291957817536693,0.8107370977836639,1744
ab1504c7c275,10,0.8486503877905754,0.8486504005988414,0.8337327167684642,0.9161160981204329,0.9114260293003998,2337,0.8656969993746744,0.865697012184448,0.8352086735450012,0.906315968701087,0.8970717148825282,2312,0.9339551796345089,0.9339551910519992,0.866759118766361,0.9162350500875768,0.897360313406341,2256
ab1504c7c275,11,0.866989216840242,0.8669892296071896,0.8532813525177195,0.9387717045771782,0.9344463884940207,2959,0.8947600601913942,0.8947600728772367,0.8665002329558084,0.9427037235623482,0.9340707314303982,2988,0.9374336206711862,0.9374336334282708,0.8780357080676352,0.933869819860961,0.9168825725005885,2960
ab1504c7c275,13,0.8860543258393612,0.8860543410057895,0.8745949450586232,0.9526623089583834,0.9471448692568519,1897,0.9381384032176923,0.9381384191921568,0.9002696097876358,0.9733457247677372,0.9619851014151254,1892,1.002661472133384,1.0026614901099022,0.9202207820300816,0.965617548737165,0.9429563930231747,1824
ab1504c7c275,15,0.8865080557559387,0.8865080707145756,0.8417330685961366,0.9035086834689947,0.8903556506480679,281,0.9681883773454033,0.9681883928939302,0.8699238850939298,0.9002933500758666,0.8743650262339706,280,1.2801537005750372,1.280153718724962,1.0181287778766264,0.9774613515109412,0.9223586715476029,304
ab1504c7c275,17,0.8542690058517647,0.8542690185350427,0.8435767011965001,0.9195013110294447,0.9143455894995516,1954,0.8720874527370102,0.8720874668762381,0.8385202910937869,0.9077944952042627,0.8976852480346519,1940,0.9718952553924393,0.9718952663254855,0.8937838229330171,0.9391218333469356,0.9175666242820963,1856
ab1504c7c275,18,0.7944183924518493,0.794418405940884,0.7860771735565414,0.8596559494634067,0.8556050339882119,2590,0.8359880007706527,0.8359880147983849,0.8180248158775764,0.8786901378194493,0.8702995209222969,2560,0.8523916274614239,0.8523916435032326,0.816221870412678,0.8474188236322787,0.8317310164801034,2592
ab1504c7c275,19,0.8393321344848231,0.8393321462211227,0.8205251867906289,0.8985208840337088,0.892666240551279,1412,0.848085902911836,0.8480859159306645,0.8106258730805428,0.8740555170922852,0.8629056658744402,1420,0.9624603058339455,0.9624603170219654,0.8734208350797396,0.9097666764024789,0.8858191441320845,1360
960106d4f9ca,3,0.9513818057106618,0.95138182080716,0.9060910588687948,0.974603277383716,0.961218316921988,341,1.0913331092621499,1.0913331247349904,0.9825211619200456,1.0181298355760182,0.989308785801671,328,1.347530211131618,1.3475302302368022,1.0717145030280277,1.0289066858009908,0.9709038647869503,320
960106d4f9ca,4,0.9866300607234109,0.9866300786496307,0.9374194660042912,1.0066692939551865,0.9921943376081482,321,1.0788710755509408,1.0788710949872968,0.9673740686372483,0.9998116250178792,0.9705078506570729,300,1.347530211131618,1.3475302302368022,1.0717145030280277,1.0289066858009908,0.9709038647869503,320
960106d4f9ca,6,0.9765919146186374,0.9765919299627477,0.9207514382801337,0.983634791625747,0.9674574059048171,239,1.1433858892749118,1.1433859079118063,1.0137999571234393,1.0402806036825,1.0069434390303589,260,1.3744708899359803,1.374470900308769,1.0780241689052943,1.0266022448753522,0.9658045416502269,288
960106d4f9ca,7,0.9643334387029223,0.9643334538544288,0.9091938888456551,0.9712879113961351,0.9553135890942964,236,1.0378425764187664,1.037842593335332,0.9202184226197372,0.9442547018041153,0.9139948138890952,236,1.446802115179039,1.4468021213147737,1.10326283241436,1.0338295581165096,0.9668231181562356,240
960106d4f9ca,10,1.0097202415546689,1.009720257636787,0.9442764184300241,1.0032817414720423,0.9846221715312661,190,1.048105002095688,1.0481050205612732,0.9206047405782936,0.9389998854833319,0.9067809159267588,204,1.4796776500174416,1.4796776745955886,1.1343099948086781,1.0661169131298134,0.9981192986229458,256
960106d4f9ca,14,0.9773091081425163,0.9773091219987329,0.9238139972488998,0.9886272719916741,0.9730503033995782,262,1.0974356511007006,1.0974356609124645,0.9744990279308021,1.0009006963305773,0.9691848326489341,256,1.3239153988972323,1.3239154234117063,1.0427961392404552,0.9955075762892902,0.9374113201140312,288
b1fd2896a68c,7,0.8797114006509511,0.8797114161497667,0.8678009101510263,0.9443262704861582,0.9386039398899018,1717,0.9071915787879999,0.9071915943513734,0.8689830578484987,0.9383492467695288,0.9269281654782507,1676,1.00391492906771,1.0039149441017545,0.9165098219743013,0.9583895454050785,0.9346084977197135,1616
b1fd2896a68c,8,0.8593810518243082,0.8593810648244772,0.8437070145438514,0.9266418389819987,0.9217206291379997,2196,0.8962918207015459,0.896291833702009,0.8630186744700248,0.9352260021163332,0.9251769584252241,2148,0.9532490605729292,0.9532490727871308,0.8815526095266996,0.9296981069379069,0.909696998688647,2096
b1fd2896a68c,9,0.7465444426989456,0.7465444580813622,0.7330545123935746,0.8052088390680716,0.800971913147515,1944,0.7851606721708349,0.7851606886314983,0.7563265494159994,0.8198398811709655,0.811124314781936,1924,0.8460532972176659,0.8460533137780532,0.7831123412777724,0.8263659759080069,0.808777102829473,1904
b1fd2896a68c,10,0.7261363932429621,0.7261364063496246,0.718035649685253,0.7844035022874327,0.7804785178071832,2095,0.7594651029508767,0.7594651160424086,0.7330190980741974,0.7956504360381711,0.7876252808799752,2076,0.8076372322901079,0.8076372463065558,0.7508496341465238,0.7946379204495753,0.7786319858998335,2048
b1fd2896a68c,12,0.7248148647696141,0.7248148790593518,0.7115981750623179,0.7815492625389159,0.7773995556975625,1853,0.7550516451414941,0.7550516597616698,0.7272484844807514,0.7882644508019897,0.7798622265187848,1840,0.8189480654984085,0.8189480827110098,0.7572119781421084,0.7984684126808291,0.7812521680034407,1792
b1fd2896a68c,15,0.7635895165041733,0.763589530394866,0.7513883605847143,0.8265717264482366,0.8227231508506768,2551,0.7757580137492357,0.7757580277748225,0.7510953980648472,0.8170289976624098,0.8094981305752559,2556,0.8439293361536411,0.8439293506093927,0.7885972632463031,0.8374250732182917,0.8216733821441503,2480
b1fd2896a68c,16,0.8453307158856033,0.8453307292524225,0.8320332464893601,0.915446907273646,0.9112503956223602,2915,0.8631163904525165,0.8631164038816249,0.8359188817900184,0.9094800149106272,0.9011702996891697,2896,0.927497912524667,0.9274979235264352,0.8677839026739962,0.9222940500669345,0.9052527861423889,2832
b1fd2896a68c,17,0.8523440905993374,0.8502688878871436,0.8454359223605398,0.9152814601131638,0.9123426043131218,1956,0.9362082751498851,0.936208290409838,0.8986851206691372,0.971830350107084,0.9605667595767722,1916,1.020252024276075,1.0202520425679709,0.9363650062762234,0.9825582074869399,0.9594994876376165,1856
b1fd2896a68c,19,0.8744193229815346,0.8744193373609297,0.8461711041990879,0.9201149655342283,0.9114983334439792,697,0.9710384578239462,0.9710384739533552,0.9055403018804473,0.9603129067475913,0.9417407268613502,672,1.1678595163140693,1.1678595328718953,0.999621199665291,1.0031840186559662,0.9626896009405008,624
b1fd2896a68c,21,0.8859947216831808,0.8859947351192684,0.8697064600489668,0.9389435628174565,0.9312511942580848,931,0.9440885410816523,0.9440885573206448,0.890867195137014,0.9522568602939809,0.936812339340127,952,1.0678300287980815,1.067830042768592,0.9432815955333341,0.965617548737165,0.9338028852754817,912
7e28f727cb81,6,0.9456828970759932,0.9456829149781848,0.8899191808302283,0.9494846206081625,0.9333896003820222,217,1.0689806449436836,1.068980657623688,0.9377734075522062,0.9557571545441101,0.9226794910348075,204,1.3744708899359803,1.374470900308769,1.0780241689052943,1.026602244875352,0.9658045416502269,288
6cecac609424,3,0.9544436044266916,0.9544436231937046,0.8960869111615223,0.9545813707145238,0.9378142749144959,203,1.1220251553912248,1.1220251712992149,0.98125619872571,0.998110227073253,0.9628298843208013,204,1.370446597236102,1.3704466291161113,1.0681415022205296,1.0135073241759782,0.9522018082672232,272
6cecac609424,4,0.9897036746197456,0.9897036905137953,0.9209684740831654,0.975279553891909,0.9558710031049915,161,1.1681835028404202,1.1681835179296614,1.0133427187709767,1.0254748898909634,0.9872591688264295,188,1.446802115179039,1.4468021213147737,1.10326283241436,1.0338295581165096,0.9668231181562356,240
02df6a916cf5,10,0.913474467612808,0.9134744827860523,0.8774781425754908,0.9493524396684473,0.9385321020442573,484,0.9938661960620385,0.993866213880868,0.9121486699070107,0.9571472193622776,0.9346848457159539,452,1.217151102948507,1.2171511224952265,0.98798090775282,0.9600190458553697,0.9100069359896622,352
02df6a916cf5,13,0.8946010281993205,0.8946010430590676,0.8715701292062384,0.9297377198405867,0.9191409429111118,474,0.8878065900104647,0.887806605651902,0.8433996372177741,0.8649543534446142,0.8462034949533226,480,1.2724761530825304,1.2724761735177368,1.0328891308324937,1.003656275212432,0.9513708876255563,368
02df6a916cf5,14,0.9426559612723798,0.9426559770480235,0.8973998144884506,0.964977100090303,0.9516135735221065,332,0.9825211619200456,0.9825211810118849,0.889207276712993,0.9245736303531138,0.8996073763774481,328,1.4253075265915784,1.4253075434982507,1.1057596701548211,1.046404492293581,0.9821374632225023,272
02df6a916cf5,17,0.9512064976872002,0.9512065094506226,0.8874909491559458,0.941486562615671,0.923402130491151,167,1.0553432423723308,1.0553432510100706,0.9217139757215326,0.9367579716927718,0.9033510702488673,188,1.3268842295691072,1.3268842343572957,1.051175952546438,1.0068830932990114,0.9493105999111678,304
02df6a916cf5,18,0.9251502648660411,0.925150281488056,0.8812612426982172,0.9480076670709218,0.9350325130049244,334,1.0339018947043142,1.0339019102750096,0.9350209628260205,0.9717452032564912,0.9453268403961755,340,1.2389643882700017,1.238964400902608,0.994198725821634,0.9595052218168321,0.9071942676109392,320
02df6a916cf5,20,0.899027560920363,0.8990275761234756,0.8641864140628924,0.9354055564326135,0.9249183449218268,493,0.9678890925374921,0.9678891090185465,0.8920684284893379,0.9386863827927711,0.9176733957476549,488,1.2389643882700017,1.238964400902608,0.994198725821634,0.9595052218168321,0.9071942676109392,320
02df6a916cf5,22,0.9156647186064722,0.9156647347387158,0.8760935485235798,0.945287924337208,0.933486395000037,401,1.0349032021490827,1.0349032168218641,0.9413249113751818,0.9819691239510653,0.9566889923670858,384,1.2171511029485071,1.2171511224952265,0.98798090775282,0.9600190458553697,0.9100069359896625,352
02df6a916cf5,23,0.8866654388058949,0.8866654560351157,0.8429853991479377,0.9056554389597646,0.8927908554795568,296,0.9936207152423759,0.9936207358207639,0.8935184133456482,0.9252094305666752,0.8987539951829485,292,1.2898320915163308,1.2898321215210458,0.9269299015470713,0.9538892462832735,0.8961899371926804,256
02df6a916cf5,26,0.8804082017603776,0.8804082172714695,0.8460532972176655,0.9156039307568832,0.9052687892540059,476,0.9400140206709316,0.9400140353184283,0.8673823719374386,0.9134097188859384,0.893235130628453,488,0.9093453623899942,0.8804914387741024,0.848400447199604,0.7962109612394169,0.7922861601858954,752
02df6a916cf5,27,0.9403763083961756,0.940376326033684,0.9077139099010225,0.985333723481969,0.9754203661506201,646,0.9852476878946993,0.985247706780335,0.9171680561476419,0.9714990370895424,0.9522614275845728,648,1.1106924012725319,1.1106924201852173,0.9465149726776355,0.947299489850824,0.9081061383982381,560
02df6a916cf5,28,0.9109749691782345,0.9109749820939705,0.8720776423852854,0.941301355790889,0.9296883604073745,409,0.9682123483556626,0.9682123651011451,0.8857104904509743,0.9274152837315617,0.904880087504603,408,1.4253075265915784,1.4253075434982507,1.1057596701548211,1.046404492293581,0.9821374632225023,272
02df6a916cf5,29,0.936977310903269,0.9369773265838786,0.8919937915096043,0.9591639850295179,0.9458809616334188,330,1.0474045356262338,1.0474045532997833,0.94551065039566,0.9814866742732868,0.9543583610413633,332,1.217151102948507,1.2171511224952265,0.98798090775282,0.9600190458553697,0.9100069359896622,352
02df6a916cf5,30,0.840970880866091,0.8409708910494434,0.8126600681169187,0.8828222308578572,0.8742106630474369,616,0.9405789752347538,0.9405789867332192,0.8729063465590303,0.9227331710101837,0.90372457094823,568,1.3328282662203883,1.3328282827032676,1.0899410497465012,1.063799884280321,1.010070393781068,416
02df6a916cf5,32,0.9235268521776075,0.9235268681121603,0.8778662171629338,0.9430095590385262,0.9295666330348291,306,1.0373446900129322,1.0373447066720682,0.932061305457782,0.9646000179384286,0.9368196709649685,300,1.3871977968913514,1.3871978199333643,1.0634156201331357,0.9994846060591996,0.9357368424590116,240
02df6a916cf5,33,0.8019902986665687,0.8019903147469679,0.7705684259508119,0.8338198427252699,0.8243701506726414,430,0.8943939266318666,0.894393945979241,0.8212950898755392,0.862115483954461,0.8420013251734645,412,1.1379144005111441,1.1379144233270286,0.8532562385137992,0.8861599543781389,0.8384971889263223,304
02df6a916cf5,35,0.9417846267330396,0.9417846423765291,0.9046727131098552,0.9787745194102381,0.9676188407439761,499,1.0260255951415216,1.026025610434996,0.9440459333079647,0.9922676527433076,0.9696225495702473,496,1.2815656405965272,1.2815656564454494,1.0480202401408665,1.022884504115693,0.9712215324817961,400
02df6a916cf5,36,0.8504602170454534,0.8504602284028965,0.8109706925085008,0.8730192069251788,0.8613202923510285,321,0.9620260937502338,0.9620261065562582,0.8715479979735036,0.9068140682667588,0.8825589286554578,328,1.1770161688565013,1.1770161808574775,0.9444887895305524,0.9115299607259905,0.8618345542303919,304
02df6a916cf5,37,0.8633610996936748,0.8633611145761485,0.8437444094861298,0.904496642124318,0.8953736333702994,590,0.9694901259935803,0.9694901409942532,0.9001028259778735,0.9517386843659164,0.9322330144629931,592,1.1697571821464494,1.1697571881611648,0.9881888214965198,0.9836982852296261,0.9410520578024062,528
02df6a916cf5,39,0.7161474734571038,0.7161474876653974,0.6918445272239749,0.751431023494492,0.7440426988985377,516,0.795017900535575,0.7950179143330158,0.7391176086129845,0.7822217029425503,0.7664658611201486,504,0.9641786209295972,0.9641786424951595,0.8031141389497227,0.7926026612226573,0.7557477475452953,368
02df6a916cf5,40,0.9157953489064422,0.9157953626576923,0.8725624758043687,0.9388051253737546,0.926017801431533,334,0.9825984394647072,0.9825984567761936,0.8908172041197365,0.9272911238375732,0.902653016550751,340,1.2801537005750372,1.280153718724962,1.0181287778766264,0.9774613515109412,0.9223586715476029,304
02df6a916cf5,41,0.8781724000559267,0.8781724140215688,0.8438065566358415,0.9130998646310908,0.9027638209640886,472,0.9398164868714921,0.939816504273742,0.8651615359907706,0.9096565671762162,0.8890145453879676,460,1.230303014972666,1.2303030301876314,1.0060994305352318,0.9819691239510653,0.9323726711825242,384
02df6a916cf5,42,0.8950334961392197,0.8950335091930706,0.853951124150854,0.9196370252943037,0.907452770242968,346,1.0249916855010357,1.0249916963887817,0.926272021982228,0.9621864086686415,0.9358489185281523,332,1.3239153988972328,1.3239154234117063,1.0427961392404552,0.9955075762892903,0.9374113201140314,288
02df6a916cf5,43,0.8192748070336268,0.819274822203849,0.7857252984937912,0.8491505198324631,0.8390978375382011,401,0.8386294956492338,0.8386295128842105,0.7733090503697116,0.813981180253602,0.7958611877325875,428,1.1277777637249438,1.1277777776719953,0.9222578113239625,0.9001383636218098,0.8546749485839804,352
02df6a916cf5,44,0.9222296464518429,0.9222296617705145,0.8800407374575268,0.947837224180166,0.9353208021865245,359,1.0582289981091215,1.058229014046186,0.9570214560689857,0.9946097962742909,0.9675698248760854,348,1.3744708899359803,1.374470900308769,1.0780241689052943,1.026602244875352,0.9658045416502269,288
02df6a916cf5,45,0.9314253618923118,0.9314253769935904,0.8955742490444981,0.9695619557026968,0.9587648628493808,518,1.0199553985328214,1.0199554122625218,0.9395953077610752,0.9883770485644223,0.9661271952542753,508,1.2484780172022165,1.2484780391979873,1.0308531674519852,1.0119781636349403,0.9629781189519551,432
02df6a916cf5,46,0.8602999230951613,0.860299939495547,0.8262601017975014,0.8938364529644559,0.8836076459793383,452,0.9744990279308023,0.9744990465082302,0.899626279698959,0.9476594783376119,0.926843350107704,512,1.0472242640569591,1.0472242818889193,0.8924284028103421,0.893168090430777,0.8562143590611961,528
02df6a916cf5,47,0.9264270201529877,0.9264270332878016,0.8900686373295259,0.9630839351169072,0.9521511464803727,495,0.984653595337428,0.98465361001423,0.9059795650294177,0.9522568602939806,0.9305248661198341,476,1.2815656405965272,1.2815656564454494,1.0480202401408665,1.022884504115693,0.9712215324817961,400
02df6a916cf5,48,0.9262334486308288,0.9262334621221265,0.8856385692983435,0.955170464815696,0.9430789682227396,394,1.0107040406891885,1.010704053368367,0.920750958730385,0.9614876706222385,0.9371135315453464,388,1.3744708899359803,1.374470900308769,1.0780241689052943,1.0266022448753516,0.9658045416502269,288
02df6a916cf5,49,0.878182964256921,0.8781829798745576,0.8384632424818955,0.9033893781692357,0.8915928624067188,350,0.924020716204538,0.9240207347317227,0.868128109051103,0.8753977424364123,0.852654216525574,336,1.2898320915163313,1.2898321215210458,1.0053096491487337,0.9538892462832735,0.8961899371926806,256
02df6a916cf5,50,0.7372474488978749,0.7372474610718792,0.7093289296612879,0.7682698486671509,0.7598509625960936,424,0.7916275427593311,0.7916275567062793,0.7316198935829877,0.7712509651547811,0.7545314496667127,428,1.0765151381010827,1.0765151514141775,0.8803370017183278,0.8592229834571822,0.8158260872847087,336
02df6a916cf5,51,0.92722305643083,0.9272230695769301,0.8893001361027093,0.9611208524687841,0.9497565391619592,455,0.9978405530363057,0.9978405671836156,0.9152995350400618,0.9601108580629453,0.9374459631349483,448,1.230303014972666,1.2303030301876314,1.0060994305352318,0.9819691239510653,0.9323726711825242,384
02df6a916cf5,53,0.9835520088932127,0.9835520264062547,0.9334281548485385,1.0016085064300864,0.9868981140286667,306,1.0788710755509408,1.0788710949872968,0.9673740686372483,0.9998116250178792,0.9705078506570729,300,1.4796776500174416,1.4796776745955886,1.1343099948086781,1.066116913129813,0.9981192986229458,256
02df6a916cf5,54,0.8707035074261456,0.8707035222523399,0.8355567837141059,0.9033800701332697,0.8928360666410994,439,0.9467053134940507,0.9467053290144382,0.8699801310006069,0.9136691369912797,0.8925265664911867,444,1.1097582375130814,1.1097582570648776,0.9163139266239868,0.8995361454532799,0.8559805501795157,384
02df6a916cf5,57,0.8513840547767191,0.8513840661796135,0.8136563389055906,0.8772335963924548,0.8660074029017935,354,0.9709116374994438,0.9709116529058407,0.8816943243069536,0.91879485797966,0.8947677868985632,348,1.1770161688565015,1.1770161808574775,0.9444887895305524,0.9115299607259905,0.8618345542303922,304
02df6a916cf5,59,0.8870174082308564,0.8870174257815936,0.8624843208818247,0.9171850582445716,0.905973329504803,406,0.9707413148556564,0.9707413332322152,0.8867595629174777,0.9276466499986954,0.9047703477184007,396,1.2724761530825304,1.2724761735177368,1.0328891308324937,1.003656275212432,0.9513708876255563,368
02df6a916cf5,60,0.8261410538236456,0.8261410695213238,0.7914531318828132,0.8547092911576863,0.8443377891151792,384,0.9273260776404395,0.927326097249174,0.8487978863981982,0.8891012855992055,0.8676275208707503,396,1.1559981640761265,1.1559981844425808,0.954493673566653,0.9370168181804999,0.8916464064369954,400
02df6a916cf5,61,0.7817902547226413,0.781790265806806,0.7484089302621887,0.8078160779525722,0.7978499132102406,351,0.8752488599782663,0.8752488709581736,0.7973513457046634,0.8326284982708045,0.8115209963897846,336,1.1872122054039382,1.187212209688107,0.9405258522783918,0.9008953992675364,0.8493831683415713,272
02df6a916cf5,62,0.9403523534296817,0.9403523720637971,0.9049389134769147,0.9802794258020355,0.969595824012755,547,0.9811374371095621,0.9811374563140449,0.9081470848431311,0.9583067619773525,0.9379095814324983,552,1.2158780105262765,1.2158780335433805,1.0185819866955237,1.0087623896446136,0.9631366338686546,496
02df6a916cf5,63,0.8133172306068354,0.8133172423843849,0.7852697607470739,0.8525695408657419,0.8440525035005795,567,0.9273313840342642,0.9273313953707794,0.8606118909736918,0.9097369291649698,0.8909960558644521,560,1.1689103329366752,1.1689103457549994,0.9769594030704232,0.9661684525238934,0.9219694907213377,464
02df6a916cf5,65,0.8207602485089855,0.8207602590697739,0.7902080277176898,0.8562617948810523,0.8470364434808864,489,0.8732052463263472,0.8732052575149288,0.8075291079633888,0.8516318536835787,0.8333102278063941,480,1.1211451356615063,1.1211451515570197,0.9315453994284615,0.9179688879438707,0.8747826675983029,416
02df6a916cf5,67,0.8849087301656852,0.8849087440692786,0.8598186584050798,0.9133167697548397,0.9018786874987317,385,0.9641559219759195,0.9641559364145563,0.8802124032822497,0.9204335238048773,0.8975942997902199,388,1.1978046321169937,1.1978046561337146,0.8981644615934729,0.9327999519769883,0.8826286199224442,320
02df6a916cf5,68,0.9276885266710911,0.927688543015171,0.8827697913739782,0.9489675374750755,0.9357149518269168,321,1.0218949976689091,1.0218950168353655,0.9547183046706926,0.9546097870116438,0.9277767388376424,312,1.235849043114212,1.2358490732420422,0.9163080062800583,0.9493105999111676,0.8965384497542441,304
02df6a916cf5,69,0.8951136401340077,0.895113655904181,0.856430601050482,0.9240719858857495,0.9125353287780911,392,0.9556251489695977,0.9556251648429843,0.8996714755560576,0.9100416776256133,0.8871169990434451,372,1.2801537005750372,1.280153718724962,1.0181287778766264,0.9774613515109412,0.9223586715476029,304
02df6a916cf5,70,0.877781600561755,0.8777816141434455,0.8567035503634134,0.9164588363878418,0.9067009402857887,536,0.9336102210116389,0.9336102379745337,0.8650568074026557,0.913467365213295,0.8942711683905694,540,1.1689103329366752,1.1689103457549994,0.9769594030704232,0.9661684525238934,0.9219694907213377,464
02df6a916cf5,71,0.9212853214128494,0.9212853380938377,0.8804051061390279,0.949157659099368,0.936994916192129,382,1.0203488756762968,1.0203488943499481,0.9286931360578661,0.9692054346665109,0.9444134521088303,384,1.3974662543915228,1.397466280267912,1.100729258087147,1.0508135527498064,0.9894897267870328,304
02df6a916cf5,72,0.9400718717864032,0.9400718865567141,0.8993169782950747,0.9702508021551414,0.9580996965895616,409,1.0419629285455552,1.0419629416168734,0.9492277925055517,0.9912244027033387,0.966096424273553,400,1.2801537005750372,1.280153718724962,1.0181287778766264,0.9774613515109409,0.9223586715476029,304
02df6a916cf5,73,0.9258990531884118,0.925899068231386,0.8826989780837274,0.9500837115172794,0.9372914859014779,346,0.9825984394647072,0.9825984567761936,0.9217392502512733,0.9272911238375732,0.902653016550751,340,1.27247615308253,1.2724761735177368,1.0328891308324937,1.003656275212432,0.951370887625556,368
02df6a916cf5,74,0.9032157319774473,0.903215743699015,0.8624197491582333,0.92924194579776,0.9171242310473033,361,1.007752555520249,1.0077525672347638,0.9145229920246686,0.9525792258802427,0.9275047509147709,356,1.3268842295691072,1.3268842343572957,1.051175952546438,1.0068830932990112,0.9493105999111678,304
02df6a916cf5,75,0.7420122727385802,0.7420122849032081,0.7217329454207101,0.7679162812607379,0.7586377785885521,348,0.7783667898545522,0.7783668033166067,0.7120417668331361,0.7455691496665495,0.7274526193664455,328,1.349287072933072,1.1173761973535123,0.8852008021443687,0.8479015522517986,0.9286020629788306,256
02df6a916cf5,77,0.941769730701958,0.9417697476225719,0.897092282986209,0.9650377449224947,0.9518295042565098,340,1.064715228548439,1.0647152436438931,0.9585572311415079,0.993297400561969,0.9651793032211425,320,1.2801537005750372,1.280153718724962,1.0181287778766264,0.9774613515109412,0.9223586715476029,304
02df6a916cf5,78,0.8346031991409152,0.8346032118316327,0.8021667342523843,0.8682066123285166,0.8584454365576565,455,0.9235816600887753,0.9235816725211813,0.8508146487600289,0.8949870912197525,0.8748395862538714,460,1.0330514792977248,1.01202088330517,0.8646803826429229,0.8667967422960967,0.8462663530990977,528
02df6a916cf5,79,0.8509159048404819,0.8509159202047768,0.8169110484092023,0.8834742868185737,0.8732643333330359,438,0.9586850917766566,0.958685108964731,0.8798602214147272,0.923265901862728,0.9015986564870705,436,1.1618260528144841,1.1618260714727164,0.9430726846731465,0.9163818164983076,0.8686429843537686,336
02df6a916cf5,83,0.8264476912125065,0.8264477024245983,0.8076897179134801,0.865880031167613,0.8571556327683556,566,0.9609249081796667,0.9609249187172134,0.9159369411077148,0.9442205832495519,0.925008204273334,596,1.1038279369855124,1.1038279496646073,0.9487570327874882,0.9546097870116439,0.9169924858221812,624
02df6a916cf5,87,0.8282924628179781,0.8282924785565356,0.7935142077470914,0.8569350966034095,0.8465365854410001,385,0.9413249113751818,0.9413249291948753,0.8598880610108874,0.8995361454532799,0.8773530644542067,384,1.2120082879716694,1.1770161808574775,0.9444887895305524,0.9115299607259905,0.8825336891083875,304
02df6a916cf5,89,0.9292106750940398,0.9292106911116175,0.8968538097824957,0.973483674150749,0.9636648426951526,635,1.009546540362635,1.0095465578831946,0.9385620426831548,0.9932974005619687,0.9732899823747919,640,1.2058946070958918,1.2058946276296645,1.0276448274785757,1.0284965889808946,0.9859438074038013,608
02df6a916cf5,90,0.9484806062401062,0.9484806217528581,0.9019924652340076,0.9692219169112142,0.9555231852032235,320,1.0780241689052945,1.0780241841894418,0.9705391965307768,1.0057136180689934,0.9772440445114068,324,1.4796776500174416,1.4796776745955886,1.1343099948086781,1.066116913129813,0.9981192986229458,256
02df6a916cf5,91,0.9245124437237411,0.9245124598719284,0.8862618782823303,0.9575139611241679,0.9460627047760004,443,1.0346582938310511,1.0346583117257333,0.9464945437172175,0.9910614306543154,0.9669797013529581,436,1.2860574036336336,1.2860574151317943,1.0589905252970795,1.0378927190093366,0.9870221975109825,432
02df6a916cf5,92,0.9016471474798748,0.9016471588599334,0.8620026222593304,0.9295854644793429,0.9177804888393843,381,1.0349032021490827,1.0349032168218641,0.9413249113751818,0.9819691239510653,0.9566889923670858,384,1.2801537005750372,1.280153718724962,0.9444887895305524,0.9774613515109412,0.9223586715476029,304
02df6a916cf5,94,0.980077695761982,0.9800777127126787,0.9369271199885802,1.0103419700520924,0.997494558062444,413,1.05838054133192,1.0583805589121225,0.964793797949144,1.0078956214563242,0.9825059236717726,412,1.414906721688199,1.4149067417486425,1.1253002281794293,1.0803520200910404,1.019449058026298,336
02df6a916cf5,95,0.7072149984026548,0.7072150138635759,0.6880645307343235,0.7323930293445727,0.7236232150513421,338,0.8055559866371493,0.8055560036709996,0.7373395780832832,0.7723506117326434,0.7536966342917628,344,1.1809473206012995,1.1454006957012821,0.9109573275738237,0.874570682930842,0.8457860684347822,272
02df6a916cf5,96,0.7545495589680622,0.7545495718504784,0.7318668199941423,0.7970917799060107,0.7901407604044567,697,0.7867347696812695,0.786734783367239,0.739649737441987,0.7886603525413934,0.7750952484455556,700,1.015490195449172,1.0154902127407701,0.8653851178766954,0.8661023907207535,0.8302684693926748,512
02df6a916cf5,97,0.8411653725938151,0.8411653879266793,0.806106803034302,0.8707258188640101,0.8602367829875609,397,0.8971181592772383,0.8971181753614915,0.823355436553231,0.8639735962385161,0.8436978253365247,408,1.217151102948507,1.2171511224952265,0.98798090775282,0.9600190458553697,0.9100069359896622,352
02df6a916cf5,98,0.894341511364515,0.8943415254827292,0.853756554398295,0.9197684882819672,0.9077187569486544,354,1.0582289981091215,1.058229014046186,0.9570214560689857,0.9946097962742912,0.9675698248760854,348,1.1379144005111441,1.1379144233270286,0.9866158746810919,0.8861599543781389,0.8384971889263223,304
02df6a916cf5,99,0.9191922560305663,0.9191922678418281,0.8734145279221445,0.9379864852072923,0.9245191755279673,300,1.0124368560712564,1.0124368685919052,0.9132385496201396,0.9475114065441218,0.9211399525772764,316,1.347530211131618,1.3475302302368022,1.0717145030280277,1.0289066858009908,0.9709038647869503,320
02df6a916cf5,100,0.9123544724738656,0.9123544880092856,0.8755264704065803,0.9465941509369115,0.9355457645897625,460,0.9722919435884848,0.9722919595283418,0.8934931075141367,0.9383628974505034,0.9166489061260835,456,1.2171511029485071,1.2171511224952265,1.0609882177979622,0.9600190458553697,0.9100069359896625,352
02df6a916cf5,101,0.9004988170065011,0.900498831327202,0.8652592657028545,0.9363142679691694,0.9257154435309722,484,1.006407450381063,1.0064074668802134,0.92484374286551,0.9712879113961351,0.9488120256392795,472,1.27247615308253,1.2724761735177368,1.0328891308324937,1.003656275212432,0.951370887625556,368
02df6a916cf5,102,0.9446311149581192,0.9446311303054314,0.9005570498946699,0.9693050582820804,0.9562540304139352,353,1.0288383660277527,1.028838384153897,0.9327380137253712,0.9709283531946354,0.9451308055649041,356,1.3974662543915228,1.397466280267912,1.100729258087147,1.0508135527498064,0.9894897267870328,304
02df6a916cf5,103,0.8472998564909303,0.8472998679447603,0.8155508154473022,0.8835680481967126,0.8739861924100113,498,0.8702893342777587,0.8702893483878336,0.805190891589757,0.8494162994506932,0.8312400938243679,484,1.137434267911678,1.1374342894438076,0.8982491814957511,0.9436809451514129,0.9009987865222898,464
02df6a916cf5,104,0.8742952835696198,0.8742952943096861,0.8368470577984233,0.9031881469582029,0.8920108871258083,390,0.9740956737488671,0.9740956883363558,0.8892867579552626,0.9299225292049276,0.9068478492725933,392,1.1978046321169937,1.1978046561337146,0.8981644615934729,0.9327999519769883,0.8826286199224442,320
02df6a916cf5,105,0.8632317680257992,0.8632317864931307,0.8521197582403011,0.8915842625561443,0.88052225289117,383,0.9741607280263203,0.9741607486253949,0.8916664665193194,0.9340053909324991,0.9114470926318994,416,1.2947179437652616,1.2947179665756905,1.0690329143946513,1.0494588363621598,0.9986439752094349,448
02df6a916cf5,106,0.955335150255095,0.9553351657763145,0.9107616623580655,0.9802886850048234,0.9670897701353396,357,1.070392549811525,1.0703925659317743,0.9680217026904682,1.0060420927831908,0.9786913171160405,352,1.2576948637228433,1.2576948889404003,0.9430726846731465,0.9794399495758378,0.9267600509185665,336
02df6a916cf5,107,0.9748863989583448,0.9748864154920792,0.9311425432124687,1.0035015824478797,0.9905002605958934,395,1.0107040406891887,1.010704053368367,0.9511303792020066,0.9614876706222385,0.9371135315453473,388,1.217151102948507,1.2171511224952265,0.98798090775282,0.9600190458553697,0.9100069359896622,352
02df6a916cf5,108,0.9032110508244555,0.9032110644876564,0.8707107740301953,0.9443269741996079,0.9344882222780778,577,0.9367370811964998,0.9367370956903933,0.8696939467218643,0.9195853504346354,0.9007386558662704,572,1.1766561392189772,1.176656161493594,0.9857245032537325,0.9762216673980129,0.9320677101954721,480
02df6a916cf5,109,0.9202262510515192,0.9202262659119714,0.8792599418748364,0.9478254543831884,0.9356407486220215,379,1.0133427187709767,1.0133427331380755,0.9217139757215324,0.9615114338687515,0.9367579716927715,376,1.235849043114212,1.2358490732420422,0.9163080062800583,0.9493105999111676,0.8965384497542441,304
02df6a916cf5,110,0.8006916458720837,0.8006916603810633,0.7730506641775324,0.839281692718133,0.8308887165627408,557,0.8616576058573568,0.8616576219572746,0.8003093734812791,0.8464462530712289,0.8291869568138717,532,1.0780241689052945,1.0780241905203432,0.914407274443069,0.9125353287780908,0.8738134783082554,512
02df6a916cf5,111,0.9322992635626205,0.9322992802776284,0.8927387648746969,0.9637845105445642,0.9519670330658166,424,0.9966891821308292,0.9966891993688258,0.91176079899365,0.9546922038413136,0.9314942077253267,420,1.3278012032165531,1.3278012245402473,1.0777973539121675,1.0472935045694944,0.9927348392614498,384
02df6a916cf5,112,0.8885539210180257,0.8885539363017833,0.8546788916718909,0.9255294985665856,0.9153197981165305,504,0.9717685293107984,0.9717685423918516,0.895204978260552,0.9416820698920875,0.9204833907540733,484,1.2022380906391716,1.202238111820284,0.9926734205093192,0.9744974909077204,0.9273122626944753,416
02df6a916cf5,113,0.887807886686967,0.8878078989160602,0.8473851229999474,0.9128060785421768,0.9008082656601814,349,0.9810019937038179,0.9810020076123921,0.8922975722410578,0.9308248987452806,0.9068614406813,364,1.3414659073803088,1.341465923292471,1.0407149836751257,0.9848512868645466,0.9243646712682371,256
02df6a916cf5,114,0.8733250064716881,0.8733250191772229,0.8367025629825965,0.9036095828560938,0.8926584591376628,407,0.9331554046705282,0.9331554171686158,0.8531417789205109,0.8929704793321883,0.8711396434658888,388,1.1277777637249438,1.1277777776719953,0.8628811687605833,0.9001383636218098,0.8546749485839804,352
02df6a916cf5,115,0.82452171215375,0.8245217241132076,0.7939128960673971,0.8603382589301094,0.8510938872664074,494,0.9357848688414012,0.9357848821088904,0.8644539083441102,0.9110045494478656,0.8911477820098543,500,1.2092175857965604,1.2092175990568959,1.0106476583487134,0.9994846060592,0.9537615421255217,480
02df6a916cf5,116,0.6958838589014469,0.6958838719805498,0.6775822856684227,0.7221502387268326,0.7137460226505793,353,0.7894688565521208,0.7894688719560888,0.7459132941075074,0.7586377785885519,0.74057824330896,348,0.9941987258216343,0.9941987470097005,0.8154013749087224,0.7972408269725715,0.7574764849040594,320
02df6a916cf5,117,0.82284693911921,0.8228469525314025,0.7898672981246487,0.8541556939354538,0.8442559619662234,421,0.8983243900646511,0.8983244014653531,0.8250857838024523,0.8662199919179734,0.8460587784116116,416,1.1618260528144841,1.1618260714727164,0.8803370017183278,0.916381816498308,0.8686429843537686,336
02df6a916cf5,118,0.8442689281987895,0.8442689451269014,0.804355534308115,0.865378367434165,0.8535745294165471,307,1.008793779750077,1.0087937986708095,0.908939971051543,0.942371199998674,0.9158821652628009,308,1.2898320915163313,1.2898321215210458,1.0053096491487337,0.9538892462832735,0.8961899371926806,256
02df6a916cf5,119,0.7779004475947687,0.7779004594951706,0.74503598738008,0.8044335595922212,0.7946125441231621,357,0.9331554046705282,0.9331554171686158,0.8531417789205109,0.892970479332188,0.8711396434658888,388,1.2022380906391716,1.202238111820284,0.9926734205093192,0.9744974909077195,0.9273122626944753,416
02df6a916cf5,120,0.9111405465072738,0.911140562958996,0.8747289536619083,0.946003288853678,0.9350707130894835,469,0.9725057559800656,0.9725057739876112,0.8952541111556669,0.9412967955997367,0.9199367904449404,476,1.2505080359301415,1.2505080536597526,1.0390314070548223,1.0238883750143173,0.975719129244261,464
02df6a916cf5,121,0.9169584276931128,0.9169584406936819,0.8836639951962014,0.9581528073088006,0.9480804338251871,575,0.9623055203230384,0.962305536492337,0.8925501879121226,0.9431339272139254,0.9235625242378643,572,1.2092175857965604,1.2092175990568959,1.0106476583487134,0.9994846060592,0.9537615421255217,480
02df6a916cf5,122,0.6321666042181329,0.6321666173106231,0.6097973425001088,0.6616352734185266,0.6548551053763667,418,0.7123100204755468,0.7123100334176071,0.6600063049072113,0.6969417675331062,0.6822957803276196,412,1.0439086621127163,1.0439086755967186,0.9055403018804473,0.9163818164983076,0.882231597674682,672
02df6a916cf5,123,0.8222985644261699,0.8222985773460393,0.793591389083223,0.8613436985335556,0.852633980536255,559,0.877043556940039,0.8770435721610254,0.8153757745809908,0.8629271167382103,0.8455456721881004,556,1.0365281423822896,1.0365281555369457,0.8774443558911519,0.8745643674699509,0.8370558942894006,480
02df6a916cf5,125,0.8885397301795839,0.8885397465429407,0.8498452156807837,0.9167493523586525,0.9052172202304339,383,0.9442764184300243,0.9442764325709573,0.862063693936224,0.9014555130047768,0.8790872008254732,380,1.1978046321169937,1.1978046561337146,0.8981644615934729,0.9327999519769883,0.8826286199224442,320
02df6a916cf5,126,0.9030410591243467,0.903041075845639,0.8788716736263247,0.9359713959250592,0.9248908832715335,442,1.0114567482047296,1.0114567663389367,0.9282928941531526,0.9740878781120526,0.9512279403303956,460,1.2073870691739297,1.207387086292175,1.0032027378460353,0.9885818793241684,0.9420736420289415,448
02df6a916cf5,127,0.9549748341688892,0.9549748492442701,0.9116383546964845,0.9821256739282023,0.9692590116570381,378,1.0490309646545715,1.0490309813005636,0.9526352469523408,0.9927208810354944,0.9667605973386776,376,1.2576948637228433,1.2576948889404003,1.0127614806253276,0.9794399495758378,0.9267600509185665,336
02df6a916cf5,128,0.8484706006721687,0.8484706164584822,0.8156817875871164,0.8829724490307318,0.8731007550504614,468,0.9044209553219188,0.9044209707222483,0.8335721380965944,0.8771331773637367,0.8574980911084644,456,1.1559981640761265,1.1559981844425808,0.954493673566653,0.9370168181804999,0.8916464064369954,400
02df6a916cf5,129,0.9268523148903197,0.9268523269697673,0.8868500901150442,0.9569325563566777,0.9450010737210074,407,1.00391492906771,1.0039149441017545,0.9165098219743013,0.9583895454050785,0.9346084977197135,404,1.347530211131618,1.3475302302368022,1.0717145030280277,1.0289066858009905,0.9709038647869503,320
02df6a916cf5,130,0.8970959484175689,0.8970959595118145,0.8514486191682586,0.9136921579116167,0.9002933500758673,280,1.051175952546438,1.0511759694276956,0.9444887895305524,0.9774613515109409,0.9493105999111681,304,1.230303014972666,1.2303030301876314,1.0060994305352318,0.9819691239510653,0.9323726711825242,384
02df6a916cf5,131,0.9368216046003135,0.9368216186296076,0.8946471944364823,0.9640686451290407,0.9515376272637363,377,1.0378710607752675,1.0378710772441746,0.9425008294315711,0.9821600205989468,0.9564759101329469,372,1.2815656405965272,1.2815656564454494,1.0480202401408665,1.022884504115693,0.9712215324817961,400
02df6a916cf5,133,0.8817264261523837,0.8817264419606815,0.8443118979121544,0.9115037470008731,0.900327311932529,401,0.9511303792020066,0.9511303972073218,0.8688452283130841,0.9089063136350848,0.8864921588756046,388,1.2801537005750372,1.280153718724962,1.0181287778766264,0.9774613515109412,0.9223586715476029,304
02df6a916cf5,136,0.9151769971703162,0.9151770111707891,0.8765129263295061,0.9463924230496721,0.9348382872037202,420,0.9966891821308292,0.9966891993688258,0.91176079899365,0.9546922038413136,0.9314942077253267,420,1.1790403893488048,1.1790404039298135,0.9641786209295972,0.9410537437864376,0.8935238098832523,368
02df6a916cf5,137,0.9111844483877211,0.911184465439741,0.872227732200631,0.9414262579565463,0.9297968645775319,408,0.9777046262807181,0.9777046431903719,0.8943939266318661,0.9365075904348118,0.9137514609115108,412,1.1770161688565015,1.1770161808574775,0.9444887895305524,0.9115299607259905,0.8618345542303922,304
02df6a916cf5,138,0.887572120319232,0.887572134115406,0.8421702075956841,0.9035618743238305,0.8902425663971494,274,1.0658583117993148,1.0658583279630296,0.9527869872187167,0.982795718372703,0.9532516036361952,280,1.3871977968913514,1.3871978199333643,0.9756702971954302,0.9994846060592,0.9357368424590116,240
02df6a916cf5,139,0.8472465001019011,0.8472465135174272,0.8153758039582453,0.8832867474320434,0.8736710749355088,494,0.90625170346279,0.9062517181559259,0.8384632424818957,0.8845161465354326,0.8655888580319865,504,1.0664874046672153,1.0664874214237539,0.8982491814957511,0.8925214787209954,0.8532258026093216,464
02df6a916cf5,140,0.8321995959779529,0.8321996080995757,0.7957260241919129,0.8581988440222245,0.847334910535152,354,0.906507747834633,0.9065077592066797,0.8258281794798298,0.8623652303519046,0.8405038891179911,348,1.2001595477065283,1.200159555542219,0.9710384578239459,0.94174072686135,0.8920335692972129,336
02df6a916cf5,141,0.9290680765916508,0.9290680941793169,0.8875166248124406,0.9565855722359573,0.9442321044456393,379,1.0133427187709767,1.0133427331380755,0.9217139757215324,0.9615114338687515,0.9367579716927715,376,1.2801537005750372,1.280153718724962,0.9444887895305524,0.9774613515109409,0.9223586715476029,304
02df6a916cf5,142,0.8716737811763355,0.8716737959168789,0.8378927097810599,0.906944941125333,0.8967768131290733,478,0.895204978260552,0.8952049940323346,0.8273458609676777,0.8721623063899862,0.8532551907446003,484,1.1642661024177179,1.164266118924597,0.9673740686372483,0.9532753836340194,0.9084281548136222,432
02df6a916cf5,143,0.923798745008291,0.9237987621139461,0.8786822366654214,0.9442921898830439,0.9309928004233418,314,0.996927208608102,0.9969272254299143,0.8999438720633389,0.9341861116577067,0.9083651870152735,316,1.4253075265915784,1.4253075434982507,1.1057596701548211,1.0464044922935811,0.9821374632225023,272
02df6a916cf5,144,0.9132355761636138,0.9132355897480049,0.8771445371251408,0.9489145284420349,0.9380682769044206,481,1.0245684249926355,1.024568439518891,0.9398164868714921,0.9858281131896314,0.9625561228617774,460,1.2505080359301415,1.2505080536597526,1.0390314070548223,1.0238883750143173,0.975719129244261,464
02df6a916cf5,145,0.8852008021443688,0.8852008163601649,0.8475217859887302,0.9148829611546747,0.9036305992557356,400,0.9716360399146736,0.9716360529281465,0.8883228832058928,0.9297940042531033,0.9070629277325234,404,1.1379144005111441,1.1379144233270286,0.9163080062800583,0.8861599543781389,0.8384971889263223,304
02df6a916cf5,147,0.8003701224924383,0.800370136842115,0.7664078075811077,0.827399909995805,0.8172547170659369,364,0.9144571631111813,0.9144571768055586,0.8348406299171852,0.8729884968046259,0.8513265523783529,368,1.250364543402942,1.2503645665555003,0.9109573275738237,0.9402015998287743,0.8853329134410297,272
02df6a916cf5,148,0.9028597417408974,0.9028597585391541,0.8679690816632135,0.9395732470455223,0.9290687521690807,498,1.0190697221682863,1.0190697426012618,0.9369668186291886,0.9843568479596632,0.9617095549765678,484,1.248478017202216,1.2484780391979873,1.0308531674519852,1.0119781636349399,0.9629781189519547,432
02df6a916cf5,152,0.9266858752022495,0.9266858905949416,0.8901689421581942,0.9630827435479496,0.9521059134374594,491,0.9929279952982467,0.9929280100983833,0.9135928386851271,0.960259018783846,0.9383444028099167,480,1.1374342679116787,1.1374342894438076,0.9528670198119416,0.9436809451514125,0.9009987865222902,464
02df6a916cf5,153,0.9017408372257842,0.9017408523774345,0.8681362344728254,0.9406759018710156,0.930529754383806,536,0.991689643993332,0.9916896608796582,0.9140045373866166,0.9617688348286587,0.9402391349873512,500,1.1642661024177179,1.164266118924597,0.9673740686372483,0.9532753836340194,0.9084281548136222,432
02df6a916cf5,154,0.8672433421896801,0.8672433551770108,0.8282012489610938,0.8924667298409422,0.8808663976526365,349,0.948661268636659,0.9486612820867087,0.8628811687605833,0.9001383636218098,0.8769649096698285,352,1.200159547706528,1.200159555542219,0.9710384578239459,0.9417407268613505,0.8920335692972129,336
02df6a916cf5,155,0.8988034452286775,0.8988034588956044,0.8638718676564138,0.9349917363537871,0.9244797009082452,490,0.9400140206709321,0.9400140353184283,0.8673823719374386,0.9134097188859384,0.893235130628453,488,1.0664874046672153,1.0664874214237539,0.9528670198119416,0.8925214787209954,0.8532258026093216,464
02df6a916cf5,157,0.8589988325823124,0.8589988465383669,0.8189201501875043,0.8814360445001354,0.8695681126427003,321,0.9244299293826808,0.9244299433047143,0.8657687883140981,0.8688545346763921,0.8452334102365804,304,1.2576242881690396,1.2576243030866916,0.8983534740877451,0.9232980814355126,0.8665918793139724,240
02df6a916cf5,158,0.9339323439153296,0.9339323603694134,0.8935717240552224,0.9641465362940602,0.9521095649751002,409,1.0172783843869913,1.0172784012844673,0.9273260776404395,0.9687540439240401,0.9443503538204417,396,1.0936185984037976,1.0936186217106705,0.8969415123995945,0.8769649096698285,0.8332241333944652,352
02df6a916cf5,159,0.8734066372774901,0.8734066543192364,0.8357807324108459,0.9018786874987311,0.8906541376784395,385,0.9556251489695974,0.9556251648429843,0.8711244971773824,0.9100416776256133,0.8871169990434444,372,1.2801537005750372,1.280153718724962,1.0181287778766264,0.9774613515109412,0.9223586715476029,304
02df6a916cf5,161,0.9337669751635453,0.9337669911304382,0.905007803130205,0.9575025552944524,0.9445048160072029,343,0.9932314452580517,0.9932314610186188,0.9019631593484929,0.9399165788527557,0.9153371613100245,356,1.347530211131618,1.3475302302368022,1.0717145030280277,1.0289066858009908,0.9709038647869503,320
02df6a916cf5,162,0.8339757589668874,0.8339757718174357,0.7953828561984114,0.8563346716458016,0.8448976536553775,317,0.9590692133445031,0.9590692295275124,0.8657687883140981,0.8987106896960215,0.8738703064957061,304,1.137914400511144,1.1379144233270286,0.7964953825070585,0.8861599543781389,0.838497188926322,304
02df6a916cf5,164,0.7328211013383491,0.7328211163988195,0.7034139444794526,0.7606393825142854,0.7518129186209543,374,0.8348406299171852,0.8348406462064388,0.7651865384177179,0.8022376509212273,0.7831402113152222,368,1.2127771900184563,1.212777207213122,0.964543052725225,0.9260160172208917,0.8738134783082554,288
02df6a916cf5,166,0.8152833244301599,0.815283334331949,0.7689406392266486,0.8216532367266609,0.8082180074764042,202,0.9202207820300815,0.9202207932063582,0.8199420174187146,0.8440092228944355,0.8179690884738585,228,1.176813687908651,1.1768137096992943,0.8573716024224223,0.8848956233682581,0.8332545067680277,256
02df6a916cf5,167,0.8631613394611556,0.8631613563787663,0.8318689917076624,0.9020279353298819,0.8925601378457557,543,0.8916990039093177,0.891699021788432,0.8493163977740031,0.8745339225725474,0.8564797297713276,536,1.1032628324143605,1.1032628497487107,0.929223291202501,0.9232980814355124,0.882647382009643,480
02df6a916cf5,168,0.8628811687605838,0.8628811819610297,0.8390465681288429,0.8923128560182623,0.8814189565063648,396,0.9427755634815644,0.9427755761084985,0.8619370549918564,0.902176360562417,0.8801204645325473,392,1.2389643882700017,1.238964400902608,0.994198725821634,0.9595052218168321,0.9071942676109392,320
02df6a916cf5,169,0.7860269262325366,0.7860269434164201,0.7482353913804455,0.8045399585801525,0.793382251950049,276,0.9494065464848276,0.9494065618776366,0.8783900635524622,0.9266359630371198,0.9068073750811286,528,1.137434267911678,1.1374342894438076,0.8982491814957511,0.9436809451514129,0.9009987865222898,464
02df6a916cf5,170,0.946061756070023,0.9460617728784382,0.9075986960270084,0.9810671942991661,0.9695352116286012,470,1.023465203777352,1.0234652205561492,0.9405190605411965,0.9877504183689509,0.9648935853958773,480,1.2073870691739297,1.207387086292175,1.0032027378460353,0.9885818793241684,0.9420736420289415,448
02df6a916cf5,171,0.89012334727305,0.8901233613674995,0.8566397616484399,0.927987493759576,0.91788519816099,519,0.9422140726478213,0.9422140879240182,0.8717355933740345,0.919615993620172,0.8999376222396049,524,1.0686560805681524,1.0197686732944482,0.8053268523755011,0.8460587784116116,0.8402868806490774,416
02df6a916cf5,173,0.9210115356451435,0.921011551995565,0.8870055753578726,0.9613570629446458,0.9510824401110164,558,0.9513251569771957,0.9513251711014601,0.9050079442661731,0.930137326483183,0.9104875860838485,544,1.1286030800767899,1.128603092453103,0.9432711477921326,0.9328522989885867,0.8901774393171537,448
02df6a916cf5,177,0.9430661565697582,0.9430661731847622,0.9023108118210437,0.9735758422724862,0.9614211499626317,413,1.00391492906771,1.0039149441017545,0.9165098219743013,0.9583895454050785,0.9346084977197135,404,1.3009126076835016,1.3009126209477384,1.0439086621127158,1.0074804829076738,0.9525539809914859,336
02df6a916cf5,178,0.9498898157053114,0.9498898327356968,0.9095828925138422,0.9819691239510653,0.9699286751991338,432,1.0441505717561068,1.0441505898149603,0.9551779798981096,1.0001537373575666,0.975851074759866,440,1.2484780172022165,1.2484780391979873,1.0308531674519852,1.0119781636349399,0.9629781189519551,432
02df6a916cf5,179,0.9109113659855722,0.9109113778572651,0.8715971401622057,0.9404742568615997,0.92874798400099,400,0.9641559219759195,0.9641559364145563,0.8802124032822497,0.9204335238048773,0.8975942997902199,388,1.217151102948507,1.2171511224952265,0.98798090775282,0.9600190458553697,0.9100069359896622,352
02df6a916cf5,180,0.8376557907942582,0.8376558032308812,0.8168826678860197,0.8727423583710553,0.8631523652082713,479,0.8846742819517711,0.8846742962950704,0.8184998319466125,0.8634562382845893,0.8449795995074153,492,1.1286030800767892,1.128603092453103,0.9432711477921326,0.9328522989885867,0.8901774393171537,448
02df6a916cf5,181,0.9486981758132604,0.9486981900585674,0.9039120258332681,0.9725346508362845,0.9592879020817676,346,1.0206862214179306,1.0206862350048105,0.924691168581644,0.9621076090147319,0.9363734974759118,348,1.2127771900184563,1.212777207213122,0.964543052725225,0.9260160172208914,0.8738134783082554,288
02df6a916cf5,183,0.9206418626717204,0.9206418741268343,0.8969691524833128,0.9568802154182041,0.9459869360267025,489,0.9717685293107984,0.9717685423918516,0.9212061123408366,0.9416820698920875,0.9204833907540733,484,1.1907938922533645,1.1907939028998096,0.9805467826824812,0.9610117768604964,0.9139094421397986,400
02df6a916cf5,184,0.8429026857455997,0.8429026998155852,0.8348999257424181,0.8876310265740818,0.8794304969791685,691,0.8804586746209945,0.8804586937125477,0.8239292023665692,0.8757955104672835,0.8596570699691373,676,1.0217383430019105,1.0217383625870142,0.887608806270552,0.8990635390330378,0.8658679515503314,672
02df6a916cf5,185,0.8767300537650201,0.8767300648916666,0.8398515960231001,0.9069270601096969,0.8959023281375276,406,0.9315735467918811,0.9315735578419937,0.8528876698144601,0.8935241971524108,0.8719974466535083,400,1.2384256479434992,1.238425659015802,1.0197686539897803,0.9994522479349167,0.9504658198253907,416
02df6a916cf5,188,0.8481259959839191,0.8481260086257024,0.8131855080745323,0.8786728834951062,0.8682087609259601,410,0.9469672644889928,0.9469672793676435,0.867472573415979,0.9091422640213334,0.8873703707166712,412,1.1379144005111441,1.1379144233270286,0.9866158746810919,0.8861599543781389,0.8384971889263223,304
02df6a916cf5,189,0.9369669256743713,0.9369669400081888,0.8973822817183037,0.9689255759794261,0.9570963416609516,430,0.9966891821308292,0.9966891993688258,0.91176079899365,0.9546922038413131,0.9314942077253267,420,1.230303014972666,1.2303030301876314,1.0060994305352318,0.9819691239510653,0.9323726711825242,384
02df6a916cf5,190,0.8882744160407035,0.8882744321798856,0.8439695503901562,0.9063159687010869,0.8932839986565575,289,0.9563889080747481,0.9563889260125857,0.8617223102176965,0.8934168519467948,0.8683038709634342,292,1.341465907380309,1.341465923292471,1.0407149836751257,0.9848512868645469,0.9243646712682373,256
02df6a916cf5,191,0.8937700379954607,0.8937700559161008,0.851516445114454,0.9161171642218354,0.9036212444963442,325,0.9825211619200456,0.9825211810118849,0.889207276712993,0.9245736303531138,0.8996073763774481,328,1.3239153988972328,1.3239154234117063,1.0427961392404552,0.9955075762892903,0.9374113201140314,288
02df6a916cf5,192,0.8568877007899188,0.8568877157415105,0.8173684204632277,0.8801029778540103,0.8683876320373249,328,0.9868055432593259,0.9868055554629961,0.8901185863386171,0.923523775998701,0.8978199537778516,308,1.176813687908651,1.1768137096992943,0.8573716024224223,0.8848956233682581,0.8332545067680277,256
02df6a916cf5,193,0.7984909768565356,0.7984909917761962,0.7692783962249589,0.8339618723151005,0.8251293748884879,493,0.8384632424818957,0.8384632592936002,0.7780057371875331,0.822322942120455,0.8053466115760245,504,1.0390314070548223,1.0390314312252869,0.8769926661967354,0.872541917268262,0.8345440824818269,464
02df6a916cf5,194,0.7001780232689176,0.7001780380745025,0.6695482558392066,0.7221570771444813,0.7130322115967473,299,0.7916113560981528,0.791611375234277,0.7440537546042092,0.7507821660183344,0.7314021231666415,292,1.2503645434029418,1.2503645665555003,0.9109573275738237,0.9402015998287743,0.8853329134410295,272
02df6a916cf5,195,0.7736206508920245,0.7736206639919629,0.7261071881469544,0.7733539401040979,0.7597101686258357,163,0.8619370549918568,0.8619370690412078,0.7642491984469003,0.7842115320068076,0.7590804386536553,196,1.2217519021653158,1.2217519113855724,0.9582437056935948,0.9125353287780906,0.8584929259113129,256
02df6a916cf5,196,0.8992778946889067,0.8992779088711788,0.8667120119420341,0.9398361870861661,0.9299822597362394,567,0.9690349295560666,0.9690349458384372,0.8987917976178018,0.9497292693622742,0.9300210034283389,576,1.2505080359301415,1.2505080536597526,1.0390314070548223,1.0238883750143173,0.975719129244261,464
02df6a916cf5,198,0.9603676985086145,0.9603677132510624,0.9179481717700795,0.9897755432988695,0.977149514595845,402,1.00391492906771,1.0039149441017545,0.9165098219743013,0.9583895454050785,0.9346084977197135,404,1.3974662543915228,1.397466280267912,1.100729258087147,1.0508135527498064,0.9894897267870328,304
02df6a916cf5,200,0.9115218488538138,0.9115218644914754,0.8731309483394223,0.9428282407875217,0.931352643595092,421,0.9966891821308292,0.9966891993688258,0.91176079899365,0.9546922038413136,0.9314942077253267,420,1.2389643882700017,1.238964400902608,0.994198725821634,0.9595052218168321,0.9071942676109392,320
02df6a916cf5,202,0.9620642326388097,0.9620642493747952,0.9044859646433442,0.9644189453934754,0.9478307609562794,214,1.0197368339698556,1.0197368552162571,0.8993451502050241,0.9196946060810348,0.889035879048023,212,1.3871977968913514,1.3871978199333643,1.0634156201331357,0.9994846060591996,0.9357368424590116,240
02df6a916cf5,203,0.9459484368249004,0.9459484541369312,0.9171569985920628,0.9709283531946354,0.9578993250040941,356,1.0474045356262338,1.0474045532997833,0.94551065039566,0.9814866742732868,0.9543583610413633,332,1.1978046321169937,1.1978046561337146,0.964534743452693,0.9327999519769883,0.8826286199224442,320
02df6a916cf5,204,0.8412009167839725,0.8412009327678063,0.8058806629327603,0.8702899292777487,0.8597293633959247,391,0.9397355145804962,0.9397355308334644,0.8596601819082986,0.90013836362181,0.8782659672838794,396,1.217151102948507,1.2171511224952265,0.98798090775282,0.9600190458553697,0.9100069359896622,352
02df6a916cf5,205,0.9206168898214606,0.9206169071244101,0.8835648718626155,0.955365896559294,0.9442475710419841,467,1.0290473003474205,1.029047318797005,0.9444371183992943,0.9910285368618273,0.9677710349448373,468,0.9235352458594919,0.9235352651015158,0.8507324961065087,0.8329309639979185,0.8051645697038698,768
02df6a916cf5,208,0.8925205121879781,0.8925205261507398,0.8554813751697014,0.9241761361789379,0.9130904347778565,425,0.9147087114199294,0.91470872781956,0.8394996607993728,0.8809142549882908,0.8602409199509665,416,1.1277777637249438,1.1277777776719953,0.9222578113239625,0.9001383636218098,0.8546749485839804,352
02df6a916cf5,209,0.9458797778584516,0.9458797925609436,0.8974952577297071,0.9629199536589725,0.9487256547006117,292,1.0810848591107336,1.0810848755053586,0.9663982298932698,0.9968356572065991,0.9668694836881409,284,1.3239153988972328,1.3239154234117063,1.0427961392404552,0.9955075762892903,0.9374113201140314,288
02df6a916cf5,210,0.8896319815018542,0.8896319950293227,0.8550568485986952,0.9254510043501772,0.9150462345724467,485,0.9361550239297055,0.9361550398703974,0.8628202832929661,0.9079097800782538,0.8875857434280596,472,1.1689103329366752,1.1689103457549994,0.9769594030704232,0.9661684525238934,0.9219694907213377,464
02df6a916cf5,211,0.8908263403166227,0.8908263551136708,0.8557224861479993,0.9258147758750147,0.9152627110844823,472,0.9722919435884848,0.9722919595283418,0.8934931075141367,0.9383628974505034,0.9166489061260835,456,1.2724761530825304,1.2724761735177368,1.0328891308324937,1.003656275212432,0.9513708876255563,368
02df6a916cf5,212,0.7191835936179403,0.7191836049900541,0.6754877836257095,0.7197796876007673,0.7072148798030204,155,0.8628811687605836,0.8628811819610296,0.7281471965520473,0.7767429051832749,0.7506319919670611,176,1.3414659073803088,1.0780241841894418,0.7953589806573073,0.8231253486407926,0.9243646712682371,256
02df6a916cf5,214,0.876865675988069,0.8768656887602874,0.8517280300254717,0.9042603638991235,0.8928133379367561,373,0.9659006882058301,0.9659007042498983,0.8804914272545586,0.9198270720086845,0.896655891506278,376,1.2504148100484347,1.212777207213122,0.964543052725225,0.9260160172208914,0.8955381901074164,288
02df6a916cf5,216,0.8992409513544679,0.8992409657224057,0.8625722870985706,0.932315445909469,0.9213242181805226,444,0.9837426922361382,0.9837427076926005,0.9011608286942696,0.9444487597114822,0.9218313559872217,428,1.1907938922533645,1.1907939028998096,0.9805467826824812,0.9610117768604964,0.9139094421397986,400
02df6a916cf5,218,0.800542864748259,0.8005428801810117,0.7789588198763411,0.8293009595864764,0.8194126132848266,386,0.9017664028802741,0.9017664184765567,0.824926437184731,0.8637691368088071,0.8427804736562479,380,1.043908662112716,1.0439086843601855,0.8017746857959885,0.8371028683212001,0.7953503091492624,336
02df6a916cf5,220,0.9142627094268257,0.9142627247272997,0.8703696995942201,0.9359115247863782,0.922950514078669,322,1.0683062071425138,1.0683062192494246,0.9590692133445029,0.9920086285897552,0.9632317359324292,304,1.4796776500174416,1.4796776745955886,1.1343099948086781,1.0661169131298134,0.9981192986229458,256
02df6a916cf5,221,0.8618187492602488,0.8618187606117207,0.8290009091772449,0.8977509937580944,0.8878590232238301,490,0.9246039547582938,0.9246039691656671,0.8531629887909232,0.8984357890681363,0.8785919317656913,480,1.1642661024177179,1.164266118924597,0.9673740686372483,0.9532753836340194,0.9084281548136222,432
02df6a916cf5,222,0.8391519407181908,0.8391519534439089,0.8077942384897815,0.8752283840667426,0.8657626304441155,496,0.895035377484506,0.8950353889528021,0.8277173356624736,0.8729226500256683,0.8541429835015539,492,1.1328064426066646,1.1328064516242997,0.9520220582335988,0.9446847119396237,0.9026295695878578,480
02df6a916cf5,223,0.9498898157053112,0.9498898327356968,0.9095828925138422,0.9819691239510653,0.9699286751991335,432,0.9777046262807181,0.9777046431903719,0.8943939266318661,0.9365075904348118,0.9137514609115108,412,1.3628608270970017,1.3628608409928686,1.0936185984037974,1.0554557439985153,0.9979136943720331,352
02df6a916cf5,224,0.911392856102501,0.9113928706646004,0.8742286693566594,0.944914303286624,0.933774545453232,450,1.0154151660031507,1.0154151780477731,0.9296475600977614,0.9739413748961276,0.9504772168523239,436,1.155998164076126,1.1559981844425808,0.8957167302196745,0.9370168181804999,0.8916464064369952,400
02df6a916cf5,225,0.8722577402507811,0.8722577572987424,0.8369005001457005,0.9047237818169092,0.8941203393395547,436,0.9850709199906931,0.9850709376518338,0.9040765577839399,0.9486768899873903,0.9264132984087331,448,1.1211451356615063,1.1211451515570197,0.9315453994284615,0.9179688879438707,0.8747826675983029,416
02df6a916cf5,226,0.8706556817061476,0.8706556971899186,0.8312764146891937,0.8956460406420714,0.8839506378718041,347,0.914062534460016,0.9140625511884952,0.831954267718505,0.8682465352220826,0.8460370508474938,344,1.2127771900184563,1.212777207213122,0.964543052725225,0.9260160172208914,0.8738134783082554,288
02df6a916cf5,227,0.8439538275595623,0.8439538398523945,0.8069650923302166,0.8703202966214083,0.8593029177461003,359,0.937881026947606,0.9378810402448143,0.8530757009337585,0.8899095185806529,0.8669993993326714,348,1.1150679494430014,1.115067960812347,0.964543052725225,0.8635546996351489,0.8164748408498453,288
02df6a916cf5,228,0.9065051433526143,0.9065051565265231,0.8700655569617861,0.9408024327387887,0.9298667721994578,461,1.002661472133384,1.0026614901099022,0.9202207820300816,0.965617548737165,0.9429563930231747,456,1.1642661024177179,1.164266118924597,0.9673740686372483,0.9532753836340194,0.9084281548136222,432
02df6a916cf5,229,0.8614242216987882,0.8614242365973424,0.8234976865759193,0.8880245402637031,0.87673250502825,363,0.970221752014765,0.9702217657704977,0.882492104414233,0.9205960537041238,0.8968959303441429,360,1.1770161688565013,1.1770161808574775,0.9444887895305524,0.9115299607259905,0.8618345542303919,304
02df6a916cf5,230,0.8550213292846013,0.8550213458061728,0.8217521105472166,0.8893753744667394,0.8793645451008857,465,0.9091684251898237,0.9091684438744713,0.8383537368494071,0.8824468870039046,0.8628027829624313,464,1.1766561392189772,1.176656161493594,0.9857245032537325,0.9762216673980129,0.9320677101954721,480
02df6a916cf5,231,0.845028555764675,0.84502857161386,0.8015727226936925,0.8598379975153759,0.847096816334822,258,1.0313572297530655,1.0313572474931414,0.9198566141545935,0.9474447314257801,0.9184370405653172,260,1.1286030800767899,1.128603092453103,0.9432711477921326,0.9328522989885867,0.8901774393171537,448
02df6a916cf5,232,0.8072849181019888,0.8072849300474351,0.7788537630462901,0.8451631611243701,0.8365426545357832,539,0.8483174353883534,0.8483174490118246,0.7894015492141417,0.8359539033359222,0.8193180026614214,552,1.1321312174210385,1.1321312304252382,0.9730841361922956,0.9790869610375835,0.9405051136637756,640
02df6a916cf5,233,0.8703144353778116,0.8703144499146024,0.839080167781806,0.9100832703401256,0.9006259300104064,559,0.932370123206887,0.9323701358107002,0.8644242251855061,0.9131612841829961,0.894113040242082,548,1.1689103329366752,1.1689103457549994,0.9769594030704232,0.9661684525238934,0.9219694907213377,464
02df6a916cf5,235,0.8955742490444981,0.8955742653163119,0.8617538881063928,0.9334299064256463,0.9232291021622091,518,0.9973388488979306,0.9973388679107669,0.9207112706294035,0.9698702473611498,0.9485662411258534,524,1.1768136879086513,1.176813706398625,0.9911715106160012,0.9848512868645466,0.9414905408102858,512
02df6a916cf5,237,0.5934180151956284,0.5934180246771731,0.5861732061777037,0.6152442019177351,0.6079909818173266,293,0.7912165211898821,0.7912165343323634,0.74488928621308,0.7534753674964754,0.7344947196381213,308,1.0172783843869908,1.017278402309471,0.7882307225933134,0.8245747999988398,0.7846488376645556,352
02df6a916cf5,238,0.8281417617458936,0.828141772716084,0.7989006645867635,0.8668606830474326,0.8579962620714078,550,0.8908828184805873,0.8908828322649894,0.8271215157634514,0.8745706829308421,0.8566465538308586,544,1.1401809566205188,1.1401809710906403,0.9651887914802673,0.9620208042169461,0.9207614837183408,528
02df6a916cf5,239,0.7889130861465206,0.7889131031377109,0.7575694432222428,0.8194329703193552,0.810017521120714,411,0.8758946372355518,0.8758946547977788,0.8053268523755011,0.8460587784116114,0.8265933365087856,416,1.0197686539897803,1.0197686732944482,0.8542945694865683,0.8460587784116114,0.8077920155027426,416
02df6a916cf5,243,0.8432702331069337,0.843270249070409,0.8055559866371493,0.868246535222083,0.8570338889955144,344,0.9034339003383879,0.90343391687235,0.849675568858131,0.8581506452776398,0.8361994107213602,340,1.250364543402942,1.2503645665555003,0.9848630203937634,0.9402015998287743,0.8853329134410297,272
02df6a916cf5,244,0.7844452989248899,0.7844453148315761,0.7558232433990985,0.8194323151042201,0.8107766183220884,487,0.8437070145438516,0.8437070298732823,0.7817550407638815,0.8255038411557182,0.808156166989996,488,1.10326283241436,1.1032628497487107,0.929223291202501,0.9232980814355124,0.8826473820096425,480
02df6a916cf5,245,0.9189806654276886,0.9189806794014241,0.8832649095833945,0.9559813467617295,0.9452333268470017,501,0.9785391854525273,0.9785392007003311,0.9029308298037271,0.950844543430444,0.9298431277853567,508,1.2073870691739297,1.207387086292175,1.0032027378460353,0.9885818793241684,0.9420736420289415,448
02df6a916cf5,246,0.928520546450123,0.928520563262114,0.8873192823652507,0.9566117768409865,0.9443535150103919,385,0.9990916074330408,0.9990916257176576,0.9093453623899939,0.9490136547776248,0.924738171856563,376,1.414906721688199,1.4149067417486425,1.1253002281794293,1.0803520200910404,1.019449058026298,336
02df6a916cf5,248,0.8506333323623343,0.8506333459536272,0.8159467580662155,0.8819200164008492,0.8715229090896832,420,0.9976045082821625,0.9976045192219393,0.9101918367418471,0.9514016590918916,0.9276466499986954,396,1.1618260528144844,1.1618260714727164,0.9430726846731465,0.9163818164983076,0.868642984353769,336
02df6a916cf5,251,0.960441376633734,0.9604413918416178,0.924312652260359,1.001296717736729,0.9903963602507792,560,0.9637914941588404,0.9637915097848735,0.8916990039093177,0.9406759018710159,0.920546880764176,536,1.111712424183585,1.111712446474104,0.9429825017694149,0.9410520578024062,0.9011201495053884,528
02df6a916cf5,255,0.8401167752690832,0.840116788080788,0.806104191170025,0.8714625703452449,0.8612613328725114,421,0.9296302772506297,0.929630286898584,0.8522631959643282,0.8936655134561,0.8724439256134034,412,1.2073870691739297,1.207387086292175,1.0032027378460353,0.9885818793241684,0.9420736420289415,448
02df6a916cf5,256,0.8534379280136507,0.8534379424458145,0.8318339140711501,0.8879711975871462,0.8780157919339044,468,0.9561611214257789,0.9561611391306766,0.9059927089224385,0.9254766813879762,0.9044756679164541,468,1.248478017202216,1.2484780391979873,0.9673740686372483,1.0119781636349399,0.9629781189519547,432
02df6a916cf5,259,0.9133812654428651,0.913381280614561,0.895013184339504,0.9635490696476472,0.9549273580841932,800,0.9349893756179682,0.9349893914504092,0.9175999435900027,0.9346670319049526,0.9181773203637401,788,1.0190536939671753,1.01905370713013,0.8839798185023413,0.8945632018197763,0.8612260834443323,656
02df6a916cf5,260,0.8754344518043099,0.8754344635293201,0.8366409812475564,0.9020142064600382,0.8904708888594711,364,0.9273470064055441,0.9273470180390173,0.844812735329941,0.8821897184059715,0.8598258176034622,356,1.2389643882700017,1.238964400902608,0.994198725821634,0.9595052218168321,0.9071942676109392,320
02df6a916cf5,264,0.8303408869825925,0.8303409024315915,0.8207449746173763,0.8641055163591349,0.8544447560109215,458,0.8778177898384504,0.8778178078787998,0.8094449873028757,0.85201768400377,0.8330509628602785,448,0.9857245032537325,0.9857245300925801,0.7933382237363342,0.8370558942894006,0.8019096811980191,480
02df6a916cf5,265,0.7917374452203741,0.7917374606686064,0.7576298067828187,0.8175471738624861,0.8073721923370789,349,0.8918287418277232,0.8918287602172517,0.8134762950967783,0.8501648533607266,0.8288825441134715,352,1.176813687908651,1.1768137096992943,0.9269299015470713,0.8848956233682581,0.8332545067680277,256
02df6a916cf5,266,0.8902957139383751,0.890295724705801,0.8484710599238845,0.913034090053259,0.9006573912649357,328,0.938562042683155,0.9385620551768373,0.8502907297302474,0.8846966519675696,0.8610331011272759,320,1.2127771900184563,1.212777207213122,0.8947788532394707,0.9260160172208919,0.8738134783082554,288
02df6a916cf5,267,0.8875209379055721,0.8875209539752154,0.8481389504166551,0.9143717763051507,0.9026547883735693,368,1.0043913491373557,1.0043913650750078,0.9120975768692625,0.9504774392893031,0.9256218485157551,360,1.2801537005750372,1.280153718724962,1.0181287778766264,0.9774613515109412,0.9223586715476029,304
02df6a916cf5,268,0.833160218139861,0.8331602289522771,0.7955284666750463,0.8571677782566596,0.8459899416585925,333,0.8648292306928108,0.8648292415420049,0.7878590677796079,0.8227162542437712,0.801860032147049,332,1.1770161688565015,1.1770161808574775,0.9444887895305524,0.9115299607259905,0.8618345542303922,304
02df6a916cf5,269,0.942138503722043,0.9421385203207032,0.8965200996508313,0.9637489632924442,0.9502899510765572,326,0.9365934810850846,0.9365934951903028,0.8771604828971784,0.8802868311852924,0.8563549024765356,308,1.250364543402942,1.2503645665555003,0.9848630203937634,0.9402015998287743,0.8853329134410297,272
02df6a916cf5,270,0.9643334387029223,0.9643334538544288,0.92813541792285,0.9712879113961351,0.9553135890942964,236,1.1240316092611384,1.124031623966939,0.9929279952982464,1.0164395249864893,0.9829504055531386,240,1.446802115179039,1.4468021213147737,1.10326283241436,1.0338295581165096,0.9668231181562356,240
02df6a916cf5,272,0.8629816824352784,0.8629816943385328,0.8254497479996239,0.8904697614135101,0.879282782488226,373,0.9371436289923344,0.9371436392690943,0.855028695121129,0.8937409524802615,0.8714256409078652,372,1.1872122054039382,1.187212209688107,0.9405258522783918,0.9008953992675364,0.8493831683415713,272
02df6a916cf5,274,0.9282313966930534,0.9282314135582195,0.8819335786083985,0.947084507085565,0.9334663238556414,302,0.9958509024124148,0.9958509184051855,0.8947788532394707,0.9260160172208917,0.8993468841263698,288,1.3239153988972323,1.3239154234117063,0.964543052725225,0.9955075762892903,0.9374113201140312,288
02df6a916cf5,275,0.8665494318340003,0.8665494484014994,0.8341311922646496,0.9037366787288359,0.8939516440761995,511,0.9440459333079647,0.9440459513048479,0.8715129584583665,0.9180451196395615,0.8978794954168382,496,1.2022380906391712,1.202238111820284,0.9926734205093192,0.9744974909077195,0.9273122626944751,416
02df6a916cf5,277,0.8499209968229147,0.8499210125606015,0.8151165191357038,0.880914254988291,0.8704855371967374,416,0.9939751772947624,0.9939751921799551,0.9074354673012884,0.9489005400050282,0.9253549482373402,400,1.2724761530825304,1.2724761735177368,1.0328891308324937,1.0036562752124325,0.9513708876255563,368
02df6a916cf5,278,0.8763420807343577,0.8763420951012029,0.8397056002264853,0.9069356080406992,0.8959773764364798,411,0.9864517666782945,0.9864517830637258,0.899225287408911,0.9393978607748267,0.9157336764319434,384,1.0664874046672153,1.0664874214237539,0.8982491814957511,0.8925214787209954,0.8532258026093216,464
02df6a916cf5,280,0.9221992633501261,0.9221992794413209,0.8943623462079157,0.9471839975075176,0.934575713747487,353,1.0620395777480611,1.06203958902934,0.9597517336201398,0.9969642306687128,0.9696747830532666,344,1.3239153988972328,1.3239154234117063,1.0427961392404552,0.9955075762892903,0.9374113201140314,288
02df6a916cf5,281,0.9527117563335981,0.9527117717039143,0.917439996098133,0.994271817092083,0.9836169451311787,574,0.9820196398789093,0.9820196577213615,0.9099116048235342,0.9608323397058359,0.9406407845293397,568,1.1768136879086513,1.176813706398625,0.9911715106160012,0.9848512868645466,0.9414905408102858,512
02df6a916cf5,282,0.9078933725076509,0.9078933867723766,0.8685335120453656,0.9370392832549653,0.925304107953244,395,0.9556251489695977,0.9556251648429843,0.8711244971773824,0.9100416776256133,0.8871169990434451,372,1.1529071768572308,1.0936186217106705,0.8969415123995945,0.8769649096698285,0.8703468761831823,352
02df6a916cf5,283,0.8904204639240064,0.8904204778539146,0.8534684778163609,0.922001604093811,0.9109419866960263,424,1.0436739361595004,1.0436739517889528,0.9528072406663528,0.9963455670052797,0.9716226956492072,420,1.230303014972666,1.2303030301876314,1.0060994305352318,0.9819691239510653,0.9323726711825242,384
02df6a916cf5,284,0.8898375273680407,0.8898375446971215,0.8489367195940785,0.914195253008815,0.9020664556576907,343,0.9945031273093146,0.9945031466339812,0.90005126789242,0.935848918528152,0.9105781980405879,332,1.2503645434029418,1.2503645665555003,0.9109573275738237,0.9402015998287743,0.8853329134410295,272
02df6a916cf5,285,0.9180987268621832,0.9180987404931369,0.8832349618349565,0.9565547769202589,0.9460438240800472,525,1.0060014959147974,1.0060015080459357,0.9278291249738088,0.9767565891540038,0.9550630680121245,516,1.2815656405965272,1.2815656564454494,1.0480202401408665,1.022884504115693,0.9712215324817961,400
02df6a916cf5,287,0.8668162075859001,0.866816221092813,0.8323186781348108,0.9002428301098557,0.8898814244115159,450,0.98125619872571,0.981256211868029,0.8971181592772383,0.9389998854833318,0.9160437487991819,408,1.347530211131618,1.3475302302368022,1.0717145030280277,1.0289066858009908,0.9709038647869503,320
02df6a916cf5,288,0.8900522085414202,0.8900522197531547,0.8376625209071994,0.8937973828198458,0.8786728834951063,205,1.037842576418766,1.037842593335332,0.9202184226197372,0.9442547018041155,0.913994813889095,236,1.298111396050648,1.2981114058471708,1.0181339372994447,0.9695687868267211,0.91214873378077,272
02df6a916cf5,290,0.8951136401340077,0.895113655904181,0.856430601050482,0.9240719858857495,0.9125353287780911,392,0.970221752014765,0.9702217657704977,0.882492104414233,0.9205960537041238,0.8968959303441429,360,1.341465907380309,1.341465923292471,1.0407149836751257,0.9848512868645469,0.9243646712682373,256
84ecc7d5fada,3,0.8221896654927793,0.8221896788230101,0.8061334928283577,0.8845654938613693,0.8795375994508089,1829,0.8502643788677087,0.8502643923895274,0.8169906703020754,0.8840818604584926,0.8740742927554841,1828,0.9044209553219188,0.9044209707222483,0.8335721380965944,0.8771331773637367,0.8574980911084644,1824
84ecc7d5fada,4,0.7987584524740708,0.7987584644358119,0.789220298978907,0.8610616383963919,0.856453048846796,2009,0.8555199804432415,0.855519992572741,0.8232491831732831,0.8917499889909588,0.8820156913273848,1984,0.9357848688414016,0.9357848821088904,0.8644539083441102,0.9110045494478656,0.8911477820098543,2000
84ecc7d5fada,6,0.7857357414023094,0.7857357550708998,0.7695737109762304,0.8438255637137682,0.8387752992816666,1573,0.8159917957019928,0.8159918099546818,0.7822311386193932,0.8451195458229113,0.8350124550054542,1564,0.9017664028802741,0.9017664184765567,0.824926437184731,0.8637691368088075,0.8427804736562479,1520
84ecc7d5fada,7,0.8198622035277446,0.8198622182702268,0.8060231014305363,0.886106995759092,0.8817498048904194,2451,0.8525059674173358,0.8525059818022331,0.8234311196504517,0.8942430368928517,0.8854070974508744,2432,0.8832725645610987,0.8832725803479813,0.8435681504073991,0.872246603580601,0.8551783761148226,2384
84ecc7d5fada,10,0.8800485594467606,0.8800485729267403,0.8706556817061476,0.9518813364224057,0.9473224861087132,2776,0.9070881957711168,0.907088209683304,0.8771296563192225,0.9532895885948898,0.9441648381900697,2764,0.9812241139484172,0.9812241272603005,0.9147105062826563,0.9698057007824036,0.9509588117530959,2688
84ecc7d5fada,11,0.8401280879543472,0.840128101909273,0.8299294163558186,0.9051831404236838,0.900258867517538,2044,0.861222854451858,0.8612228695071018,0.8289153930357707,0.8980200083071154,0.8882704797120289,2020,0.9282985898906704,0.9282986030520193,0.8575382770773573,0.9037165130522827,0.8840185997537755,1984
84ecc7d5fada,12,0.8846840477947148,0.8846840644036787,0.873815115304793,0.9528203958468043,0.947575218230192,2101,0.9224824816301861,0.9224824996865748,0.887174590583109,0.960615760268009,0.9499775262216539,2076,1.0032203312439434,1.0032203518614855,0.9250799854890008,0.9737344960043085,0.9520582432688897,2048
84ecc7d5fada,13,0.8474618926128797,0.8474619040334634,0.8303519382841019,0.9107131465035659,0.905362517198111,1762,0.8919696858551828,0.8919696968860328,0.8553790398229655,0.9243794462752242,0.9134171598437368,1740,0.9532940997757563,0.9532941132914898,0.8744379486543448,0.9172487661851352,0.8955956969235667,1712
84ecc7d5fada,14,0.8327184894061351,0.832718501681311,0.8147471385485336,0.892716274148598,0.8871122766700168,1512,0.8652953062487778,0.8652953181839445,0.8276627500049848,0.8928570798087203,0.8816401089828325,1496,0.9045174113382337,0.9045174248837591,0.8257662752441725,0.8634994914045753,0.8420730028959795,1456
84ecc7d5fada,15,0.7686066882255598,0.768606700568924,0.7534707687950328,0.8266827720954935,0.8219446424337017,1681,0.8071022021744273,0.8071022147508636,0.7749811691966348,0.838226101813399,0.8285784818409451,1676,0.8870031766070385,0.8870031911486628,0.8151165191357038,0.8560503625864243,0.8362411073430939,1664
84ecc7d5fada,16,0.8962326469633747,0.8962326598207286,0.8788853712062775,0.9645138736723297,0.9590797555570137,2030,0.9153120799369593,0.9153120938549114,0.8797389019603071,0.9521650539602855,0.9414599403126823,1996,0.9748076510802299,0.974807662835209,0.8990592296257837,0.9464695631337242,0.9254487093140741,2000
e5a40788856d,2,0.9148222125976792,0.9148222278904886,0.8772473575386511,0.9479773311683223,0.9367213728890912,445,0.9709559500123786,0.9709559689574887,0.8899452131597371,0.9330372679192536,0.9108261153340084,428,1.0936185984037976,1.0936186217106705,0.8969415123995945,0.8769649096698285,0.8332241333944652,352
013f432ee4e9,4,0.9170474961294752,0.9170475093902397,0.887520937905572,0.9651520793335608,0.9561435132422709,736,0.9987459731260674,0.998745986675663,0.9310446224662751,0.9871236597249465,0.9679402191058297,684,1.10961502959539,1.1096150412360617,0.9659006882058299,0.9796117593931283,0.9439081733510633,752
013f432ee4e9,5,0.9729584873181903,0.9729585041457585,0.9301213539838206,1.0030029242647889,0.9902488348803923,410,1.0450234290408464,1.0450234499942102,0.9496374004884994,0.9900331610887996,0.9643113163086849,380,1.293629002686353,1.2936290210273302,1.0748600762636091,1.059194870704466,1.0093646164595802,480
013f432ee4e9,7,0.9706333937511394,0.9706334083258177,0.9248117258525345,0.9950210011446378,0.9814679691819241,354,1.0647152285484391,1.0647152436438931,0.9585572311415079,0.9932974005619688,0.965179303221143,320,1.314460457011912,1.314460465593859,1.063518310950036,1.0314303198957646,0.9769891473255188,368
013f432ee4e9,8,0.9500919867830065,0.9500920069465373,0.9057003207090525,0.9747950579199696,0.9616517858416782,354,1.0474045356262338,1.0474045532997833,0.94551065039566,0.9814866742732864,0.9543583610413633,332,1.27247615308253,1.2724761735177368,1.0328891308324937,1.0036562752124316,0.951370887625556,368
013f432ee4e9,9,0.9590740734797739,0.9590740898107273,0.9079753267442102,0.9726882400871082,0.9577638317253798,272,1.10820478498953,1.1082048030529816,0.982606112288872,1.0082719697230387,0.9759605639832709,252,1.3974662543915228,1.397466280267912,1.100729258087147,1.0508135527498064,0.9894897267870328,304
013f432ee4e9,10,0.9527595474672367,0.9527595635437788,0.9212264796217602,0.971030684724685,0.956894685038137,302,1.0506317644878962,1.0506317804207006,0.9764631750256455,0.9687557795388074,0.9396337235842496,276,1.414906721688199,1.4149067417486425,1.1253002281794293,1.0803520200910404,1.019449058026298,336
013f432ee4e9,11,0.9662646176071081,0.9662646334107241,0.9189048239571451,0.9873948278532994,0.9734392449257839,326,1.0683062071425138,1.0683062192494246,0.9590692133445029,0.9920086285897552,0.9632317359324292,304,1.3628608270970017,1.3628608409928686,1.0936185984037974,1.0554557439985153,0.9979136943720331,352
013f432ee4e9,12,0.969652096349036,0.9696521128601103,0.9179897604950655,0.9834164192057163,0.9683274033988215,275,1.0948253669686387,1.0948253858004116,0.9764631750256455,1.0057490225904437,0.9749562430616445,276,1.2389643882700017,1.238964400902608,0.994198725821634,0.9595052218168321,0.9071942676109392,320
013f432ee4e9,13,0.9193448452173599,0.91934485749472,0.8766567922132392,0.9437310430001153,0.931084552790676,347,1.0926697401469552,1.0926697576945785,0.9817712417488637,1.0160453522284782,0.9867833867497668,316,1.3268842295691072,1.3268842343572957,1.051175952546438,1.0068830932990107,0.9493105999111678,304
013f432ee4e9,14,0.9537871593033128,0.9537871720406316,0.9094998420656084,0.9790869610375836,0.9659666830104996,360,1.0460654464067178,1.0460654621605978,0.9460212094475031,0.983177499765391,0.9564483326361305,344,1.414906721688199,1.4149067417486425,1.1253002281794293,1.0803520200910404,1.019449058026298,336
013f432ee4e9,16,0.932347907026296,0.9323479234524651,0.8810229810708553,0.9426243219566752,0.9276889850464511,247,0.9850709199906935,0.9850709360470947,0.910625610715735,0.896241750864923,0.8675205013184633,224,1.446802115179039,1.4468021213147737,1.10326283241436,1.0338295581165096,0.9668231181562356,240
013f432ee4e9,17,0.9748338995208075,0.9748339163406136,0.9266365625608745,0.995398978985111,0.9812092237589859,323,1.0480790531023696,1.048079074117,0.9377501901495243,0.9678545880590322,0.9389766377154984,280,1.347530211131618,1.3475302302368022,1.0717145030280277,1.0289066858009908,0.9709038647869503,320
013f432ee4e9,18,0.9453496097333655,0.9453496254360705,0.9021030400678826,0.9715991601623987,0.9587689560017855,368,1.0852625308898325,1.085262549202185,0.9796857341449006,1.0169620962349715,0.9888532415609306,344,1.2022380906391716,1.202238111820284,0.9926734205093192,0.9744974909077204,0.9273122626944753,416
013f432ee4e9,21,0.9847642318957809,0.9847642473682938,0.9284564712364529,0.9918660451121549,0.9755532837784977,241,1.1374342679116785,1.1374342853122665,1.00197720430288,1.023888375014317,0.9894694439565807,232,1.446802115179039,1.4468021213147737,1.10326283241436,1.0338295581165096,0.9668231181562356,240
013f432ee4e9,22,0.9247985312609008,0.9247985475540647,0.8800197297186075,0.9460112523116017,0.9327999519769887,320,1.064486127876928,1.064486147054133,0.954475747722085,0.9864808033509742,0.9575677459816452,296,1.2171511029485071,1.2171511224952265,0.98798090775282,0.9600190458553697,0.9100069359896625,352
013f432ee4e9,25,0.9520218354351375,0.9520218501655278,0.9057608880574713,0.9735632050959061,0.9599195004606811,327,1.0511759525464381,1.0511759694276956,0.9444887895305524,0.9774613515109409,0.9493105999111683,304,1.2815656405965272,1.2815656564454494,1.0480202401408665,1.022884504115693,0.9712215324817961,400
013f432ee4e9,26,0.93494712141814,0.9349471370895701,0.8809420915877898,0.9407146841609056,0.9250880728400461,224,1.011324263046497,1.0113242817728312,0.9332827030429496,0.9161942222209334,0.8862545249765493,220,1.3871977968913514,1.3871978199333643,1.0634156201331357,0.9994846060591996,0.9357368424590116,240
b96ce0f3d2fe,2,0.9157903702215132,0.9157903889531456,0.8576521237700505,0.9121105696622599,0.8954878158363658,180,1.070392549811525,1.0703925703292527,0.9762150350271482,0.9418760885108014,0.9070997587670137,176,1.341465907380309,1.341465923292471,1.0407149836751257,0.9848512868645469,0.9243646712682373,256
b96ce0f3d2fe,3,0.9645007682854567,0.9645007833537866,0.9124193078020474,0.9769478040425073,0.9617591241773018,266,1.0948682965444396,1.0948683120674019,0.9732162635950573,1.0002395882218054,0.9687937657564503,260,1.2001595477065283,1.200159555542219,0.9710384578239459,0.9417407268613505,0.8920335692972129,336
b96ce0f3d2fe,4,0.9918019744694484,0.991801989004157,0.9387525880074394,1.0055094358793641,0.9900220299071606,279,1.0816630244914993,1.0816630376285263,0.9637914941588401,0.9920810163846874,0.9614724373289214,268,1.230303014972666,1.2303030301876314,1.0060994305352318,0.9819691239510653,0.9323726711825242,384
b96ce0f3d2fe,5,0.887572120319232,0.887572134115406,0.8578156947171603,0.9035618743238305,0.8902425663971494,274,1.0376326751761262,1.0376326857559341,0.926694589744886,0.9553104223145633,0.9263751057136455,268,1.230303014972666,1.2303030301876314,1.0060994305352318,0.9819691239510653,0.9323726711825242,384
b96ce0f3d2fe,6,0.9760376374169781,0.9760376547748656,0.9318920037870211,1.0040527660223793,0.9909417813606104,389,1.041606143919553,1.0416061629822386,0.9480409097257382,0.9893972145553964,0.9640887323610975,392,1.111712424183585,1.111712446474104,0.9429825017694149,0.9410520578024062,0.9011201495053884,528
b96ce0f3d2fe,7,0.954022701797299,0.9540227175156474,0.9047764079316033,0.9704089683820831,0.9559758663670509,289,1.0383091544711966,1.038309168187886,0.9301864722370838,0.9608323397058359,0.9324631621670137,284,1.230303014972666,1.2303030301876314,1.0060994305352318,0.9819691239510653,0.9323726711825242,384
c8959fbcda93,1,0.8742286693566595,0.874228683494998,0.8254317354140915,0.8826623922537218,0.8684853898961337,225,1.0026614721333842,1.002661488476507,0.8890245777851697,0.9122460678446537,0.8830119388420069,228,1.1768136879086513,1.1768137096992943,0.9269299015470713,0.8848956233682581,0.8332545067680279,256
c8214e01c0d0,6,0.9156647186064722,0.9156647347387158,0.8760935485235798,0.9452879243372078,0.933486395000037,401,0.9778343391897846,0.977834357085367,0.8899975887221215,0.9288218748887396,0.9050628916042956,368,1.2389643882700017,1.238964400902608,0.994198725821634,0.9595052218168321,0.9071942676109392,320
c8214e01c0d0,8,0.9737016134692698,0.9737016289199381,0.9273483271120512,0.9974678704015163,0.9837688932720641,349,1.0780241689052947,1.0780241841894418,0.9705391965307768,1.0057136180689934,0.9772440445114071,324,1.3175850953286932,1.3175851217470858,1.0609882177979622,1.026079947174687,0.970891481914689,352
c8214e01c0d0,9,0.925855753745154,0.9258557702106052,0.8984544860230848,0.95243051584128,0.9399936177945121,369,1.018467058087852,1.0184670778781735,0.9217392502512733,0.9583994948782278,0.932519841366867,340,1.3009126076835018,1.3009126209477384,1.0439086621127158,1.0074804829076738,0.9525539809914862,336
c8214e01c0d0,10,0.9382145118950954,0.9382145299339164,0.8970398007161045,0.9674266338535978,0.9551639116832608,398,1.0230229357978813,1.0230229563101214,0.9296450341624256,0.9691903576974563,0.9440100254390282,372,1.1097582375130814,1.1097582570648776,0.9784816498904669,0.8995361454532799,0.8559805501795157,384
c8214e01c0d0,11,0.9579034123458172,0.9579034290772351,0.9182713366401571,0.9920968581399392,0.9802320123977067,459,1.0436739361595004,1.0436739517889528,0.9528072406663528,0.9963455670052797,0.9716226956492072,420,1.2505080359301415,1.2505080536597526,1.0390314070548223,1.0238883750143173,0.975719129244261,464
c8214e01c0d0,13,0.8766567922132392,0.8766568060522797,0.8368743626446563,0.9015809758018153,0.8897695159920426,347,0.9590692133445031,0.9590692295275124,0.8657687883140981,0.8987106896960212,0.8738703064957061,304,1.1150679494430014,1.115067960812347,0.8323186781348108,0.8635546996351489,0.816474840849845,288
c8214e01c0d0,14,0.9745404902542887,0.9745405084023562,0.9301073540943587,1.0018698214821204,0.988683417788103,382,0.9864517666782945,0.9864517830637258,0.9286931360578661,0.9393978607748267,0.9157336764319434,384,1.2815656405965272,1.2815656564454494,1.0480202401408665,1.022884504115693,0.9712215324817961,400
c8214e01c0d0,15,0.974448513398292,0.974448530401169,0.929507380587756,1.0008488132303228,0.9875261791156166,373,1.0339018947043142,1.0339019102750096,0.9350209628260205,0.9717452032564912,0.9453268403961755,340,1.2171511029485071,1.2171511224952265,0.98798090775282,0.9600190458553697,0.9100069359896625,352
c8214e01c0d0,16,0.9637914941588404,0.9637915115219852,0.9119532591950574,0.9765968770081118,0.9614724373289214,268,1.0611800412661492,1.061180056311482,0.9432711477921325,0.9694629855072884,0.938984726810098,252,1.4796776500174416,1.4796776745955886,1.1343099948086781,1.0661169131298134,0.9981192986229458,256
c8214e01c0d0,17,0.9768184486443269,0.9768184658539808,0.9295208395152793,0.9992243852541289,0.9852699492756943,338,0.9956925618312449,0.9956925805062536,0.8971355558430814,0.9301326129857042,0.9039875916879593,304,1.347530211131618,1.3475302302368022,1.0717145030280277,1.0289066858009908,0.9709038647869503,320
c8214e01c0d0,19,0.9674728255800482,0.9674728403805485,0.9265993792626206,1.000471990081082,0.9882576179010754,444,1.0672439272162415,1.0672439423475475,0.9707413148556564,1.0126556590745361,0.9865855233785573,396,1.2022380906391716,1.202238111820284,0.9926734205093192,0.9744974909077199,0.9273122626944753,416
c8214e01c0d0,20,0.9095957599646146,0.9095957697908802,0.8663566697005086,0.9319100147668821,0.9191295688539454,327,0.9868055432593259,0.9868055554629961,0.8901185863386171,0.923523775998701,0.8978199537778516,308,1.2001595477065283,1.200159555542219,0.9710384578239459,0.94174072686135,0.8920335692972129,336
c8214e01c0d0,22,0.9761568459289066,0.9761568588245266,0.9232367741115096,0.9883792215474311,0.9729528588103208,267,1.1240316092611384,1.124031623966939,0.9929279952982464,1.0164395249864895,0.9829504055531386,240,1.3871977968913514,1.3871978199333643,1.0634156201331357,0.9994846060592,0.9357368424590116,240
c8214e01c0d0,23,0.94980267525472,0.949802690852977,0.9151855310506234,0.992234775629431,0.9817652113811424,591,1.032474416146761,1.032474432234995,0.9526986708165309,1.003253297792752,0.981094323805022,536,1.2135891156557967,1.213589134723582,1.0221456203227512,1.0156278895790638,0.9709121202106074,528
c8214e01c0d0,24,0.9993087180457912,0.9993087340940924,0.946562994635624,1.0143855807489686,0.9989641998180732,289,1.1115379537335712,1.1115379705900166,0.9936207152423759,1.0249155348743901,0.9941052437920321,292,1.3744708899359803,1.374470900308769,1.0780241689052943,1.0266022448753522,0.9658045416502269,288
c8214e01c0d0,25,0.9651495892666695,0.9651496037590049,0.9195868008477177,0.9893994135675492,0.9759229524068849,352,1.089330794507048,1.089330807978632,0.9825984394647072,1.0194742981803842,0.9910999489755505,340,1.2724761530825304,1.2724761735177368,1.0328891308324937,1.003656275212432,0.9513708876255563,368
c8214e01c0d0,27,0.9576099311287033,0.9576099473694347,0.9146412829530072,0.985718010100702,0.9729470914207762,388,1.0172783843869908,1.017278402309471,0.9542712237895535,0.9600190458553697,0.9345113583113657,352,1.25731000235922,1.257310010568039,1.0172783843869908,0.986585523378557,0.9345113583113657,352
c8214e01c0d0,28,0.980046971017132,0.980046987775387,0.9339402619606257,1.0049589501632736,0.9913170080542071,360,1.0582289981091215,1.058229014046186,0.9570214560689857,0.9946097962742909,0.9675698248760854,348,1.3628608270970017,1.3628608409928686,1.0936185984037974,1.0554557439985153,0.9979136943720331,352
c8214e01c0d0,30,0.9573770024779226,0.9573770206692424,0.9171787596037808,0.9904834233467978,0.9784643649902467,445,1.0295741218166052,1.0295741413068948,0.9405025667306581,0.9838676590895249,0.9596049142467886,420,1.3278012032165531,1.3278012245402473,1.0777973539121675,1.0472935045694944,0.9927348392614498,384
c8214e01c0d0,31,0.967288745499749,0.967288761919011,0.9330978539968244,1.0124463671377884,1.0020822283631243,641,1.042908706365909,1.0429087232746765,0.9648981758720228,1.0178955654574426,0.9961141620209367,580,1.2058946070958918,1.2058946276296645,1.0276448274785757,1.0284965889808946,0.9859438074038013,608
c8214e01c0d0,32,0.8886586177777451,0.8886586320490717,0.8417532512849667,0.9020660700778024,0.8883522468970408,257,1.0631407870038037,1.0631407965089499,0.9440459333079646,0.9696225495702468,0.9388978066286549,248,1.250364543402942,1.2503645665555003,1.0681415022205296,0.9402015998287743,0.8853329134410297,272
c8214e01c0d0,33,0.949110453675397,0.9491104683607402,0.9029909770848185,0.9705859475879679,0.9569839668201284,326,1.1115379537335712,1.1115379705900166,0.9936207152423759,1.0249155348743901,0.9941052437920321,292,1.2801537005750372,1.280153718724962,1.0181287778766264,0.9774613515109412,0.9223586715476029,304
c8214e01c0d0,34,0.9655720306052618,0.9655720438390604,0.9144093024147122,0.9797849706766636,0.9648327843062361,277,1.044335913627004,1.0443359284335216,0.92829858989067,0.9540746841500297,0.9240802073369218,248,1.3744708899359803,1.374470900308769,1.0780241689052943,1.026602244875352,0.9658045416502269,288
c8214e01c0d0,37,1.0002955736820882,1.0002955883703333,0.9436719706743887,1.0085322908887824,0.9921084537271847,250,1.1195725142601256,1.1195725250683115,0.9850709199906932,1.005851959465768,0.9717527913309053,224,1.3239153988972323,1.3239154234117063,1.0427961392404552,0.9955075762892902,0.9374113201140312,288
c8214e01c0d0,39,0.9335974051980427,0.9335974180578627,0.8910897998308902,0.9598849020773034,0.9472682908231707,367,1.0373409829167106,1.0373409939356344,0.937431925861532,0.9737790160019986,0.9471242067031903,336,1.230303014972666,1.2303030301876314,1.0060994305352318,0.9819691239510653,0.9323726711825242,384
c8214e01c0d0,40,0.9140591480176398,0.9140591648509625,0.8880243253320229,0.9430789682227392,0.9312156260333968,394,1.0010224425549161,1.001022462626033,0.9404721181386949,0.9483475543061133,0.9237087345693719,364,1.1770161688565013,1.1770161808574775,0.9444887895305524,0.9115299607259905,0.8618345542303919,304
c8214e01c0d0,41,0.9449813418777926,0.9449813587040486,0.8968231291682037,0.9623297414720439,0.9481962272040131,294,1.0354052171764774,1.0354052328783716,0.9255645018696106,0.9547158407049118,0.9260158435323039,272,1.4253075265915784,1.4253075434982507,1.1057596701548211,1.0464044922935811,0.9821374632225023,272
c8214e01c0d0,42,0.937503469248697,0.9375034853320877,0.898018291284964,0.9697022048954796,0.9578995122961398,433,1.030977509797925,1.0309775286660934,0.9383670228918021,0.9793013246109536,0.9542510922349638,388,1.1790403893488048,1.1790404039298135,0.9641786209295972,0.9410537437864376,0.8935238098832523,368
c8214e01c0d0,43,0.9536984853628042,0.9536985021651291,0.9075203462723139,0.9755741039463391,0.9619499504762695,330,1.0650072150799437,1.0650072321833233,0.9569162736033229,0.9903226850834537,0.9618015288573677,308,1.3175850953286932,1.3175851217470858,1.0609882177979622,1.026079947174687,0.970891481914689,352
c8214e01c0d0,45,0.9318207146452412,0.9318207323711287,0.8986291538279491,0.9433388437537891,0.9285916247897307,254,1.0906142328468393,1.090614250623569,0.9670091898715881,0.9922676527433076,0.9604691264597272,248,1.341465907380309,1.341465923292471,1.0407149836751257,0.9848512868645469,0.9243646712682373,256
c8214e01c0d0,46,0.9694381840225909,0.9694382020756424,0.9252376820833935,0.996624429746612,0.9835070648153904,380,0.9884629733114125,0.9884629914015123,0.8996714755560576,0.9389177648331823,0.9149005317304293,372,1.2171511029485071,1.2171511224952265,0.98798090775282,0.9600190458553697,0.9100069359896625,352
c8214e01c0d0,48,0.963492166499022,0.9634921836338004,0.9199139574658511,0.9911472034771044,0.9782047404690858,384,1.0288383660277527,1.028838384153897,0.9327380137253712,0.9709283531946354,0.9451308055649041,356,1.3628608270970017,1.3628608409928686,1.0936185984037974,1.0554557439985153,0.9979136943720331,352
c8214e01c0d0,49,0.9032739060928332,0.9032739221566879,0.8624193351242354,0.9292005032597853,0.9170669441897679,360,1.0339018947043142,1.0339019102750096,0.9350209628260205,0.9717452032564912,0.9453268403961755,340,1.1790403893488048,1.1790404039298135,0.9641786209295972,0.9410537437864376,0.8935238098832523,368
c8214e01c0d0,50,0.9655176767850084,0.965517691662457,0.9208375653779717,0.9914032318423003,0.9781622677966043,367,1.09133310926215,1.0913331247349904,0.9825211619200456,1.018129835576018,0.9893087858016714,328,1.2389643882700014,1.238964400902608,0.994198725821634,0.9595052218168321,0.9071942676109389,320
97a06a88c92c,9,0.9615028902807427,0.9615029058077592,0.9186990421700137,0.9903400526009041,0.9776088033095524,396,1.0349032021490827,1.0349032168218641,0.9413249113751818,0.9819691239510653,0.9566889923670858,384,1.3328282662203883,1.3328282827032676,1.0899410497465012,1.063799884280321,1.010070393781068,416
97a06a88c92c,10,0.9206168898214608,0.9206169071244101,0.8835648718626155,0.955365896559294,0.9442475710419844,467,0.9769594030704232,0.976959422659061,0.9249536934520637,0.9436809451514129,0.9219694907213377,464,1.250364543402942,1.2503645630485392,1.0531197300295012,1.046404492293581,1.0003336996109289,544
97a06a88c92c,16,0.9495699794894752,0.9495699933586267,0.903821095493577,0.9717646724455017,0.9582603948207086,332,1.0964195283831062,1.0964195408086201,0.9843078768535688,1.0181141188158016,0.9885799395095983,312,1.269341157978135,1.2693411619643473,1.0349032021490827,1.008264683056779,0.9566889923670858,384
97a06a88c92c,17,0.9864517666782943,0.986451784057669,0.9235352458594918,0.9819691239510652,0.9639913259755537,192,1.1681835028404202,1.1681835179296614,1.0133427187709767,1.0254748898909634,0.9872591688264295,188,1.3871977968913514,1.3871978199333643,1.0634156201331357,0.9994846060592,0.9357368424590116,240
97a06a88c92c,18,0.9562535166031599,0.9562535306169112,0.9051055418422983,0.9694696711525052,0.9545373693370114,269,1.12855655182273,1.1285565678233218,1.0031613793979821,1.0310161909363222,0.9986028047028026,268,1.2171511029485071,1.2171511224952265,0.98798090775282,0.9600190458553697,0.9100069359896625,352
97a06a88c92c,20,0.9479888041486355,0.9479888217022093,0.9091684251898234,0.9825582074869397,0.9709261761040532,464,1.0631351276062178,1.0631351459934142,0.9725448522598933,1.0183383507640673,0.9935938215736817,448,1.249524838656446,1.2495248523587925,1.044335913627004,1.0328007595945066,0.9855535935297058,496
97a06a88c92c,22,0.9522114064734962,0.9522114230666143,0.9026060349118294,0.9677531742453708,0.9532291957185954,283,1.122025918572978,1.1220259387867886,1.0060690313827383,1.039804090018594,1.0093281646833556,312,1.3628608270970017,1.3628608409928686,1.0936185984037974,1.0554557439985153,0.9979136943720331,352
97a06a88c92c,23,0.9138553984165754,0.9138554146527892,0.889574278095215,0.9476691621528115,0.9365297576157127,454,1.0205181199832836,1.0205181360175577,0.9348490839725601,0.9797552554016312,0.956292341257772,444,1.2092175857965604,1.2092175990568959,1.0106476583487134,0.9994846060592003,0.9537615421255217,480
97a06a88c92c,24,0.9603366138181075,0.9603366295247688,0.9132673710494327,0.9813371908726043,0.9674672250182638,324,1.09133310926215,1.0913331247349904,0.9825211619200456,1.018129835576018,0.9893087858016714,328,1.230303014972666,1.2303030301876314,1.0060994305352318,0.9819691239510653,0.9323726711825242,384
380c92d34c8c,3,0.8331935174422285,0.8331935317308412,0.824358558899848,0.9013673348476374,0.897078216026403,2663,0.8490164293936883,0.8490164443517177,0.8212719902397972,0.8928031828988563,0.884346725150057,2644,0.9147105062826566,0.9147105219508256,0.8547376788734123,0.907660724520471,0.89058792387237,2688
380c92d34c8c,4,0.8168688740896927,0.8168688859058345,0.8033296288321651,0.8833370159602695,0.8790715717174775,2534,0.8492085003873225,0.8492085126755547,0.8209280735283935,0.8920337687020263,0.8834250162963146,2544,0.9056397193548792,0.9056397305547843,0.8449764126694335,0.896385409915519,0.8791672978927725,2544
380c92d34c8c,5,0.855677151581692,0.8556771646719301,0.8398969632737198,0.922324495756837,0.9173720158318437,2138,0.8761439483219015,0.8761439618782525,0.8439178110843901,0.9147490251259245,0.9050093340539127,2140,0.9233450053013957,0.9233450190102406,0.8551789772418877,0.9027803462925011,0.8837085394343235,2112
380c92d34c8c,6,0.8769339903557296,0.8769340059634066,0.8674192365151472,0.9480686939999595,0.9434535868813338,2676,0.9079046245394816,0.9079046400910723,0.8773845918468668,0.9531677214295289,0.943883225356123,2668,0.9652584670035654,0.9652584830369662,0.9001501810359209,0.9545967584931414,0.9361351272966993,2672
380c92d34c8c,8,0.8827238234731292,0.8827238393118171,0.8667607827983845,0.9520663143894657,0.9470527762095132,2295,0.9315691621293448,0.9315691780435447,0.8973964155110069,0.9727845029391186,0.9624543824222054,2288,1.0069463371808778,1.0069463535065841,0.9316258249798841,0.9827957183727032,0.9617653978133182,2240
380c92d34c8c,9,0.8631374692395138,0.8631374839122966,0.8466372301755589,0.9292814592951536,0.9241101471830417,2005,0.9081454875017052,0.9081455028590076,0.8729509821568365,0.9448924282017068,0.9342988555194112,1992,0.9668857542750929,0.9668857727073846,0.892597949388811,0.9402558886630994,0.9196023864349876,2032
380c92d34c8c,10,0.7951431539116818,0.7951431679707341,0.7960023919166902,0.8583747952829976,0.8539836260575381,2193,0.8315543818279834,0.8315543964783656,0.8122508973469252,0.8700372754225286,0.8610755711475562,2176,0.8707338910627725,0.8707339061742554,0.8303961920332068,0.856719007984698,0.839462609798258,2208
380c92d34c8c,11,0.8143036049154714,0.8143036165502859,0.8039240081096665,0.8863918794326943,0.8830961796718723,4296,0.8402131396800213,0.8402131515925014,0.818599296095193,0.8943040693242966,0.8876212841997237,4268,0.8746148630882943,0.8746148766830643,0.8298757520103456,0.8903711900271322,0.8772463245519355,4320
380c92d34c8c,12,0.7730481607682548,0.7730481751756613,0.7593419990377182,0.8342847724503356,0.8299769376786196,2092,0.7831869873859121,0.7831870006801352,0.7651209701416506,0.8197498666841063,0.8113583097043082,2076,0.8883698157066459,0.8883698288962163,0.8227858341645434,0.8685841210541488,0.8502347311224173,2032
bdc31458ae7e,8,0.9620642326388098,0.9620642488328808,0.9208030495742716,0.9937603428810593,0.9814464411720065,428,1.021123669974644,1.0211236827845358,0.9302432366554405,0.9713999146492718,0.9467744957880819,392,1.2815656405965272,1.2815656564454494,1.0480202401408665,1.022884504115693,0.9712215324817961,400
bdc31458ae7e,9,0.9624675064157528,0.9624675196912323,0.9206088342301436,0.9931244524075605,0.9806478217563057,416,1.040398347668514,1.0403983659983227,0.9432182161267799,0.9818376605339005,0.9557502528184423,360,1.25731000235922,1.257310010568039,1.0172783843869908,0.986585523378557,0.9345113583113657,352
bdc31458ae7e,10,0.959154819577766,0.9591548360325977,0.9187577437395821,0.9920971749854445,0.9800219028803462,443,1.0230229357978813,1.0230229563101214,0.961141835020864,0.9691903576974563,0.9440100254390282,372,1.2384256479434992,1.238425659015802,1.0197686539897803,0.9994522479349167,0.9504658198253907,416
bdc31458ae7e,11,0.9392790973096313,0.93927911256999,0.8954547436629721,0.9638132449207084,0.9508361605532331,351,1.0514062881915838,1.0514063030983445,0.9465752657522392,0.9808811830549442,0.9531145619308787,316,1.3009126076835016,1.3009126209477384,1.0439086621127158,1.0074804829076738,0.9525539809914859,336
bdc31458ae7e,12,0.9504752568703259,0.9504752725505585,0.9089511531710843,0.980411178366481,0.9680393131916575,407,1.082556101513929,1.0825561178173628,0.979021949311951,1.0174743892920908,0.9898128093559956,356,1.1277777637249438,1.1277777776719953,0.9222578113239625,0.9001383636218098,0.8546749485839804,352
bdc31458ae7e,14,0.9403334632990616,0.9403334792467902,0.8981400226935458,0.9679344377535247,0.9553939222456591,381,1.0926697401469552,1.0926697576945785,0.9817712417488637,1.0160453522284782,0.9867833867497668,316,1.25731000235922,1.257310010568039,1.0172783843869908,0.9865855233785574,0.9345113583113657,352
bdc31458ae7e,15,0.9564862727588206,0.9564862899074725,0.9158994403785217,0.9887883539785028,0.9766642909991279,435,1.0378710607752675,1.0378710772441746,0.9425008294315711,0.9821600205989465,0.9564759101329469,372,1.1930384709859612,1.1930384964116405,0.9784816498904669,0.9566889923670858,0.9089717818848713,384
bdc31458ae7e,17,0.9612028613008092,0.9612028762784748,0.9229489341983791,0.9982692716107067,0.9867796239585476,499,1.068656080568152,1.0686560983190363,0.9741607280263203,1.0176810158393954,0.9920448161346047,416,1.1737826689577704,1.1737826952114985,0.9777041691561843,0.964907587575409,0.9200407361420987,448
bdc31458ae7e,18,0.9876514933183997,0.9876515089904243,0.9406341197640863,1.011758241037641,0.9978630034908617,354,1.065007215079944,1.0650072321833233,0.9569162736033229,0.9903226850834533,0.9618015288573679,308,1.3744708899359803,1.374470900308769,1.0780241689052943,1.0266022448753522,0.9658045416502269,288
bdc31458ae7e,19,0.9400718717864032,0.9400718865567141,0.8993169782950747,0.9702508021551414,0.9580996965895616,409,1.070392549811525,1.0703925659317743,0.9680217026904682,1.0060420927831908,0.9786913171160405,352,1.230303014972666,1.2303030301876314,1.0060994305352318,0.9819691239510653,0.9323726711825242,384
bdc31458ae7e,20,0.9591554739381933,0.959155487892429,0.918933773103736,0.9924164214660293,0.9803890202322736,447,1.0686560805681524,1.0686560983190363,0.9741607280263203,1.0176810158393954,0.9920448161346054,416,1.3628608270970017,1.3628608409928686,1.0936185984037974,1.0554557439985153,0.9979136943720331,352
bdc31458ae7e,21,0.9317000060158203,0.9317000203181948,0.8905467338067935,0.9602300046929331,0.9479808723691038,390,1.03241824695147,1.032418260694521,0.9353198027032721,0.9731663171643264,0.9471364112400027,352,1.25731000235922,1.257310010568039,1.0172783843869908,0.986585523378557,0.9345113583113657,352
1fc3b853d14f,3,0.9114546057439129,0.9114546214701712,0.8819335786083985,0.9306826366981531,0.9174154352173799,302,1.0373446900129322,1.0373447066720682,0.932061305457782,0.9646000179384289,0.9368196709649685,300,1.2576948637228438,1.2576948889404003,1.0127614806253276,0.9794399495758378,0.9267600509185668,336
1fc3b853d14f,6,0.7980183403092511,0.7980183527936028,0.7649009942693801,0.8263221923482269,0.8164102710954954,380,0.8946747694263826,0.8946747814090853,0.817960674635129,0.856146954411273,0.8352163591992541,372,1.0076813214971339,1.0076813325474134,0.8422063819572613,0.8329038383826667,0.7948012851046015,400
1fc3b853d14f,7,0.9403763083961756,0.9403763229463775,0.89468124416686,0.9616541750641523,0.9481773658984709,323,1.0647152285484391,1.0647152436438931,0.9585572311415079,0.9932974005619688,0.965179303221143,320,1.414906721688199,1.4149067417486425,1.1253002281794293,1.0803520200910404,1.019449058026298,336
1fc3b853d14f,9,0.9010565759281008,0.9010565906652152,0.8568928419723072,0.9207608210656537,0.9077470259430623,304,0.9981705267641615,0.9981705409161499,0.932061305457782,0.9312163130268457,0.9048555967698211,300,1.2801537005750372,1.280153718724962,1.0181287778766264,0.9774613515109409,0.9223586715476029,304
1fc3b853d14f,12,0.8637654632705466,0.8637654758864615,0.8221505145754826,0.8839546116823541,0.8716706001079938,302,0.9981705267641615,0.9981705409161499,0.8986474041951636,0.9312163130268457,0.9048555967698211,300,1.2389643882700014,1.238964400902608,0.994198725821634,0.9595052218168321,0.9071942676109389,320
1fc3b853d14f,13,0.9316738442569481,0.9316738592190734,0.8920166797531385,0.9629143166152954,0.9510712057166617,421,1.0481050020956875,1.0481050195052086,0.9554268678719678,0.998110227073253,0.9729670312089391,408,1.3328282662203883,1.3328282827032676,1.0899410497465012,1.063799884280321,1.010070393781068,416
1fc3b853d14f,15,0.9106176842667468,0.9106176953706134,0.8698131370391031,0.9374469743751002,0.9253177259149861,370,1.0133427187709767,1.0133427331380755,0.9217139757215324,0.9615114338687515,0.9367579716927715,376,1.0899410497465012,1.089941074124963,0.9078681570735998,0.8959856170343083,0.8543235407033775,416
1fc3b853d14f,18,0.9293110316414205,0.9293110459071225,0.8882632806431864,0.9577678764757718,0.9455501521835415,389,0.9967273059145263,0.9967273224706396,0.9085922174860871,0.9491832551578975,0.9252725688947755,388,1.2484780172022165,1.2484780391979873,1.0308531674519852,1.0119781636349399,0.9629781189519551,432
d817c83714e1,13,0.8937838229330171,0.893783836860145,0.858213037010116,0.9282503848243848,0.9175666242820963,464,0.9722919435884844,0.9722919595283418,0.8934931075141367,0.9383628974505034,0.9166489061260835,456,1.1907938922533645,1.1907939028998096,0.9805467826824812,0.9610117768604964,0.9139094421397986,400
d817c83714e1,14,0.8489790150739599,0.8489790264446428,0.811357874671394,0.8747555353856964,0.8635610543060256,353,0.997411239597103,0.9974112546182443,0.9020202229615727,0.9374483137297918,0.9119623636763105,328,1.4253075265915784,1.4253075434982507,1.1057596701548211,1.046404492293581,0.9821374632225023,272
d817c83714e1,16,0.924312652260359,0.9243126686693842,0.8901848068107682,0.9648027871845908,0.9544913377458228,560,1.0213312848548903,1.0213313014138212,0.9449347653367396,0.9968356572065986,0.9755049034963656,568,1.2022380906391716,1.202238111820284,0.9926734205093192,0.9744974909077199,0.9273122626944753,416
d817c83714e1,17,0.8906833236536178,0.8906833405776772,0.8532854078111579,0.921483454529381,0.9103016788898025,414,0.9682123483556626,0.9682123651011451,0.8857104904509743,0.9274152837315617,0.904880087504603,408,1.3871977968913514,1.3871978199333643,0.9756702971954302,0.9994846060592,0.9357368424590116,240
d817c83714e1,18,0.8920166797531388,0.8920166960129269,0.8548387004469551,0.9233641555207764,0.9122410217575897,421,0.9561611214257792,0.9561611364488829,0.8758946372355518,0.9179688879438707,0.8959856170343089,416,1.1930384709859614,1.1930384964116405,0.9163139266239868,0.9566889923670858,0.9089717818848713,384
d817c83714e1,22,0.821119025226479,0.8211190392083569,0.7879738233659221,0.8519347358432202,0.8419911881307861,414,0.8918041228682748,0.8918041368802079,0.8169401904985434,0.8561825204861101,0.8356788928108457,388,1.341465907380309,1.341465923292471,1.0407149836751257,0.9848512868645466,0.9243646712682373,256
d817c83714e1,23,0.9049896296685885,0.9049896431881225,0.8660540131627685,0.9345835341495262,0.9229669195652416,400,0.9682123483556626,0.9682123651011451,0.8857104904509743,0.9274152837315617,0.904880087504603,408,1.1618260528144844,1.1618260714727164,1.0127614806253276,0.9163818164983076,0.868642984353769,336
d817c83714e1,24,0.9037424828562998,0.9037424962994809,0.8680266105437984,0.9390505520549032,0.9283170474147696,476,0.9440885410816521,0.9440885571574347,0.8701323195920591,0.9156039307568832,0.8951076565079584,476,1.1766561392189778,1.176656161493594,0.9857245032537325,0.9762216673980129,0.9320677101954725,480
d817c83714e1,25,0.9162707454927931,0.9162707589472253,0.86440352513774,0.923815578454125,0.9087713436141015,229,1.0170861275069325,1.0170861398596591,0.90625170346279,0.9328522989885867,0.9040710977868965,252,1.2801537005750372,1.280153718724962,0.9444887895305524,0.9774613515109412,0.9223586715476029,304
d817c83714e1,26,0.8696939467218643,0.869693963392518,0.8388398256480696,0.9100888284901183,0.9007386558662704,572,0.9134866347811076,0.9134866518494414,0.8484482831643634,0.8973603134063404,0.8790628639906458,564,1.0472242640569591,1.0472242818889193,0.8924284028103421,0.893168090430777,0.8562143590611961,528
d817c83714e1,27,0.8552586581514214,0.8552586714782421,0.8212210957596799,0.8882395923750577,0.8780163387526957,444,0.9101839956900596,0.9101840092568514,0.8374601021280332,0.8802374338851923,0.8601490359090904,440,1.1211451356615063,1.1211451515570197,0.8758946372355518,0.9179688879438707,0.8747826675983029,416
d817c83714e1,28,0.8175812964250073,0.8175813112797563,0.8053110879574092,0.834187016174703,0.8221921925351015,266,0.9852476878946993,0.985247702732656,0.8910199763400901,0.9260160172208916,0.9008408714363555,324,1.3268842295691072,1.3268842343572957,1.051175952546438,1.0068830932990112,0.9493105999111678,304
d817c83714e1,29,0.8679000948326302,0.867900108468986,0.8376009294438311,0.9091105226025006,0.8999177969881762,590,0.8773445607720984,0.8773445764530284,0.817452285675566,0.8663925995297245,0.8494389239261325,592,1.1768136879086513,1.176813706398625,0.9911715106160012,0.9848512868645466,0.9414905408102858,512
d817c83714e1,30,0.8533091424733249,0.8533091539597869,0.8186597516089056,0.8849603282815833,0.8745706829308424,425,0.9415130626639131,0.9415130746127257,0.8647533695621855,0.9078651838371067,0.886734681219862,436,1.2801537005750372,1.280153718724962,0.9444887895305524,0.9774613515109412,0.9223586715476029,304
d817c83714e1,31,0.7235718896606045,0.7235719056043433,0.6938439460965818,0.7219386425715777,0.7089832011320214,147,0.8836963743159721,0.8836963898849951,0.7761961538209141,0.791705785799672,0.7645407722519731,172,1.0460566114743561,1.0780241841894418,0.8573716024224223,0.8231253486407926,0.7581064957542728,256
d817c83714e1,34,0.9219982110378137,0.9219982253036563,0.8880854722252554,0.9626237404596176,0.9523743085464536,563,0.9969093228892466,0.9969093356628772,0.921929064924869,0.9722796996220858,0.9513625100789667,548,1.2073870691739297,1.207387086292175,1.0032027378460353,0.9885818793241684,0.9420736420289415,448
d817c83714e1,35,0.9072208500357801,0.9072208642285168,0.8695716566430847,0.9393978607748263,0.9281295713506683,432,1.0113242630464974,1.0113242789363184,0.9264270201529875,0.9709286314790937,0.9476770949401344,440,1.1689103329366752,1.1689103457549994,0.9769594030704232,0.9661684525238934,0.9219694907213377,464
d817c83714e1,37,0.9476909966874748,0.9476910136784383,0.9074773765589491,0.9796960472752523,0.967683469932469,431,0.9837426922361378,0.9837427076926005,0.9011608286942696,0.9444487597114822,0.921831355987221,428,1.2801537005750372,1.280153718724962,1.0181287778766264,0.9774613515109409,0.9223586715476029,304
d817c83714e1,39,0.9347637265674308,0.9347637413237563,0.8923444212637545,0.9613399453794572,0.9487455934209098,370,1.0155512530166595,1.0155512691313966,0.922231994390032,0.9610382997258509,0.9359065357214856,364,1.2724761530825304,1.2724761735177368,1.0328891308324937,1.003656275212432,0.9513708876255563,368
d817c83714e1,42,0.9549279835285654,0.9549279970674641,0.9026579515103753,0.9659869527857579,0.9507667086652367,256,1.0780241689052945,1.0780241841894418,0.9582437056935948,0.9848512868645469,0.9538892462832741,256,1.2801537005750372,1.280153718724962,1.0181287778766264,0.9774613515109409,0.9223586715476029,304
d817c83714e1,44,0.869033483098363,0.8690334957414625,0.8325910024765394,0.8991692409255969,0.8882719310829325,405,0.9690255235473666,0.9690255357036921,0.8827818470301629,0.9218386945141052,0.898469674574405,372,1.2801537005750372,1.280153718724962,0.9444887895305524,0.9774613515109412,0.9223586715476029,304
d817c83714e1,48,0.8351281582548247,0.835128171835441,0.8068166605095553,0.8763270954133324,0.8677195142373283,603,0.8408842589454989,0.8408842754460232,0.7844438961005674,0.8320889602839584,0.8160740244850393,588,1.0710790804616994,1.071079094054844,0.9066925010875236,0.9037165130522824,0.8649577574323807,496
d817c83714e1,49,0.9317926965387223,0.931792711910744,0.8910847914379916,0.9611401969735281,0.9490115134237623,399,1.0490309646545715,1.0490309813005636,0.9526352469523408,0.9927208810354948,0.9667605973386776,376,1.1770161688565013,1.1770161808574775,0.9444887895305524,0.9115299607259905,0.8618345542303919,304
d817c83714e1,50,0.9123544724738658,0.9123544880092856,0.8755264704065803,0.9465941509369115,0.9355457645897628,460,0.9978405530363057,0.9978405671836156,0.9152995350400618,0.9601108580629453,0.9374459631349483,448,1.0982123966043789,1.098212417394021,0.9200095363701504,0.9111402229048121,0.8699298628491073,448
d817c83714e1,52,0.8295289290291774,0.8295289410612635,0.7987342294443246,0.8655629851989158,0.8562624736263247,497,0.913326031989208,0.9133260449382771,0.8437070145438516,0.8891404402611173,0.8697602352416178,488,1.0882958272169045,1.0882958391512063,0.9095828925138422,0.89953614545328,0.8583853879129696,432
d817c83714e1,53,0.7825811024592529,0.7825811147550856,0.7647539597916491,0.8197403356347974,0.8114513016910334,532,0.8175812964250072,0.8175813095548744,0.7608000438078323,0.8056657184324467,0.7896325677823843,532,1.0899410497465012,1.089941074124963,0.9078681570735998,0.8959856170343083,0.8543235407033775,416
d817c83714e1,54,0.8827818470301629,0.8827818619785589,0.8285640306462179,0.8824775022046761,0.8669085359779476,186,1.0866382742315588,1.0866382922811355,0.9472204422073055,0.9615114338687514,0.9267839427483013,188,1.106501002680461,1.1065010204502062,0.8981644615934729,0.8727445871412453,0.8272790327178748,320
d817c83714e1,55,0.8623763514719957,0.8623763681356883,0.8288209459067626,0.8970259153223673,0.8869289712953019,469,0.9323089877146126,0.9323090022420477,0.860272680364181,0.9059227539770373,0.8859135311970722,484,0.961385640082105,0.9432877047511652,0.8152604943534595,0.8231253486407925,0.8049138712038915,576
d817c83714e1,56,0.9826537602225545,0.9826537745356573,0.9395860963622021,1.0133534372917792,1.0005254028352923,418,0.990352250509306,0.9903522692571084,0.9336489295997116,0.9463869863623049,0.9230485365611967,404,1.2171511029485071,1.2171511224952265,0.98798090775282,0.9600190458553697,0.9100069359896625,352
d817c83714e1,57,0.8966020332107982,0.8966020466738485,0.8542752382875106,0.9191295688539449,0.906610242718896,327,0.997411239597103,0.9974112546182443,0.9020202229615727,0.9374483137297918,0.9119623636763105,328,1.217151102948507,1.2171511224952265,0.9222578113239625,0.9600190458553697,0.9100069359896622,352
d817c83714e1,60,0.7990360013231897,0.7990360099822117,0.768728412713937,0.8325685852678146,0.8234304333827814,458,0.9187561965256972,0.9187562055757196,0.8459495214326267,0.8895781037431457,0.8694390266851081,452,1.0252525124772216,1.0252525251563596,0.7844374261459849,0.8183076032925544,0.7769772259854368,320
d817c83714e1,61,0.9406860138060145,0.9406860293393553,0.9050635635536716,0.9802688399267183,0.9695268178407701,541,1.032474416146761,1.032474432234995,0.9526986708165309,1.003253297792752,0.981094323805022,536,1.2073870691739297,1.207387086292175,1.0032027378460353,0.9885818793241684,0.9420736420289415,448
d817c83714e1,63,0.7969369012331242,0.796936912841119,0.7620088197770012,0.8218344862246725,0.8114308889023064,339,0.8752488599782663,0.8752488709581736,0.7973513457046634,0.8326284982708045,0.8115209963897846,336,1.1430090930538361,1.1430091005163991,0.9247985312609008,0.8968959303441428,0.8495557802830598,320
d817c83714e1,64,0.8665494318340006,0.8665494484014994,0.8341311922646496,0.9037366787288359,0.8939516440761999,511,0.9134441772997965,0.9134441921095443,0.8451177126603234,0.8915361159523805,0.8724586108735101,508,1.1559981640761265,1.1559981844425808,0.954493673566653,0.9370168181804999,0.8916464064369954,400
d817c83714e1,65,0.9042820329182886,0.9042820467520892,0.8660782486351071,0.9351258465847949,0.9237092599751044,415,0.9740956737488671,0.9740956883363558,0.8892867579552626,0.9299225292049276,0.9068478492725933,392,1.230303014972666,1.2303030301876314,1.0060994305352318,0.9819691239510653,0.9323726711825242,384
d817c83714e1,66,0.9451806031843236,0.9451806158434692,0.9032964440392574,0.9738779756560302,0.9614149981367367,393,1.0107040406891885,1.010704053368367,0.920750958730385,0.9614876706222385,0.9371135315453464,388,1.3009126076835018,1.3009126209477384,1.0439086621127158,1.0074804829076738,0.9525539809914862,336
d817c83714e1,67,0.9528105769117763,0.9528105926305352,0.9111844483877207,0.9828200510406003,0.9704177881626442,408,1.0275539236232234,1.0275539406913812,0.9366930077176155,0.9785394383071109,0.9538892462832744,400,1.414906721688199,1.4149067417486425,1.1253002281794293,1.0803520200910404,1.019449058026298,336
d817c83714e1,68,0.8049247127826198,0.8049247241947833,0.7552653788940188,0.804250084575737,0.7899983757637442,168,0.9366930077176154,0.9366930199724494,0.8274399960818721,0.8470329374887413,0.8191253379609489,200,1.2576242881690396,1.2576243030866916,0.9756702971954302,0.9232980814355126,0.8665918793139724,240
d817c83714e1,69,0.9255149316364911,0.9255149487739242,0.8876148633857543,0.9592648017059996,0.9479085296877934,453,1.00725336870443,1.0072533883577686,0.9232141930909422,0.9679171657853942,0.9448756897390181,444,1.3278012032165531,1.3278012245402473,1.0777973539121675,1.0472935045694944,0.9927348392614498,384
d817c83714e1,70,0.8789681224414095,0.8789681373053048,0.8449043642562153,0.9145344385406079,0.904281221607141,482,1.0149363270792073,1.0149363437181813,0.9326814017033532,0.979519164882543,0.9568528055175785,476,0.8836963743159719,0.8836963898849951,0.7761961538209141,0.791705785799672,0.7645407722519728,688
d817c83714e1,71,0.9114233842422708,0.9114234001860078,0.8801506197573888,0.955699660048275,0.9461998194706962,642,0.9651147634490687,0.9651147789482352,0.8980872697581177,0.9510490059691286,0.932122655201762,628,1.1768136879086513,1.176813706398625,0.9911715106160012,0.9848512868645466,0.9414905408102858,512
d817c83714e1,73,0.8796680319058647,0.8796680450792603,0.8400665963674132,0.9052527861423884,0.8934862600831901,354,0.970221752014765,0.9702217657704977,0.882492104414233,0.9205960537041238,0.8968959303441429,360,1.2801537005750372,1.280153718724962,0.9444887895305524,0.9774613515109412,0.9223586715476029,304
d817c83714e1,74,0.8563634399475941,0.8563634550350637,0.8345342659161884,0.890597941051338,0.8805450618163965,463,0.9762756439193476,0.9762756614227996,0.896004445660869,0.9402065606125029,0.9181417511015123,444,1.2724761530825304,1.2724761735177368,1.0328891308324937,1.003656275212432,0.9513708876255563,368
d817c83714e1,75,0.9170872294444372,0.9170872438536158,0.877328788116711,0.9465282886550156,0.934674276135049,399,1.0211236699746444,1.0211236827845358,0.9302432366554405,0.9713999146492718,0.9467744957880827,392,1.2801537005750372,1.280153718724962,0.9444887895305524,0.9774613515109412,0.9223586715476029,304
d817c83714e1,77,0.828552525372168,0.8285525408778037,0.7931286486432209,0.8560518178967615,0.8454770508780989,371,0.9042474527884365,0.9042474678084153,0.8242898467915016,0.8611147057102577,0.8394225367292814,352,1.137914400511144,1.1379144233270286,0.8532562385137992,0.8861599543781389,0.838497188926322,304
d817c83714e1,78,0.8887114466572118,0.8887114596811442,0.84117615412853,0.9009941181714731,0.8871165142537281,250,0.9837561268413856,0.9837561437626887,0.8774016935013046,0.9037165130522826,0.8760476386930718,248,1.3744708899359803,1.374470900308769,1.0780241689052943,1.026602244875352,0.9658045416502269,288
d817c83714e1,79,0.9170218290474615,0.9170218443644021,0.8841113037987186,0.9589249485336921,0.948960058633505,589,0.993620715242376,0.9936207286741767,0.9212112180809042,0.9731499816840689,0.9528503932506865,584,1.2022380906391712,1.202238111820284,0.9315453994284615,0.9744974909077199,0.9273122626944751,416
d817c83714e1,81,0.8650601616109891,0.8650601748447696,0.8285134089352711,0.8945661713112376,0.8836447619520875,397,0.9360615790200078,0.9360615878552305,0.8552919026025477,0.8948733274611067,0.8728614435120586,384,1.1635627281466236,1.1635627318006516,0.948661268636659,0.9242426261353807,0.8769649096698285,352
d817c83714e1,82,0.8544096014073551,0.854409612125836,0.8150596453817051,0.877657264294156,0.8659905557969205,328,0.9284911185692178,0.9284911293623666,0.8425942173710428,0.877657264294156,0.8545549390450696,328,1.2127771900184563,1.212777207213122,0.8947788532394707,0.9260160172208917,0.8738134783082554,288
d817c83714e1,84,0.9520220582335989,0.9520220746090535,0.8983534740877451,0.960259018783846,0.9446847119396239,240,1.0611800412661492,1.061180056311482,0.9432711477921325,0.9694629855072882,0.938984726810098,252,1.3744708899359803,1.374470900308769,1.0780241689052943,1.0266022448753522,0.9658045416502269,288
d817c83714e1,86,0.8446508287132087,0.844650841253686,0.8125761648881601,0.8800303947666382,0.8703603181536437,483,0.8702893342777589,0.8702893483878336,0.805190891589757,0.8494162994506932,0.8312400938243679,484,1.1559981640761265,1.1559981844425808,0.8957167302196745,0.9370168181804999,0.8916464064369954,400
d817c83714e1,87,0.726159261266747,0.7261592735630082,0.6815607348864051,0.7259089131038465,0.7131021828205698,153,0.8443465028491656,0.8443465166117954,0.7486522760296167,0.7682072150270769,0.7435890011301112,192,1.176813687908651,1.1768137096992943,0.8573716024224223,0.8848956233682581,0.8332545067680277,256
d817c83714e1,88,0.8957393222365111,0.8957393381508616,0.859322169642593,0.9288827690704871,0.9179641897334628,445,0.9938661960620385,0.993866213880868,0.9121486699070107,0.9571472193622776,0.9346848457159539,452,1.2073870691739297,1.207387086292175,1.0032027378460353,0.9885818793241684,0.9420736420289415,448
d817c83714e1,89,0.8674610223227249,0.8674610376057125,0.8336113369644645,0.9021391670692819,0.891956012941447,469,0.9123544724738658,0.9123544880092856,0.8408841743956874,0.8848273280423662,0.8650200041883639,460,1.0780241689052945,1.078024184189442,0.8957167302196745,0.8826623922537218,0.8411371803829836,400
d817c83714e1,90,0.9385560216818152,0.9385560384803272,0.9025319662716323,0.9771696673890423,0.966318065425084,525,1.0016542843214846,1.0016542999294726,0.9242599045235002,0.9733054381571475,0.9518079260794989,520,1.2384256479434992,1.238425659015802,1.0197686539897803,0.9994522479349167,0.9504658198253907,416
d817c83714e1,91,0.88060651908343,0.8806065335201868,0.843791758865057,0.9113489200019678,0.9003373636697473,413,0.9377734075522065,0.9377734222864043,0.8590505095964065,0.9003156400987962,0.8787551243990337,408,1.2801537005750372,1.280153718724962,0.9444887895305524,0.9774613515109409,0.9223586715476029,304
d817c83714e1,93,0.9425034812501424,0.9425034949092322,0.9088036887095379,0.9857999365699676,0.9755932683965859,610,1.0161407941872642,1.016140811261139,0.942483065557556,0.9958966644007183,0.9752303577616609,604,1.209282832779338,1.2092828481264366,1.0236850818730105,1.0203250953816094,0.9765652100043007,560
d817c83714e1,94,0.8853911245154447,0.8853911389470911,0.849904717459539,0.9190796421680774,0.9084274365099745,453,0.9381764367959066,0.9381764521764703,0.8621424721627636,0.9054378835048719,0.8844857866128877,440,1.25731000235922,1.257310010568039,1.0172783843869908,0.9865855233785574,0.9345113583113657,352
d817c83714e1,95,0.8232367459942629,0.8232367592149532,0.788195260969519,0.8508411538738476,0.8403764573078341,372,0.9217139757215324,0.9217139931699821,0.841973726406494,0.8807958090896704,0.8590748756114108,376,1.3956938910021734,1.145392416923974,0.8983534740877451,0.8555018707294602,0.9401948104330752,240
d817c83714e1,97,0.6439933126436167,0.6439933230333079,0.6201510775018738,0.6720861760134638,0.6648839280677654,388,0.7805362377563445,0.7805362454448591,0.7186827792701962,0.755747769551699,0.7386384651484105,384,1.1872122054039382,1.187212209688107,0.9405258522783918,0.9008953992675361,0.8493831683415713,272
d817c83714e1,99,0.7651890182070563,0.7651890306794396,0.7514829032271599,0.7679162812607377,0.7548436861231139,174,0.9413249113751821,0.9413249257756687,0.8292225139058317,0.8473558965635728,0.8188712639640667,192,1.176813687908651,1.1768137096992943,0.8573716024224223,0.8848956233682581,0.8332545067680277,256
d817c83714e1,100,0.928625119894407,0.9286251349124646,0.8767919322843016,0.9375836077717311,0.9225244808230038,239,1.0274917859878587,1.0274918005555618,0.9133260319892077,0.9386863827927713,0.9091756878637457,244,1.3871977968913514,1.3871978199333643,0.9756702971954302,0.9994846060592,0.9357368424590116,240
d817c83714e1,101,0.8601069803968252,0.8601069922750805,0.8243042054082621,0.890415300892908,0.8797024428386828,407,0.8971181592772383,0.8971181753614915,0.823355436553231,0.8639735962385159,0.8436978253365247,408,1.1618260528144844,1.1618260714727164,0.8803370017183278,0.9163818164983076,0.868642984353769,336
d817c83714e1,105,0.8151772760950259,0.8151772903453359,0.7952091863221153,0.850007057367923,0.8407787906977223,478,0.877481808114765,0.877481822341452,0.8118453617681848,0.8564362688676413,0.8381098466658916,488,1.1770161688565015,1.1770161808574775,0.8785586046978557,0.9115299607259905,0.8618345542303922,304
d817c83714e1,107,0.8159292041225,0.8159292174989301,0.8009602081018566,0.8647783321172039,0.8577080489106038,861,0.9036210783196297,0.9036210940389432,0.8680923192451675,0.9058327477761148,0.8902522567860381,804,1.1021464509130132,1.1021464750078065,0.9087423492769937,0.9641631251199537,0.9277525819075303,688
d817c83714e1,108,0.8784742999088938,0.8784743143106948,0.8417486795457712,0.9091422640213334,0.8981573700531135,412,0.9492277925055517,0.9492278089226912,0.8683436180891905,0.9092306703250601,0.8871373406907873,400,1.1618260528144844,1.1618260714727164,0.9430726846731465,0.9163818164983076,0.868642984353769,336
d817c83714e1,109,0.8822262734985383,0.882226287245574,0.8471154546349852,0.9162471470895864,0.9057015386232761,458,0.9300032185220755,0.9300032289838697,0.8552586581514214,0.8986424439785329,0.8780163387526957,444,1.3009126076835018,1.3009126209477384,1.0439086621127158,1.0074804829076738,0.9525539809914862,336
d817c83714e1,113,0.822881958428067,0.8228819720965264,0.8016974184259914,0.855201784494717,0.8454545382051577,436,0.8778177898384504,0.8778178078787998,0.8094449873028757,0.85201768400377,0.8330509628602785,448,1.0780241689052945,1.078024184189442,0.8957167302196745,0.8826623922537218,0.8411371803829836,400
d817c83714e1,114,0.9419507458384474,0.9419507574874053,0.8940210501266717,0.9593767658071977,0.9453080175796608,294,0.8344353493246769,0.834435359386939,0.7695947005596708,0.810177946042468,0.7921840951728475,428,1.0664874046672148,1.0664874214237539,0.8982491814957511,0.8925214787209954,0.8532258026093212,464
d817c83714e1,115,0.9191041644653131,0.9191041790818961,0.8831365232586985,0.9556596040842349,0.9448417956700419,494,0.9758226096894388,0.9758226263055837,0.8993804647884308,0.9463805334714003,0.9251953088275537,492,1.1431621365632298,1.1431621467838171,0.9413249113751818,0.9225713057860768,0.8773530644542067,384
d817c83714e1,116,0.886790917206482,0.8867909324599146,0.8529831002201609,0.923693130513874,0.9135036874059818,503,0.9678890925374921,0.9678891090185465,0.8920684284893379,0.9386863827927711,0.9176733957476549,488,1.1559981640761265,1.1559981844425808,0.954493673566653,0.9370168181805003,0.8916464064369954,400
d817c83714e1,119,0.7522234026660211,0.7103771627003681,0.6857033870459737,0.7443387880173385,0.7786979280304634,488,0.7529314045680945,0.7386462046157907,0.6853860065699695,0.7244273537727817,0.722207803531739,444,0.997411239597103,0.9974112587158946,0.8664752632641103,0.8776572642941559,0.84525204794199,656
d817c83714e1,120,0.9104379205472027,0.910437933778265,0.8738402448444836,0.9448840051150958,0.933900901363013,463,0.963737384440461,0.9637373974134065,0.8878065900104647,0.9338995734466982,0.9128760900040395,480,1.1689103329366752,1.1689103457549994,0.9769594030704232,0.9661684525238934,0.9219694907213377,464
d817c83714e1,122,0.8509948108492943,0.8509948237546093,0.8302308287267154,0.8875803975515559,0.8779810546640929,503,0.9396439498294495,0.9396439624780714,0.890753017717999,0.9105520841105308,0.8900541877539386,468,1.1788859533308307,1.1788859831423981,0.8399544327386546,0.9345113583113657,0.8864538467483781,352
d817c83714e1,124,0.9401402157127038,0.9401402315763115,0.8926564215005293,0.9581693511521726,0.9442205832495525,298,1.0647152285484391,1.0647152436438931,0.9585572311415079,0.9932974005619688,0.965179303221143,320,1.0780241689052947,1.0780241841894418,0.9227272612294993,0.9260160172208912,0.8886365547143085,576
d817c83714e1,125,0.845623545385372,0.8456235613933962,0.815162200176013,0.8840572098727207,0.8748364482182998,539,0.9134441772997962,0.9134441921095443,0.8451177126603234,0.8915361159523805,0.8724586108735101,508,1.140038260161506,1.140038278073668,0.9601974009092511,0.9540746841500295,0.9120689614099644,496
d817c83714e1,128,0.8711602164477686,0.8711602317959288,0.8371661827510934,0.9059862424085966,0.895759663316464,471,0.9722919435884844,0.9722919595283418,0.8934931075141367,0.9383628974505034,0.9166489061260835,456,1.200159547706528,1.200159555542219,0.9710384578239459,0.9417407268613505,0.8920335692972129,336
d817c83714e1,129,0.8502624769634674,0.8502624872900854,0.8175735296977752,0.8851454775459194,0.8752998047309836,474,0.8484834600550273,0.8484834691310807,0.7834442469223963,0.8253797373013021,0.80729072988164,448,1.109335267076305,1.109335273458245,0.9193856936786334,0.9045877363086348,0.861524631763758,400
d817c83714e1,130,0.8882009558702564,0.8882009675692223,0.8543784880296096,0.9252331670364033,0.9150383810776208,505,0.9357848688414016,0.9357848821088904,0.8887114466572117,0.9110045494478656,0.8911477820098543,500,1.2484780172022165,1.2484780391979873,1.0308531674519852,1.0119781636349394,0.9629781189519551,432
d817c83714e1,131,0.9683380900402164,0.9683381062713405,0.9124043091444967,0.9743116371666526,0.9581269325843336,232,1.157045203565328,1.1570452212659261,1.0192526733425846,1.041541622859392,1.006529261955832,236,1.341465907380309,1.341465923292471,0.9582437056935948,0.9848512868645469,0.9243646712682373,256
d817c83714e1,132,0.7963949742573353,0.7963949896101256,0.7635446214310151,0.825004063422816,0.815166952076097,384,0.8922741249552185,0.8922741403873298,0.8162430010038391,0.8546768301055565,0.8339091002493401,376,1.106501002680461,1.1065010204502062,0.8981644615934729,0.8727445871412453,0.8272790327178748,320
d817c83714e1,134,0.9287133421871095,0.9287133553543391,0.8830301323967168,0.9487268978417717,0.9352702899797027,311,1.0096821649459204,1.009682181160813,0.9072063373122411,0.9388773507934041,0.9118378130725693,292,1.4253075265915784,1.4253075434982507,1.1057596701548211,1.0464044922935811,0.9821374632225023,272
d817c83714e1,136,0.9051178201926171,0.9051178347282686,0.8665910261734766,0.9354678277806552,0.9239622877389897,409,0.9523957222926009,0.9523957350483813,0.870732331063202,0.9113822417926456,0.8891012855992061,396,1.217151102948507,1.2171511224952265,0.9222578113239625,0.9600190458553697,0.9100069359896622,352
d817c83714e1,138,0.901515797312911,0.9015158134760086,0.8632615415061928,0.9319614370831866,0.920534159332511,410,0.9561611214257788,0.9561611364488829,0.8758946372355518,0.9179688879438707,0.8959856170343083,416,1.1790403893488048,1.1790404039298135,0.9641786209295972,0.9410537437864376,0.8935238098832523,368
d817c83714e1,139,0.8738891917504438,0.8738892038451749,0.8403862045545173,0.9099134516522772,0.8998203458286256,490,0.8918667557887774,0.8918667702486889,0.8251543021250402,0.8704762077015368,0.851849352348939,496,1.2073870691739297,1.207387086292175,1.0032027378460353,0.9885818793241684,0.9420736420289415,448
d817c83714e1,141,0.7308742709481018,0.7308742848811726,0.7119804930638147,0.7593654821644935,0.7506755222479334,384,0.83555122677782,0.8355512417582519,0.7668506516917347,0.8046812906143043,0.785796994185979,380,1.298111396050648,1.2981114058471708,1.0181339372994447,0.9695687868267213,0.91214873378077,272
d817c83714e1,143,0.9337987132014115,0.9337987264407409,0.9065125418428018,0.9615587675183128,0.9491576590993683,382,0.9967273059145267,0.9967273224706396,0.9085922174860871,0.9491832551578978,0.9252725688947762,388,1.2576948637228433,1.2576948889404003,0.9430726846731465,0.9794399495758378,0.9267600509185665,336
d817c83714e1,144,0.9232230443641679,0.9232230593636653,0.8801478249678786,0.9473378048365941,0.934582550971127,345,1.0206862214179306,1.0206862350048105,0.924691168581644,0.9621076090147319,0.9363734974759118,348,1.2503645434029418,1.2503645665555003,0.9848630203937634,0.9402015998287742,0.8853329134410295,272
d817c83714e1,145,0.8141328358920195,0.8141328474347347,0.7821815297744318,0.8463464884360703,0.8367388863009335,435,0.9069621245845035,0.9069621360948276,0.8580933141000581,0.8745490303017996,0.8541939589732617,420,1.2389643882700017,1.238964400902608,0.994198725821634,0.9595052218168321,0.9071942676109392,320
d817c83714e1,146,0.9682098879333779,0.9682099041366745,0.9217269178932579,0.9911361178638352,0.9774103270211996,341,1.0852625308898325,1.085262549202185,0.9796857341449006,1.0169620962349715,0.9888532415609306,344,1.3871977968913514,1.3871978199333643,1.0634156201331357,0.9994846060591996,0.9357368424590116,240
d817c83714e1,147,0.8433395846999896,0.843339600865472,0.8174557873098759,0.8650226169061023,0.8533199725085436,312,1.0218949976689091,1.0218950168353655,0.9207443862600045,0.9546097870116438,0.9277767388376424,312,1.3009126076835018,1.3009126209477384,1.0439086621127158,1.0074804829076738,0.9525539809914862,336
d817c83714e1,149,0.9155706448570751,0.9155706616446531,0.8795955113760258,0.9517199981899319,0.9409034963680194,488,1.023465203777352,1.0234652205561492,0.9405190605411965,0.9877504183689509,0.9648935853958773,480,1.155998164076126,1.1559981844425808,0.954493673566653,0.9370168181805003,0.8916464064369952,400
d817c83714e1,152,0.887648565057655,0.8876485821696192,0.8510341093033189,0.9195357790233473,0.9085714986681498,428,0.9528072406663528,0.9528072592573488,0.8733107231941346,0.9155973189861835,0.8938013281315036,420,1.1211451356615063,1.1211451515570197,0.9315453994284615,0.9179688879438707,0.8747826675983029,416
d817c83714e1,153,0.9018149737702157,0.9018149884218991,0.859738600041087,0.9253705513911074,0.9129110715283177,337,1.0126423880853603,1.0126423988419286,0.9151121181029239,0.9505938013352841,0.9245736303531142,328,1.4253075265915784,1.4253075434982507,1.1057596701548211,1.0464044922935811,0.9821374632225023,272
d817c83714e1,154,0.864385277963764,0.8643852915957538,0.8330829744416377,0.9033698800034581,0.8938982919863324,545,0.8908828184805876,0.8908828322649894,0.8271215157634514,0.8745706829308421,0.8566465538308586,544,1.105630018541109,1.1056300325727422,0.9359406462838954,0.9328686586346141,0.8928596205753607,512
d817c83714e1,156,0.9600004750946344,0.9600004926153066,0.9053374946728667,0.9673326531847851,0.9514885253249588,237,1.090614232846839,1.090614250623569,0.9670091898715881,0.9922676527433076,0.9604691264597269,248,1.341465907380309,1.341465923292471,1.0407149836751257,0.9848512868645466,0.9243646712682373,256
d817c83714e1,161,0.9068483110079416,0.9068483275380824,0.8690521705256455,0.9387170037123329,0.9274089247321815,428,1.0061814600558847,1.0061814774580526,0.9204442351745419,0.9637845105445637,0.9403655811322345,424,1.1211451356615063,1.1211451515570197,0.9315453994284615,0.9179688879438707,0.8747826675983029,416
d817c83714e1,165,0.9718696958925699,0.9718697091850088,0.9174001430108136,0.9808470811291374,0.9650295592282552,248,0.9440459333079646,0.9440459476243975,0.8774016935013046,0.8704762077015371,0.84430856322063,248,1.4796776500174416,1.4796776745955886,1.1343099948086781,1.0661169131298134,0.9981192986229458,256
d817c83714e1,166,0.9010271708645032,0.9010271855510131,0.8649140722932614,0.9353106292262332,0.9244703051459122,461,0.9893496969847737,0.9893497132042777,0.9363650062762234,0.9548254044233193,0.9327304658826816,464,1.2424554991254615,1.242455506273234,1.0297119769200693,1.0131382646656708,0.964907587575409,448
d817c83714e1,168,0.9055115841305166,0.9055115963196799,0.8687424658249799,0.9390990777764563,0.928073830592494,451,0.9808208202866291,0.9808208363663098,0.9013307663519802,0.9465941509369115,0.9246896860043826,460,1.2073870691739297,1.207387086292175,1.0032027378460353,0.9885818793241684,0.9420736420289415,448
d817c83714e1,171,0.8830123258140018,0.8830123412214347,0.8422881893797897,0.9069353857154131,0.8948628647213899,338,0.9941584211054684,0.9941584386206195,0.9012974065211452,0.9382004311768386,0.9132724638042893,344,1.1454006794618754,1.1454006957012821,0.9109573275738237,0.8745706829308422,0.8252682850689079,272
d817c83714e1,172,0.8750548855277762,0.8750548997446915,0.8342270688825979,0.8979114845842501,0.8858217222248069,327,0.997411239597103,0.9974112546182443,0.9020202229615727,0.9374483137297914,0.9119623636763105,328,1.137914400511144,1.1379144233270286,0.9163080062800583,0.8861599543781389,0.838497188926322,304
d817c83714e1,173,0.8379072577349785,0.8379072721097413,0.8026168099937208,0.8666853424816412,0.8561365156087901,387,0.9453496097333651,0.9453496254360705,0.8617575671002062,0.9002562832425419,0.8775781065806117,368,1.2801537005750372,1.280153718724962,1.0181287778766264,0.9774613515109412,0.9223586715476029,304
d817c83714e1,175,0.903365670084965,0.903365683227545,0.8654834865249953,0.9346919763695711,0.9233641555207768,421,1.0237944326136053,1.0237944479453536,0.934658531320327,0.9773675562051789,0.9531155966844603,412,1.3009126076835018,1.3009126209477384,1.0439086621127158,1.0074804829076738,0.9525539809914862,336
d817c83714e1,176,0.9439836679117684,0.9439836850631397,0.9083351793553871,0.9838855770432489,0.973133377954761,546,0.9808208202866291,0.9808208363663098,0.9013307663519802,0.9465941509369115,0.9246896860043826,460,1.2724761530825304,1.2724761735177368,1.0328891308324937,1.003656275212432,0.9513708876255563,368
d817c83714e1,177,0.9350740704971333,0.9350740860291568,0.8922975722410578,0.9610382997258513,0.948347554306114,364,0.9964294930986728,0.9964295046815641,0.9353198027032721,0.9418760885108016,0.9170833492190992,352,1.347530211131618,1.3475302302368022,1.0717145030280277,1.0289066858009908,0.9709038647869503,320
d817c83714e1,179,0.8062085153040903,0.8062085284899294,0.7943242827201471,0.8238386293745317,0.8121947074227401,272,0.8833532228173056,0.8833532377227088,0.8567984785506215,0.8277598457726515,0.8048805454565714,280,1.3239153988972323,1.3239154234117063,0.964543052725225,0.9955075762892903,0.9374113201140312,288
d817c83714e1,180,0.9368216046003135,0.9368216186296076,0.8946471944364823,0.9640686451290407,0.9515376272637363,377,1.0241229604600297,1.0241229749799698,0.931519443548357,0.9717402789099084,0.9467234820299286,380,1.2503645434029418,1.2503645665555003,0.9848630203937634,0.9402015998287743,0.8853329134410295,272
d817c83714e1,181,0.8774087175151541,0.8774087306900046,0.8359880007706526,0.8994540123341361,0.8872026840062591,320,0.9950955882800753,0.9950955982266375,0.9045174113382337,0.9431643958878436,0.9187259849442971,364,1.2801537005750372,1.280153718724962,1.0181287778766264,0.9774613515109409,0.9223586715476029,304
d817c83714e1,182,0.8553169287143443,0.8553169442131645,0.8257902067964663,0.8965396897078799,0.8875741227196243,595,0.8879392742754697,0.8879392912958575,0.8475284048451045,0.8755485149078591,0.8582109162181952,584,1.140038260161506,1.140038278073668,0.9601974009092511,0.9540746841500295,0.9120689614099644,496
d817c83714e1,184,0.8674569895709332,0.8674570015197034,0.8279608221861949,0.8918821569710093,0.8801593655877415,341,0.9737833682555213,0.973783379575165,0.8836963743159718,0.9204698137719198,0.896240545827756,344,1.2001595477065283,1.200159555542219,0.9710384578239459,0.94174072686135,0.8920335692972129,336
d817c83714e1,187,0.8962658121711733,0.8962658265646668,0.8581158083135892,0.9263189981691083,0.9149259817464322,405,0.9840354255218148,0.9840354402581556,0.9273260776404395,0.939411534604978,0.9161013987549669,396,1.317585095328693,1.3175851217470858,0.98798090775282,1.026079947174687,0.9708914819146885,352
d817c83714e1,189,0.9213922443563041,0.9213922570809214,0.8830384116904232,0.9538601257722551,0.9423839436797682,436,1.0021304061097103,1.002130421855079,0.9180049563334147,0.9621020075565566,0.9390618486224961,436,1.1790403893488048,1.1790404039298135,0.9641786209295972,0.9410537437864376,0.8935238098832523,368
d817c83714e1,191,0.9546240086316479,0.9546240256296001,0.9059743855882874,0.9721494327115542,0.957871698910177,297,1.0788710755509408,1.0788710949872968,0.9673740686372483,0.999811625017879,0.9705078506570729,300,1.3871977968913514,1.3871978199333643,1.0634156201331357,0.9994846060591996,0.9357368424590116,240
d817c83714e1,192,0.9103710931858792,0.9103711086875262,0.8736231519926528,0.9445363375653094,0.9335119694493502,459,0.9515559954941533,0.9515560096776174,0.9013307663519802,0.9202482263345192,0.8992467193595036,460,1.3009126076835016,1.3009126209477384,1.0439086621127158,1.0074804829076738,0.9525539809914859,336
d817c83714e1,193,0.9228252339570755,0.922825248632835,0.8867119747698673,0.959528671307248,0.9486670660978558,496,0.984653595337428,0.98465361001423,0.9059795650294177,0.9522568602939806,0.9305248661198341,476,1.3009126076835018,1.3009126209477384,1.0439086621127158,1.0074804829076738,0.9525539809914862,336
d817c83714e1,194,0.8637869246015552,0.8637869353898804,0.8360676332176616,0.9092672979473452,0.9008082656601815,698,0.9767538519829017,0.9767538599774057,0.9117776089225537,0.9675698248760853,0.9491097385161047,696,1.1653573724154513,1.1653573807756503,0.9956925618312445,0.9981295820379301,0.9574285013403716,608
d817c83714e1,195,0.784924148776452,0.7849241630378486,0.7552823652515489,0.8181026592996976,0.8091621860649477,454,0.8778177898384504,0.8778178078787998,0.8094449873028757,0.8520176840037703,0.8330509628602785,448,1.0780241689052945,1.078024184189442,0.8957167302196745,0.8826623922537218,0.8411371803829836,400
d817c83714e1,196,0.9183342323610173,0.918334245010595,0.8765215742205759,0.9441919608989278,0.9317816157688408,361,1.0155512530166595,1.0155512691313966,0.922231994390032,0.9610382997258509,0.9359065357214856,364,1.2801537005750372,1.280153718724962,1.0181287778766264,0.9774613515109412,0.9223586715476029,304
d817c83714e1,198,0.9259021326445483,0.9259021466345698,0.8774826746008074,0.9406827175049762,0.9265118425471192,273,1.0529332270693823,1.0529332409792647,0.943287690155916,0.9743651895608476,0.945596446141197,288,1.0572860130995536,1.0572860215160131,0.8885539210180255,0.8817057311436488,0.8424542649486674,448
d817c83714e1,200,0.838623049843683,0.8386230671361088,0.8136852670448451,0.8623709903168227,0.8510578662742079,331,0.997411239597103,0.9974112546182443,0.9020202229615727,0.9374483137297918,0.9119623636763105,328,1.2127771900184563,1.212777207213122,0.964543052725225,0.9260160172208917,0.8738134783082554,288
d817c83714e1,201,0.8993933333990101,0.8993933489542498,0.8597951052679706,0.9271661177959878,0.9153763619991919,379,0.9898647821182774,0.9898647945360296,0.9017664028802741,0.9416631825681717,0.9177916030598754,380,1.3278012032165531,1.3278012245402473,1.0777973539121675,1.0472935045694947,0.9927348392614498,384
d817c83714e1,202,0.9227806849804923,0.9227807004235168,0.8784787340624892,0.9446311973775555,0.9315494319117005,325,1.0347852038717007,1.0347852213323159,0.9341189558125795,0.9696615336193917,0.9428600675348408,328,1.3871977968913514,1.3871978199333643,1.0634156201331357,0.9994846060592,0.9357368424590116,240
d817c83714e1,203,0.8993942882648794,0.8993943024628576,0.8585800377564774,0.9249649204191535,0.9128471115076864,356,0.979021949311951,0.9790219689419444,0.8896603015102784,0.9275047509147705,0.9034074436997154,356,1.2171511029485071,1.2171511224952265,0.98798090775282,0.9600190458553701,0.9100069359896625,352
d817c83714e1,204,0.8910897998308908,0.8910898142208273,0.8514205769605936,0.9178151497589186,0.906016239430823,367,0.935074070497133,0.9350740860291568,0.8523906370230301,0.8904708888594711,0.8680392141177791,364,1.3744708899359803,1.374470900308769,1.0780241689052943,1.0266022448753522,0.9658045416502269,288
d817c83714e1,205,0.7502191608937699,0.7502191732307545,0.725983242913995,0.789424317631949,0.782031568722381,598,0.8061557658028942,0.8061557782008523,0.752419769919652,0.7983840548519342,0.7831216798081144,572,0.9328753281440607,0.9328753399832511,0.7896999203020367,0.7871079307229556,0.7533503048604606,432
d817c83714e1,206,0.9099116048235343,0.9099116160762691,0.8636121708706624,0.9267449030246396,0.9131546836483798,284,1.0978072487376418,1.0978072620707433,0.9781764418328527,1.0068881957337126,0.9758227722144284,272,1.4796776500174416,1.4796776745955886,1.1343099948086781,1.066116913129813,0.9981192986229458,256
d817c83714e1,207,0.8951903164384566,0.8951903307416742,0.8713333304091772,0.928115826783751,0.917174109089619,442,0.9618815953393657,0.9618816141074187,0.9088138985677677,0.9243172934527185,0.902313721732756,424,1.2724761530825304,1.2724761735177368,1.0328891308324937,1.003656275212432,0.9513708876255563,368
d817c83714e1,208,0.8112299484781361,0.8112299613233666,0.7807140794984819,0.8457381205169161,0.8365312114261045,473,0.8908671951370143,0.8908672077676637,0.8229601207435929,0.8672763310743681,0.8483726884733813,476,0.9864517666782945,0.9413249291948753,0.7433786329620009,0.7809773339184106,0.775649428291456,384
d817c83714e1,210,0.9398165034677955,0.9398165183038847,0.897167904621937,0.9665363775166435,0.9538739479799422,372,1.0558822980185494,1.055882312073942,0.9565770709465284,0.9952837334635158,0.9686622387681855,360,1.2389643882700017,1.238964400902608,0.994198725821634,0.9595052218168321,0.9071942676109392,320
d817c83714e1,211,0.9424408751449784,0.9424408905954542,0.9030410591243467,0.9753419434403626,0.9635571785521266,442,0.9498898157053112,0.9498898327356968,0.8717881092916563,0.9147955724878406,0.8933271091798497,432,1.27247615308253,1.2724761735177368,1.0328891308324937,1.0036562752124316,0.951370887625556,368
d817c83714e1,212,0.8546368805511636,0.8546368948537802,0.8136064583163362,0.8748738166481358,0.8627580892474519,301,0.9848615864073064,0.9848616003706012,0.8866654388058949,0.9188000955198213,0.8927908554795573,296,1.2576242881690394,1.2576243030866916,1.0634156201331357,0.9232980814355126,0.8665918793139722,240
d817c83714e1,218,0.9082485944725845,0.9082486098761648,0.8674948250688316,0.9349078033944802,0.9227951794918702,368,0.9778343391897846,0.977834357085367,0.8899975887221215,0.9288218748887396,0.9050628916042956,368,1.27247615308253,1.2724761735177368,1.0328891308324937,1.003656275212432,0.951370887625556,368
d817c83714e1,220,0.8915481079503829,0.8915481228707208,0.8487456076788357,0.9126590645432386,0.9000200665239194,314,1.0650072150799437,1.0650072321833233,0.9569162736033229,0.9903226850834537,0.9618015288573677,308,1.3414659073803088,1.341465923292471,1.0407149836751257,0.9848512868645469,0.9243646712682371,256
d817c83714e1,222,0.8874216157511642,0.8874216303911848,0.8486521823218969,0.915371616165265,0.9038204889750118,380,0.9453496097333655,0.9453496254360705,0.8617575671002062,0.9002562832425419,0.8775781065806124,368,1.2801537005750372,1.280153718724962,1.0181287778766264,0.9774613515109412,0.9223586715476029,304
d817c83714e1,224,0.9432876901559162,0.9432877078480297,0.8947788532394707,0.9598191600171643,0.9455964461411968,288,1.0630516110038324,1.0630516323186716,0.9511466214373747,0.9816810821741614,0.9523905896828629,284,1.4253075265915784,1.4253075434982507,1.1057596701548211,1.0464044922935811,0.9821374632225023,272
d817c83714e1,225,0.9065990915855652,0.9065991067409113,0.8693619880326858,0.9394561866184947,0.9283014054923353,441,1.0205181199832836,1.0205181360175577,0.9348490839725601,0.9797552554016312,0.956292341257772,444,1.1559981640761265,1.1559981844425808,0.954493673566653,0.9370168181804999,0.8916464064369954,400
d817c83714e1,228,0.8125761648881601,0.8125761785416061,0.7822944053178632,0.8476613070964562,0.8385184167301835,483,0.855904386603746,0.8559044004805966,0.7918819512329014,0.8353763606167977,0.8175005881413204,476,1.1433285346948794,1.1433285590611555,0.8781341796813207,0.9168269510184571,0.8710979576396682,368
d817c83714e1,234,0.9913840255116857,0.9913840419790445,0.9373350811392953,1.003253297792752,0.9875078999854865,268,1.110692401272532,1.110692420377229,0.9906148152434084,1.0203250953816094,0.9890860436857263,280,1.4796776500174416,1.4796776745955886,1.1343099948086781,1.066116913129813,0.9981192986229458,256
d817c83714e1,235,0.8874909491559458,0.8874909653981321,0.8462238629842602,0.9109271628286748,0.898703299301594,334,0.9363585129016624,0.9363585293984904,0.8488963945141018,0.8836538944805111,0.860175227536598,324,1.2576242881690394,1.2576243030866916,0.9756702971954302,0.9232980814355126,0.8665918793139722,240
d817c83714e1,237,0.8328022563833225,0.8328022684525839,0.8133676034701477,0.8710592882151025,0.8620406092881309,539,0.8983420165205045,0.8983420286643242,0.8328758957991738,0.8798342300157336,0.8614811774595249,528,1.0882958272169045,1.0882958391512063,0.9095828925138422,0.89953614545328,0.8583853879129696,432
d817c83714e1,241,0.9347879328239659,0.9347879471244489,0.895295346179424,0.9666722606864507,0.9548705362152285,429,1.0346582938310511,1.0346583117257333,0.9464945437172175,0.9910614306543158,0.9669797013529581,436,1.1766561392189772,1.176656161493594,0.9857245032537325,0.9762216673980129,0.9320677101954721,480
d817c83714e1,243,0.9004317508264797,0.9004317658787283,0.8634479609032119,0.9330653282061241,0.9219864299447685,438,0.9586850917766566,0.958685108964731,0.8798602214147272,0.923265901862728,0.9015986564870705,436,1.0060994305352318,1.0060994530384273,0.8380321449910151,0.8270636464932076,0.788606345264656,384
d817c83714e1,245,0.9187577437395821,0.9187577614512646,0.8808600710779679,0.951762500250801,0.9404139577336222,443,1.0441505717561068,1.0441505898149603,0.9551779798981096,1.0001537373575662,0.975851074759866,440,1.230303014972666,1.2303030301876314,1.0060994305352318,0.9819691239510653,0.9323726711825242,384
d817c83714e1,246,1.0035033090914864,1.0035033253952883,0.9566824184433462,1.029715005257167,1.0158505988816593,375,1.0750782925907971,1.0750783115316,0.9746588233310057,1.0145655825516975,0.9876085945790569,372,1.2171511029485071,1.2171511224952265,0.98798090775282,0.9600190458553697,0.9100069359896625,352
d817c83714e1,247,0.9457114258718008,0.9457114423732526,0.902095634779538,0.9713331645827797,0.9584034231631453,362,1.0793463490856283,1.0793463634533629,0.9778343391897846,1.017401149762705,0.9901880662963674,368,1.1708043566345165,1.1708043851766716,0.8680812691074237,0.8993468841263694,0.8493522155566524,288
d817c83714e1,248,0.9018149737702157,0.9018149884218991,0.859738600041087,0.9253705513911074,0.9129110715283177,337,0.9825211619200456,0.9825211810118849,0.889207276712993,0.9245736303531138,0.8996073763774481,328,1.4253075265915784,1.4253075434982507,1.1057596701548211,1.0464044922935811,0.9821374632225023,272
d817c83714e1,251,0.8699500133019603,0.8699500284814726,0.8436902586040678,0.8935191817847117,0.8816252483793574,333,0.9852476878946993,0.985247702732656,0.8910199763400901,0.9260160172208919,0.9008408714363555,324,1.3239153988972323,1.3239154234117063,0.964543052725225,0.9955075762892903,0.9374113201140312,288
d817c83714e1,252,0.9300285112969271,0.9300285270242851,0.8939859455823025,0.9676609204475312,0.9568120809536139,510,1.0260255951415216,1.026025610434996,0.9440459333079647,0.9922676527433076,0.9696225495702473,496,1.0664874046672148,1.0664874214237539,0.9528670198119416,0.8925214787209954,0.8532258026093212,464
d817c83714e1,253,0.9072593408791275,0.9072593578955008,0.860603272039352,0.9231594004331749,0.9094799152121927,277,0.9070080061656387,0.8833532377227088,0.8263090645923118,0.8277598457726515,0.8243487313559157,280,1.2127771900184563,1.212777207213122,0.964543052725225,0.9260160172208917,0.8738134783082554,288
d817c83714e1,256,0.9122525956802642,0.9122526092778896,0.8746702660021188,0.9451091259057117,0.9338538135813376,441,0.9586850917766566,0.958685108964731,0.8798602214147272,0.923265901862728,0.9015986564870705,436,1.1211451356615063,1.1211451515570197,0.9315453994284615,0.9179688879438707,0.8747826675983029,416
d817c83714e1,260,0.9404865008669842,0.9404865172772677,0.9120975768692625,0.9659666830104993,0.9531083766263324,360,1.0424309888663899,1.0424310091223656,0.9767538519829017,0.9809500712283037,0.9544614846931462,348,1.2724761530825304,1.2724761735177368,1.0328891308324937,1.003656275212432,0.9513708876255563,368
d817c83714e1,263,0.8443465028491657,0.8443465166117954,0.8105051610210172,0.8764733011404181,0.8663149063406379,432,0.9532940997757563,0.9532941132914898,0.8744379486543448,0.9172487661851352,0.8955956969235667,428,1.1211451356615063,1.1211451515570197,0.9315453994284615,0.9179688879438707,0.8747826675983029,416
d817c83714e1,264,0.9396343690106855,0.9396343831616998,0.8930085817488074,0.9591528024176513,0.9454308467519168,309,1.0542495465222175,1.054249558469827,0.94644988158997,0.9789558834767322,0.9505576341438445,300,1.4253075265915784,1.4253075434982507,1.1057596701548211,1.0464044922935811,0.9821374632225023,272
d817c83714e1,266,0.8499209968229147,0.8499210125606015,0.8151165191357038,0.880914254988291,0.8704855371967374,416,0.9498898157053112,0.9498898327356968,0.8717881092916563,0.9147955724878406,0.8933271091798497,432,1.1431621365632298,1.1431621467838171,0.9413249113751818,0.9225713057860768,0.8773530644542067,384
d817c83714e1,267,0.9186990421700141,0.9186990590887848,0.8786911368396617,0.9478661711071191,0.9359426089066629,396,0.993172917035419,0.9931729375146666,0.9059167831759577,0.9467744957880824,0.9230737423081842,392,1.1433285346948794,1.1433285590611555,0.9377115811450307,0.9168269510184571,0.8710979576396682,368
d817c83714e1,269,0.9209105847155846,0.9209106002887528,0.8852213774883583,0.9581740486784376,0.9474315703560294,505,1.0012023952590656,1.0012024101825365,0.9212061123408366,0.9682611772737115,0.9461639394999994,484,1.1907938922533645,1.1907939028998096,0.9805467826824812,0.9610117768604968,0.9139094421397986,400
d817c83714e1,270,0.73874488654802,0.7387449022919302,0.7137372183908224,0.7752556154182578,0.7676517302372988,535,0.8271215157634514,0.8271215316180591,0.7699682446671562,0.8155794385443071,0.7994293466142093,544,0.9432876901559158,0.9432877047511652,0.8152604943534595,0.8231253486407927,0.7917447034360445,576
d817c83714e1,273,0.7816137468793986,0.7816137602884148,0.7486942336117136,0.8084584202477324,0.7986183000898532,361,0.8353204574048854,0.8353204718519681,0.7641423839184875,0.8001229898860531,0.7806808598078927,352,1.2001595477065283,1.200159555542219,0.9710384578239459,0.94174072686135,0.8920335692972129,336
d817c83714e1,277,0.805190891589757,0.8051909077343304,0.7857060575515518,0.8402544797047802,0.8312400938243679,484,0.888711446657212,0.8887114640525768,0.8225969971405173,0.8680314872983265,0.8495557802830599,500,0.9240207162045382,0.9240207293052359,0.8080933401270554,0.8219731281779731,0.7929187282641894,672
d817c83714e1,279,0.9414440353643367,0.9414440513950889,0.8912846038261181,0.9548079415560954,0.9401578789363103,267,0.8267559507064746,0.8267559655292177,0.805929306277077,0.7962109612394166,0.7775254468787581,376,1.1790403893488048,1.1790404039298135,0.9641786209295972,0.9410537437864376,0.8935238098832523,368
d817c83714e1,280,0.9527595474672367,0.9527595635437788,0.9046383868897981,0.971030684724685,0.956894685038137,302,1.064715228548439,1.0647152436438931,0.9585572311415079,0.9932974005619688,0.9651793032211425,320,1.4796776500174416,1.4796776745955886,1.1343099948086781,1.0661169131298134,0.9981192986229458,256
d817c83714e1,281,0.8827697403563849,0.8827697551012157,0.8510884707196493,0.92310771785841,0.913515030976566,567,0.9353878833909255,0.9353878991079358,0.8906881202145862,0.9167525586205286,0.8977286074759661,556,1.1689103329366752,1.1689103457549994,0.9769594030704232,0.9661684525238934,0.9219694907213377,464
d817c83714e1,282,0.8797306942172338,0.8797307110211279,0.8354617048252188,0.8968960013172155,0.8838865803840393,281,0.8879392742754697,0.8879392876479493,0.8030180033682294,0.8345576451496927,0.8118689335167154,292,1.0604786408764102,1.0349032168218641,0.8598880610108874,0.8473558965635729,0.8241532088748604,384
d817c83714e1,283,0.8412379097159499,0.8412379229333921,0.8047677605281108,0.8682439941046007,0.8573703886351578,366,0.9145229920246686,0.9145230072153292,0.8336567768686779,0.870900100093329,0.8489614291921137,356,1.1618260528144841,1.1618260714727164,0.9430726846731465,0.9163818164983076,0.8686429843537686,336
d817c83714e1,284,0.8639518830667492,0.8639518962037341,0.8303747952370836,0.8987369547400691,0.8886325288322112,471,0.9599555753855455,0.9599555917315092,0.8847563921902449,0.9309922321141422,0.9101514826677561,484,1.2022380906391712,1.202238111820284,0.9315453994284615,0.9744974909077199,0.9273122626944751,416
d817c83714e1,286,0.9618913880073424,0.961891405611149,0.9171647856296472,0.9872923142035337,0.9740436956502305,362,1.0663949196449276,1.0663949403665582,0.9651152149689805,1.0035006475783799,0.9764031280194255,356,1.2801537005750372,1.280153718724962,1.0181287778766264,0.9774613515109412,0.9223586715476029,304
d817c83714e1,288,0.948846701856982,0.9488467183914672,0.8994166142937663,0.9643335517215352,0.9498608946736533,282,1.051175952546438,1.0511759694276956,0.9444887895305524,0.9774613515109412,0.9493105999111681,304,1.2815656405965272,1.2815656564454494,1.0480202401408665,1.022884504115693,0.9712215324817961,400
d817c83714e1,290,0.8928787437747456,0.8928787564339145,0.8489582301820525,0.9121200722015751,0.8991826903663384,299,1.0247884074778728,1.0247884220072472,0.9226113349737014,0.956048748040895,0.9289850793503501,308,1.4253075265915784,1.4253075434982507,1.1057596701548211,1.046404492293581,0.9821374632225023,272
d817c83714e1,292,0.8830301323967168,0.8830301471745038,0.8406365732105666,0.9039393919520609,0.8914211486908884,311,0.9996211996652911,0.9996212120274505,0.9016785679793783,0.9355175912714113,0.909479953177564,312,1.1482183780784236,1.115067960812347,0.8947788532394707,0.8635546996351489,0.8360845475763672,288
d817c83714e1,295,0.9308660124950746,0.9308660283457059,0.8812701700752629,0.9440797624374876,0.9295943072628686,264,1.0154901954491722,1.015490212916324,0.9057049739368306,0.9328686586346145,0.9043072399412354,256,1.1559981640761265,1.1559981844425808,0.954493673566653,0.9370168181804999,0.8916464064369954,400
d817c83714e1,298,0.9676067764198,0.967606791694591,0.9236970630919404,0.9951167542711674,0.9820798980546175,383,1.0947196532163326,1.0947196697029513,0.9900221959334335,1.0289066858009905,1.0009343015959506,360,1.414906721688199,1.4149067417486425,1.1253002281794293,1.0803520200910404,1.019449058026298,336
d817c83714e1,307,0.816966221688281,0.8169662355036856,0.7853053012173952,0.8500237105107724,0.8404937495435667,448,0.926732795611697,0.9267328094251578,0.852686649439452,0.896241750864923,0.8757881092892557,448,1.0589905252970795,1.0589905453442345,0.8363009620822509,0.8785995006582119,0.8388609391759249,432
d817c83714e1,309,0.8804087775488991,0.8804087927757961,0.841646395921945,0.9075953290298456,0.8960544335137209,371,0.9659006882058297,0.9659007042498983,0.8804914272545586,0.9198270720086845,0.8966558915062773,376,1.2389643882700017,1.238964400902608,0.994198725821634,0.9595052218168321,0.9071942676109392,320
d817c83714e1,311,0.9034151141284158,0.9034151282056205,0.8674610223227249,0.9382530829367165,0.9274541956644464,469,1.0067498436884155,1.0067498579620406,0.9234718523172052,0.9686832764385073,0.9458160163772247,452,1.230303014972666,1.2303030301876314,1.0060994305352318,0.9819691239510653,0.9323726711825242,384
d817c83714e1,312,0.9018055128608784,0.9018055307184872,0.8658721100541705,0.9365024566228655,0.9257108563903572,467,1.0114567482047296,1.0114567663389367,0.9282928941531526,0.9740878781120526,0.9512279403303956,460,1.0982123966043789,1.098212417394021,0.9200095363701504,0.9111402229048121,0.8699298628491073,448
d817c83714e1,313,0.9268818528273659,0.926881866707808,0.8851549165114269,0.9538398000878837,0.9414417373192935,373,1.063518310950036,1.0635183296871742,0.9641786209295972,1.003656275212432,0.9769891473255188,368,1.3175850953286932,1.3175851217470858,1.0609882177979622,1.026079947174687,0.970891481914689,352
d817c83714e1,314,0.9023108118210439,0.9023108296743798,0.8773547402073735,0.9329985937315467,0.9215935593238517,413,0.9618815953393657,0.9618816141074187,0.9088138985677677,0.9243172934527181,0.902313721732756,424,1.248478017202216,1.2484780391979873,1.0308531674519852,1.0119781636349403,0.9629781189519547,432
d817c83714e1,315,0.8305410532749117,0.830541066407869,0.7800794404451742,0.831229445680886,0.8167191192563914,179,0.9147087114199298,0.9147087263294451,0.8110399656987515,0.832224482946,0.8055547512242874,208,1.176813687908651,1.1768137096992943,0.8573716024224223,0.8848956233682581,0.8332545067680277,256
d817c83714e1,316,0.8804156556268128,0.8804156701512543,0.841952296671987,0.9081449981429073,0.8966850640620512,377,0.9672057050681565,0.9672057227692217,0.8803237018881855,0.9187259849442968,0.895225251478162,364,1.230303014972666,1.2303030301876314,1.0060994305352318,0.9819691239510653,0.9323726711825242,384
d817c83714e1,317,0.9419551061338751,0.9419551214377105,0.8980058967788209,0.9665591516013944,0.953545095483584,352,1.018467058087852,1.0184670778781735,0.9542997404430649,0.9583994948782278,0.932519841366867,340,1.2801537005750372,1.280153718724962,1.0181287778766264,0.9774613515109412,0.9223586715476029,304
d817c83714e1,318,0.9243389051563993,0.9243389182616082,0.8848709574325023,0.9551101776362321,0.9433268204622502,415,0.9688364886635564,0.9688365001556736,0.8870031766070385,0.9292651650385072,0.9068773445196486,416,1.230303014972666,1.2303030301876314,1.0060994305352318,0.9819691239510653,0.9323726711825242,384
d817c83714e1,320,0.9549943233595587,0.9549943380748553,0.9108011886436068,0.9805977470265801,0.9675010986653062,363,1.0057184027462296,1.0057184204650451,0.9117776089225538,0.9491097385161041,0.9238919110578275,348,1.4253075265915784,1.4253075434982507,1.1057596701548211,1.0464044922935811,0.9821374632225023,272
d817c83714e1,321,0.82284693911921,0.8228469525314025,0.8129767043135543,0.8541556939354538,0.8442559619662234,421,0.8843167010551244,0.884316718786219,0.8130703798021885,0.8541939589732614,0.8345413493598316,420,1.1079692847082196,1.1079693004169264,0.94835857404143,0.9517386843659164,0.9133209034563726,592
d817c83714e1,322,0.9339065340283396,0.9339065482703297,0.8960968205880563,0.9687517409063531,0.9574116479437894,468,1.0319940804754968,1.0319940973941173,0.94835671937904,0.995981671855359,0.9729343652741764,484,1.2092175857965604,1.2092175990568959,1.0106476583487134,0.9994846060592,0.9537615421255217,480
d817c83714e1,323,0.9070795885628506,0.9070796064942369,0.8661882964275714,0.9333605297438141,0.9212123064249929,364,1.0120226891763986,1.0120227094680772,0.9196488509993888,0.9587689560017851,0.9338593800042001,368,1.2801537005750372,1.280153718724962,1.0181287778766264,0.9774613515109412,0.9223586715476029,304
d817c83714e1,325,0.7996679914577728,0.7996680061966035,0.7699483632158057,0.8343438253070303,0.8253687786200168,478,0.8744920635106966,0.8744920806277356,0.809435445186269,0.8541429835015534,0.835962887798531,492,1.0365281423822896,1.0365281555369457,0.8774443558911519,0.8745643674699509,0.8370558942894006,480
d817c83714e1,328,0.8339757589668874,0.8339757718174357,0.7953828561984114,0.8563346716458016,0.8448976536553775,317,0.960920584489892,0.9609205989614794,0.869019483097125,0.9031514242030921,0.8785978869564456,316,1.0955303808730954,1.0955303906678246,0.9021030400678826,0.884130834711657,0.8407966867686147,368
d817c83714e1,329,0.8334647652801094,0.8334647810579625,0.7961890565599732,0.8581506452776398,0.8470683786583575,340,0.8836963743159721,0.8836963889945877,0.8055559866371493,0.8415439169441152,0.820344751803616,344,1.1907938922533645,1.1907939028998096,0.9805467826824812,0.9610117768604964,0.9139094421397986,400
d817c83714e1,330,0.7688820846681538,0.768882098214371,0.7415334257827557,0.8044646131204629,0.7961783314103322,503,0.8411761541285301,0.8411761682625322,0.7802012132098973,0.8244177685436408,0.8073098988093219,500,1.0197686539897803,1.0197686732944482,0.8542945694865683,0.8460587784116114,0.8077920155027426,416
d817c83714e1,331,0.7311177764027843,0.7241069275685343,0.7064389556561316,0.7552373959285605,0.7540328675097968,428,0.8181804793387764,0.818180488090685,0.7554640952465964,0.7959018895405413,0.7784589181001529,432,0.9413249113751824,0.9413249291948753,0.7433786329620009,0.7809773339184106,0.7456541681563781,384
d817c83714e1,332,0.8066365151568925,0.8066365268677277,0.7755008542652171,0.8395037558221743,0.8301288983914534,446,0.8936351957684218,0.893635209088545,0.8222335548166144,0.8642331169054615,0.8445099625289251,432,1.1097582375130814,1.1097582570648776,0.9163139266239868,0.8995361454532799,0.8559805501795157,384
d817c83714e1,334,0.9511783012366303,0.9511783187535396,0.9097559750107608,0.9813765912977742,0.9690314890195246,410,1.0936705801717872,1.0936705975261194,0.993172917035419,1.0349643227816856,1.0078993461616,392,1.1907938922533645,1.1907939028998096,0.9805467826824812,0.9610117768604968,0.9139094421397986,400
d817c83714e1,335,0.8627497533734181,0.8627497652395765,0.8215347090428969,0.883548560102354,0.8713723167388415,307,0.9244299293826808,0.9244299433047143,0.8360187432326771,0.8688545346763924,0.8452334102365804,304,1.2801537005750372,1.280153718724962,1.0181287778766264,0.9774613515109412,0.9223586715476029,304
d817c83714e1,336,0.8896268061550906,0.8896268204419657,0.8517593949186738,0.9194573759604483,0.9081487522520143,402,0.920750958730385,0.9207509746550104,0.8422933095465147,0.8819537502153086,0.8605232204700636,388,1.3175850953286932,1.3175851217470858,1.0609882177979622,1.026079947174687,0.970891481914689,352
1cd37dbd020d,3,0.8607110553099342,0.860711071136081,0.8483920943993425,0.9343842707202726,0.9304852804096104,3593,0.8938659923134745,0.8938660081554205,0.8679910494835277,0.9460959669786266,0.938148515479088,3568,0.9467053134940507,0.9467053303780063,0.8914570806074265,0.9515384396873832,0.9355719551131317,3552
1cd37dbd020d,4,0.8126069264974881,0.8126069403831061,0.8132778146358834,0.8834525950819738,0.8799836663392713,3838,0.8639422791611125,0.8639422936940514,0.8401789999560951,0.9167193202118106,0.9093987951767685,3828,0.8945596545458535,0.8945596681118284,0.8451156758482367,0.9040627047389392,0.8896813893457014,3760
1cd37dbd020d,5,0.742402348733823,0.7424023602208245,0.7387599734485243,0.8027717141568659,0.7988886731617564,2295,0.7445518131863627,0.7445518256798116,0.7285533516409665,0.7825834039954467,0.7751105108214207,2280,0.8476958820604309,0.8476958919684594,0.7892434070797565,0.8360827870528202,0.8195605671227126,2240
1cd37dbd020d,8,0.870382139084944,0.8703821536654343,0.8599002054020828,0.9380194904345726,0.9329567164477839,2152,0.9135173033835837,0.91351731873311,0.8794738345498959,0.9529608483506744,0.9426821952059826,2172,0.9565990203218339,0.956599035831255,0.8850445337308899,0.9336559324540677,0.9136771279226523,2128
1cd37dbd020d,10,0.9044580082254794,0.904458023042827,0.8909050222565567,0.9807390320889776,0.9764553565304137,3441,0.9209661941372982,0.9209662093643738,0.893427093216382,0.9731603614804137,0.9647183724689811,3440,0.9836575603032474,0.9836575758573644,0.9238929685719381,0.9844728630410493,0.9672874485047763,3392
1cd37dbd020d,11,0.8997537553600182,0.8997537708021259,0.8834611745231432,0.9703938406925748,0.9652770544079059,2333,0.9262403712492443,0.9262403858567343,0.8926980863741586,0.968014697104623,0.9578653257248038,2336,1.0072854603287953,1.007285475283899,0.9329225206275138,0.9848512868645464,0.9640456793828983,2304
1cd37dbd020d,12,0.8771871613808484,0.8771871755275478,0.8620150319125095,0.9473822991410203,0.9426094784946727,2496,0.9151226066054086,0.9151226201465358,0.8828935978131414,0.9580606520352324,0.9482886120990051,2444,1.0022431707906607,1.0022431862981132,0.9305117052338827,0.983892018297197,0.9637273730597159,2448
1cd37dbd020d,14,0.828619484009767,0.8286194986084418,0.8294283647986539,0.8971043731672741,0.892950737599191,2800,0.8714433140804005,0.871443329637592,0.8531302379772059,0.9171053529354138,0.9085369651250845,2792,0.914062534460016,0.914062549018565,0.8750885759894459,0.908233997543112,0.8913421763335672,2752
1cd37dbd020d,16,0.8834865821816793,0.8834865968181761,0.8682712867677821,0.954308504567692,0.9495213755613032,2536,0.9018726178821898,0.9018726323039884,0.8708496219336577,0.9455422097415621,0.9361199214982219,2528,0.9405842830576047,0.9405842969754902,0.87605245452536,0.9282735413307593,0.9100196756685343,2512
1cd37dbd020d,17,0.8452860036000521,0.8452860167827331,0.8407471867487526,0.9115739801361523,0.9067546389669155,2180,0.8774702639073735,0.8774702769123907,0.845403825420665,0.9165146057690804,0.9068184256895042,2172,0.9241422190287176,0.9241422308699664,0.8546349725945867,0.9013103784817873,0.8819199910951004,2032
648892945b00,2,0.9713651881740659,0.9713652038833311,0.9171463726823239,0.9807359913930238,0.9649837665512592,250,1.1614993295698433,1.161499344765837,1.0260255951415214,1.050320842486039,1.015715419071577,248,1.3009126076835016,1.3009126209477384,1.0439086621127158,1.0074804829076738,0.9525539809914859,336
648892945b00,3,0.9767396834269145,0.976739698300056,0.9194941259345232,0.9812897028225104,0.9647546404803496,227,1.0297119769200695,1.0297119959868826,0.910625610715735,0.9328522989885867,0.9023682436124866,224,1.2127771900184563,1.212777207213122,0.964543052725225,0.9260160172208914,0.8738134783082554,288
648892945b00,5,0.9322194411040192,0.9322194559808955,0.8855523001512599,0.9508466661730866,0.9371250613492691,301,1.08236286776281,1.0823628800290224,0.9716885450990359,1.0050613737027785,0.9759058377210138,308,1.1618260528144844,1.1618260714727164,0.9430726846731465,0.9163818164983076,0.868642984353769,336
648892945b00,7,0.9572488828096263,0.9572488977646605,0.9055590122546636,0.9696023318316613,0.9545278525669467,264,1.0789583326647456,1.078958351223594,1.001291226006763,0.9911729497992777,0.9608264424375628,272,1.3974662543915228,1.397466280267912,1.100729258087147,1.0508135527498064,0.9894897267870328,304
648892945b00,8,1.0039160462610661,1.003916060020395,0.9507215851820835,1.018693399115087,1.0031474436108159,288,1.0247884074778726,1.0247884220072472,0.9226113349737014,0.956048748040895,0.9289850793503497,308,1.3009126076835016,1.3009126209477384,1.0439086621127158,1.0074804829076738,0.9525539809914859,336
648892945b00,9,0.9836575603032474,0.9836575758573644,0.9238929685719381,0.9844728630410493,0.9672874485047763,212,1.1303093159855457,1.1303093358994123,0.9928090339569833,1.012646935325162,0.9779009877641514,220,1.341465907380309,1.341465923292471,1.0407149836751257,0.9848512868645469,0.9243646712682373,256
648892945b00,10,0.9696655931331583,0.9696656073183473,0.9205087905691837,0.9879338225123521,0.973499218511569,305,1.1076409708989658,1.1076409908536249,0.9931707104675749,1.0264732683516893,0.9963880600079282,308,1.2171511029485071,1.2171511224952265,0.98798090775282,0.9600190458553697,0.9100069359896625,352
648892945b00,13,0.8983739126360476,0.8983739288785112,0.8425930135366542,0.8969874923396131,0.8809922202321158,185,1.027059835338049,1.0270598475207982,0.9009979798050608,0.9182764818168898,0.8864959815824621,196,1.3871977968913514,1.3871978199333643,0.9756702971954302,0.9994846060592,0.9357368424590116,240
648892945b00,14,0.9609205844898924,0.9609206029092158,0.8945219313044903,0.9475114065441216,0.9287487997429784,158,1.1267047410195665,1.1267047584527807,0.973783368255521,0.9831774997653913,0.945695062437498,172,1.2389643882700017,1.238964400902608,0.994198725821634,0.9595052218168321,0.9071942676109392,320
648892945b00,16,0.9446077393246707,0.9446077543992464,0.9136248609317498,0.96348250226841,0.9495785505366349,305,1.0788384776134494,1.078838494938951,0.9693437576760932,1.003184018655966,0.9742924578035672,312,1.3278012032165531,1.3278012245402473,1.0777973539121675,1.0472935045694944,0.9927348392614498,384
648892945b00,17,0.9279016255269477,0.9279016406515044,0.8729491958663751,0.9312088238276763,0.9153564239768796,211,1.0303623084893772,1.0303623219696942,0.9101839956900594,0.9317362312376151,0.9010378717570441,220,1.3012789415312096,1.2576243030866916,0.9756702971954302,0.9232980814355121,0.8901354378447017,240
cb2ec80fbc28,5,0.8631673674111214,0.863167383017056,0.8357258654524355,0.9090886030328219,0.9007091875414819,711,0.9102700713013971,0.9102700884324644,0.8515505912332283,0.904959607952989,0.8882065793275178,692,0.9680217026904682,0.9680217164150089,0.8465739753712007,0.8611147057102574,0.8306767629434361,704
cb2ec80fbc28,6,0.9275208839581708,0.9275209000551852,0.8940210501266717,0.9695152958073219,0.9593767658071979,588,1.0002904224098454,1.000290437261094,0.926443892012045,0.9780120418168762,0.9573509177205172,572,1.137914400511144,1.1379144166444108,0.9739898868533604,0.977461351510941,0.9380052521984364,608
cb2ec80fbc28,7,0.7284430517419882,0.7284430679994732,0.7078899618695313,0.7719897179228676,0.765667353500513,766,0.7791919094826883,0.779191926517147,0.7345611696400655,0.7846729189268249,0.7717457511402744,760,0.8850546106153462,0.8850546290556193,0.7805637152722851,0.7982255071646717,0.7716160459662084,736
cb2ec80fbc28,8,0.8780114066103731,0.8780114197589601,0.860641175580501,0.9270382295181481,0.9188754610517754,795,0.9805467826824815,0.9805467976829884,0.9193856936786335,0.9785394383071109,0.9610117768604971,800,1.0686560805681522,1.068656099395808,0.938655813922966,0.9574116479437893,0.9245609338861068,832
cb2ec80fbc28,9,0.8734164089947019,0.8734164251674451,0.8463826119504377,0.9212303975379812,0.912961188017472,760,0.9226542886532378,0.9226543053346872,0.8653657976862935,0.921230397537981,0.9048028207789292,760,0.9864517666782943,0.986451784057669,0.9062451540853312,0.8837645981019595,0.8534408620487139,768
cb2ec80fbc28,10,0.95728237306211,0.9572823878273964,0.9233573795028962,1.001812255417345,0.991530662865428,631,1.041546824547157,1.041546840662745,0.9670023603410938,1.0224760190147344,1.001520603375783,636,1.1991739530512409,1.1991739782554072,1.0282251041971753,1.0330149619725058,0.9917329442391271,656
cb2ec80fbc28,11,0.8820197745588774,0.8820197870640889,0.8443587931163156,0.9113822417926456,0.90013836362181,396,0.9932765213027607,0.9932765296682442,0.9042949282374191,0.9439081733510629,0.9198270720086845,376,1.1642661024177179,1.164266118924597,0.9673740686372483,0.9532753836340194,0.9084281548136222,432
cb2ec80fbc28,12,0.9312841053374502,0.9312841227656177,0.8914680498227038,0.9621930136467642,0.950307089531448,417,0.9966891821308292,0.9966891993688258,0.91176079899365,0.9546922038413131,0.9314942077253267,420,1.1032628324143605,1.1032628497487107,0.929223291202501,0.9232980814355124,0.882647382009643,480
cb2ec80fbc28,13,0.8376625209071994,0.8376625340684657,0.8131855080745324,0.8861867360291393,0.8786728834951064,820,0.8863805056649533,0.8863805191621654,0.8344307926982898,0.8905095981561109,0.8755042111848107,824,1.0480202401408663,1.048020252572243,0.9193856936786335,0.9370168181805002,0.9045877363086349,800
cb2ec80fbc28,14,0.849577190073373,0.8495772023506107,0.8231012560755673,0.895755360117164,0.8876603241999081,729,0.8910123004485949,0.8910123115769539,0.8351809474272852,0.8887352757359563,0.8727445871412454,720,1.034023182419364,1.0340231970796687,0.9042949282374191,0.9198270720086842,0.8873138149623069,752
cb2ec80fbc28,15,0.8684132857307026,0.8684133018880619,0.8464930343056275,0.9037260749694883,0.8936223539939552,479,1.0197686539897806,0.9978785900422456,0.9170060840276667,0.9630566579097273,0.9597438504837426,468,1.1928996925685103,1.140038278073668,0.9601974009092511,0.9540746841500299,0.9477438876058717,496
cb2ec80fbc28,16,0.9565778613280209,0.9565778759618485,0.9161647015682217,0.9892054136162047,0.9771285906724598,439,1.0485973104029644,1.0485973244472075,0.9586850917766566,1.003441054094933,0.9789094962657925,436,1.1689103329366752,1.1689103457549994,0.9769594030704232,0.9661684525238934,0.9219694907213377,464
cb2ec80fbc28,17,0.9222418513793857,0.9222418657722272,0.8922061600593462,0.9699915441897097,0.9608346376991066,723,0.9831486562505986,0.9831486719095031,0.919427038997655,0.9768795903806727,0.9587110617541275,740,1.0560236756623291,1.0560236906345553,0.9235352458594918,0.9393978607748263,0.9061928323019304,768
cb2ec80fbc28,18,0.8699801535700891,0.8699801673266783,0.8429301103727889,0.9173807234129163,0.9091089449387975,750,0.9119085078947077,0.911908521845179,0.8550286951211291,0.9100416776256129,0.8937409524802622,744,0.9851390257324145,0.9851390374179085,0.8642225520579155,0.8807958090896699,0.8503124721301171,752
cb2ec80fbc28,19,0.7599092290447153,0.7599092370167178,0.7333403387857904,0.7959191337510847,0.7878590389599309,515,0.8037339957518763,0.8037340071471578,0.7469284774140835,0.7902824363760346,0.7742836704472259,504,1.0120208760449974,1.01202088330517,0.8646803826429229,0.8667967422960969,0.8314510669534807,528
cb2ec80fbc28,20,0.8712187890624074,0.8712188026589642,0.8428448234032274,0.9163267284669041,0.9076764281445225,683,0.924020716204538,0.9240207293052359,0.8839616877377731,0.9163818164983076,0.8990635390330386,672,1.017278384386991,1.0172784012844671,0.8867595629174773,0.9001383636218097,0.8676275208707501,704
cb2ec80fbc28,21,0.8847993236490495,0.8847993385533236,0.8578554527574508,0.9340494341657845,0.9257992469170805,796,0.8811429420430221,0.8811429573713077,0.8284077059350256,0.8832995948463607,0.8681066782590227,784,1.1000246621482594,1.1000246777443285,0.9620158811036373,0.9785394383071109,0.9439508669811775,800
cb2ec80fbc28,22,0.8745625616615434,0.874562576188442,0.847579768053233,0.9225982341876221,0.914342945365615,766,0.9413249113751821,0.9413249257756687,0.8826102659314882,0.9393978607748267,0.9225713057860772,768,1.0403983476685137,1.0403983649500232,0.90691318934742,0.9205960537041238,0.8873463281632672,720
cb2ec80fbc28,23,0.6573402463100946,0.6573402574410238,0.6438682060651678,0.6927378650768948,0.6864228988720625,554,0.7227471202707104,0.7227471317821212,0.6759031205604383,0.7181385096852514,0.7047821859381694,544,0.8554386414163334,0.8554386556255748,0.7118917520166916,0.7569345330456128,0.7295958698231308,592
cb2ec80fbc28,24,0.8683648634671665,0.8683648790818068,0.8394172528820139,0.9121025843825847,0.9032913482386667,649,0.9209684740831657,0.9209684921551682,0.8591528385863356,0.9113355279300497,0.893795360150281,644,1.0460654464067178,1.0460654664581335,0.9087423492769937,0.9204698137719199,0.8864838551586725,688
cb2ec80fbc28,25,0.8881567703912673,0.8881567826834633,0.8541067956492848,0.9247691814751711,0.9145112902503173,498,0.9400140206709321,0.9400140353184283,0.8673823719374386,0.9134097188859384,0.893235130628453,488,1.1747318946999283,1.1747319096085387,0.994436936676639,0.991172949799278,0.9486633468613208,544
cb2ec80fbc28,26,0.890261070367245,0.8902610850679296,0.8565481414777816,0.9277220814093896,0.9175558793613207,512,0.9939492513651654,0.9939492668530922,0.9171502129502425,0.9658184732482462,0.9444863266481183,516,1.111712424183585,1.111712446474104,0.9429825017694149,0.9410520578024062,0.9011201495053884,528
cb2ec80fbc28,27,0.737560182038004,0.7375601980718057,0.7158770062588761,0.759127637134863,0.7492792003967852,298,0.8040483617996349,0.8040483770206226,0.7580120022492707,0.7683537909080098,0.7494057425546348,328,1.0480202401408665,1.048020263581695,0.8214370860447772,0.861524631763758,0.8214649429840167,400
cb2ec80fbc28,28,0.7323843874096564,0.7323843999420178,0.7118996383644925,0.7764976450969409,0.7701931260078473,784,0.8052519909225858,0.8052520047734911,0.7598573134992178,0.8122190867213365,0.7990458188489319,812,0.9147087114199298,0.9147087263294451,0.8110399656987515,0.8322244829460003,0.8055547512242874,832
cb2ec80fbc28,29,0.8965864511022761,0.8965864648533959,0.8669747543647307,0.9422529508108679,0.9332338415105899,683,0.9768184486443268,0.9768184648697441,0.9109304227249738,0.9660290550020414,0.9473463264260011,676,1.1887377782920905,1.1887377919465,1.0217383430019105,1.028041309089463,0.9875303693469645,672
cb2ec80fbc28,30,0.9083877138978924,0.908387729365767,0.8717198335787254,0.9424785241937074,0.9314781743089376,458,1.0205181199832831,1.0205181360175577,0.9348490839725601,0.9797552554016312,0.9562923412577714,444,1.1766561392189772,1.176656161493594,0.9857245032537325,0.9762216673980129,0.9320677101954721,480
cb2ec80fbc28,31,0.9229489341983791,0.9229489504589564,0.8994224593783542,0.9598452971590015,0.9490107685666995,499,0.9758226096894388,0.9758226263055837,0.8993804647884308,0.9463805334714003,0.9251953088275537,492,1.249524838656446,1.2495248523587925,1.044335913627004,1.0328007595945066,0.9855535935297058,496
cb2ec80fbc28,32,0.8347950182692663,0.8347950344000054,0.8023128133084653,0.8683363871137628,0.8585623730662408,454,0.8555082469938732,0.8555082649748942,0.7910160843091668,0.8341143239612233,0.8161294969321656,468,1.0789583326647454,1.0789583510370682,0.9194716877439888,0.9202337901408006,0.8821602487297171,544
cb2ec80fbc28,33,0.8942266789878129,0.8942266947423599,0.8624195906220916,0.9356099377245944,0.92597281088478,585,0.9061846018290753,0.906184619199197,0.8649433720679491,0.8935392378169247,0.8758453870993911,596,1.1379144005111443,1.1379144166444108,0.9739898868533604,0.9774613515109414,0.9380052521984367,608
cb2ec80fbc28,34,0.8055570697447022,0.8055570828052674,0.7745507018763228,0.838540069796927,0.8292020435454104,448,0.9075193703481008,0.9075193825642911,0.8360178722598544,0.8794220983289738,0.8596249847538039,452,1.0531791497122114,1.0297119930987968,0.867275071789001,0.8617448760064783,0.8396836814110447,448
cb2ec80fbc28,35,0.9042643656881699,0.9042643814457688,0.8802380789215362,0.9610660460419502,0.9536502528227577,1075,0.9414440353643367,0.9414440513950889,0.9085504485264191,0.9548079415560956,0.9401578789363103,1068,1.0201786698650588,1.0201786853360426,0.9119532591950574,0.9406759018710159,0.9123979634803585,1072
cb2ec80fbc28,36,0.9431442526323605,0.9431442686417814,0.9098067999189006,0.9871746949471412,0.9770692554242633,625,0.9528203078637303,0.9528203231654551,0.886646667595594,0.9389337320077387,0.9202484812501471,620,1.1065010026804611,1.1065010227846326,0.9526351138026914,0.959505221816832,0.9220638278840634,640
cb2ec80fbc28,37,0.8367774205271029,0.8367774351357441,0.8182229755520666,0.8961481874521047,0.8903693840591513,1438,0.8546692358051049,0.8546692496068969,0.8166213708177898,0.880302268978581,0.8689856029418247,1408,0.9565770709465284,0.9565770884530764,0.8706498150542494,0.9086300949998539,0.8853876113520284,1440
cb2ec80fbc28,38,0.9361550239297055,0.9361550400322358,0.9004652608685992,0.9751114359897954,0.9643547873013445,531,1.0170643502341228,1.0170643660822338,0.9384792876700156,0.98827936797495,0.9664511249422606,528,1.1741605384881055,1.1741605584815153,1.000601542544929,1.0014308892708712,0.9599979177352805,592
cb2ec80fbc28,39,0.8821174120895839,0.8821174274489927,0.8570209992494413,0.9344686034648754,0.9267523924791998,912,0.9630827298123296,0.9630827455103292,0.90604679570965,0.9665153195178255,0.9500618808101262,876,1.0554331285614573,1.0554331457647441,0.9358153450370208,0.960259018783846,0.9294862514126392,960
cb2ec80fbc28,40,0.8648925506460561,0.864892566525978,0.8354687309016031,0.9073706278858601,0.8984270683351774,620,0.9010565759281006,0.9010565920328398,0.8605527440397628,0.8898086157332303,0.8723967326808928,608,1.1065010026804611,1.1065010227846326,0.9526351138026914,0.959505221816832,0.9220638278840634,640
cb2ec80fbc28,41,0.9468788558936445,0.9468788705941826,0.9106792163906775,0.9860972483678166,0.9751893313725659,534,0.9987824137617729,0.9987824313583897,0.9230718283523677,0.973073647625191,0.9519789318224879,540,1.1747318946999283,1.1747319096085387,0.994436936676639,0.9911729497992775,0.9486633468613208,544
cb2ec80fbc28,42,0.8341682751973326,0.8341682890532632,0.8109514251224569,0.8846238642365079,0.8774764742176271,902,0.8882624694296947,0.8882624824728561,0.8379807099588572,0.8955766743092388,0.8809923069097404,888,1.030362308489377,1.0303623219696942,0.9101839956900594,0.9317362312376154,0.9010378717570439,880
cb2ec80fbc28,43,0.8831397440622895,0.8831397574550816,0.8501382913138426,0.9211072912960477,0.9111453489754603,522,0.9732162635950573,0.973216277393246,0.8990320646778746,0.9474447314257802,0.9267936932902485,520,1.0789583326647454,1.0789583510370682,0.9715577290957609,0.9202337901408006,0.8821602487297171,544
cb2ec80fbc28,44,0.8452088932463092,0.8452089074135621,0.8377829960328954,0.893695672156893,0.8860397957288152,810,0.9326187246271355,0.9326187393741991,0.9154659228155,0.9333917239209948,0.9170980054219814,804,1.0197686539897808,1.0197686695903079,0.938655813922966,0.9179688879438705,0.8871105359610724,832
cb2ec80fbc28,45,0.9441635961121368,0.9441636117029019,0.9084094547313191,0.9838927543072238,0.9731110204945256,543,0.9913840255116857,0.9913840429779572,0.9162342592534612,0.9658656946798193,0.9449272360312102,536,1.250364543402942,1.2503645630485392,1.0531197300295012,1.046404492293581,1.0003336996109289,544
cb2ec80fbc28,46,0.8290438018491253,0.8290438189044884,0.8138526977536062,0.8787300307786392,0.8715542724784638,877,0.9015561527960635,0.9015561679077997,0.849479874031083,0.907117731155159,0.8920492130957588,864,0.9847017352631751,0.9847017564711572,0.9109157119165101,0.8974504763426422,0.8689190582953586,912
cb2ec80fbc28,47,0.7970265034932695,0.797026516293039,0.7755644141065047,0.846565672299992,0.8399461945909323,922,0.8247242224978926,0.8247242345841018,0.7806114710312758,0.8361225416631272,0.8232441252274597,928,0.9363650062762233,0.936365017648575,0.8343269650927273,0.8588164022434607,0.8323194233593649,928
cb2ec80fbc28,48,0.8978991691858811,0.8978991829571343,0.8682441171090421,0.9436325305338706,0.9346002160955248,684,0.9485918297408359,0.9485918471575243,0.8856684892637219,0.9399901927155427,0.9221062601249685,680,1.1529071768572308,1.1529071946958684,0.9964294930986726,1.0060420927831908,0.967687970866277,704
cb2ec80fbc28,49,0.9021610523203295,0.9021610695686844,0.8684105563303202,0.9408765422382402,0.9306893828738521,532,0.9084702464588125,0.9084702617235348,0.8426173102666892,0.890371190027132,0.8718946907140677,540,1.0354052171764776,0.9944369575776549,0.8526744766513162,0.8566465538308586,0.8515009691848884,544
cb2ec80fbc28,50,0.9509466955810659,0.9509467124927352,0.9079359111446812,0.9782416409318295,0.9654676995775612,379,1.0564636855271885,1.056463700505653,0.9609358470288314,1.0024268140333792,0.9766200130414,392,1.2815656405965272,1.2815656564454494,1.0480202401408665,1.022884504115693,0.9712215324817961,400
cb2ec80fbc28,51,0.7399156941372717,0.7399157055165164,0.7146175830333251,0.776024855411861,0.7683380316775428,525,0.8228705194602546,0.822870531126852,0.7647124887810854,0.809098684861178,0.792718995934065,516,1.0472213761144606,1.0472213881433454,0.9001028259778735,0.9056554389597649,0.8699672301389925,592
cb2ec80fbc28,52,0.777516952948207,0.7775169619863721,0.7523643256941277,0.8180846899376016,0.8104130231360612,618,0.8295653252261462,0.8295653335673483,0.775282940338873,0.823362902952957,0.8079058233959078,612,0.9443532166769276,0.9443532265838823,0.8220431388985786,0.8337121356537258,0.8033261049796282,640
cb2ec80fbc28,53,0.9031082030105189,0.9031082171047536,0.8736956588133017,0.9498672382936576,0.9409003091161375,708,0.9752793530342705,0.9752793680331988,0.9102700713013971,0.9658772132124793,0.9474129413063201,692,1.0635183109500361,1.0635183286155794,0.9270668157773627,0.9410537437864376,0.9070651354557843,736
cb2ec80fbc28,54,0.8566302217486127,0.8566302355429408,0.8376790803773557,0.917490300797211,0.9115873310433261,1479,0.8815315441534297,0.8815315576856767,0.8425942173710431,0.9085253121325445,0.8969357484723055,1476,0.9659006882058297,0.9659007042498983,0.8804914272545586,0.9198270720086845,0.8966558915062773,1504
cb2ec80fbc28,55,0.9026579515103752,0.9026579670367322,0.8682452232857304,0.9402204429882773,0.9298486838009198,512,1.0119242536624842,1.011924267284077,0.9321969195109882,0.9805945521190332,0.9585198945042416,504,1.213589115655796,1.213589134723582,1.0221456203227512,1.0156278895790638,0.9709121202106069,528
cb2ec80fbc28,56,0.9321969195109882,0.932196934995221,0.8813747777876957,0.943357578521543,0.928552204463965,252,1.047224264056959,1.0472242820699589,0.9340082543723566,0.9620208042169464,0.9325668411893991,264,1.3744708899359803,1.374470900308769,1.0780241689052943,1.026602244875352,0.9658045416502269,288
cb2ec80fbc28,57,0.8314125589585131,0.8314125723105019,0.8017625124623396,0.8697476828411502,0.8607658325404793,541,0.8644242251855061,0.8644242401874854,0.8036437490474514,0.850510899231186,0.8333795474084156,548,0.9906148152434087,0.9906148266220833,0.8970959484175688,0.8567010909078856,0.8229419744558036,560
cb2ec80fbc28,58,0.8216532279000479,0.8216532391499893,0.7988039881898389,0.8713873953234493,0.864352835991538,890,0.8526866494394519,0.8526866623704237,0.8217631499233623,0.8617448760064781,0.8480367285678175,896,0.9601152754312778,0.9601152890437216,0.8199420174187146,0.8771331773637367,0.8495576099710409,912
cb2ec80fbc28,59,0.8119531594936668,0.8119531768523588,0.7830413009904805,0.8494719074668967,0.8407126912031158,530,0.9093966901545548,0.9093967096645118,0.8429782157010628,0.8904033010967044,0.8717895749970751,532,1.0531197300295012,1.0531197553385394,0.8991166535678456,0.9008953992675361,0.8640035070334035,544
cb2ec80fbc28,60,0.8868848414670647,0.8868848581580274,0.8740671112649904,0.9497268607516517,0.9435885611884571,1517,0.9080860630429236,0.9080860777073282,0.8816387624340843,0.9353211607897428,0.9232972031256884,1496,1.030977509797925,1.0309775286660934,0.9383670228918021,0.9793013246109536,0.9542510922349638,1552
cb2ec80fbc28,61,0.8143155816601518,0.8143155964555655,0.8051237613962319,0.8487364593175278,0.8394612106532828,471,0.890753017717999,0.8907530346989291,0.8223146462873298,0.8662199919179734,0.8471927497078232,468,1.0106476583487134,1.0106476786128216,0.8572568197903772,0.8555018707294598,0.8192001359139893,480
8d30b4e1cb69,8,0.9432711477921326,0.9432711611657616,0.8885539210180257,0.9486768899873901,0.9328522989885871,224,1.0865638889524338,1.0865639031680412,0.9598303954549716,0.9825582074869399,0.9501853920347008,232,1.2127771900184563,1.212777207213122,0.964543052725225,0.9260160172208917,0.8738134783082554,288
d2ace304cb40,8,0.9264283695373466,0.9264283867741119,0.8906269090961889,0.9641002595185981,0.9533215509204823,511,1.0260255951415216,1.026025610434996,0.9440459333079647,0.9922676527433076,0.9696225495702473,496,1.2384256479434992,1.238425659015802,1.0197686539897803,0.9994522479349167,0.9504658198253907,416
d2ace304cb40,9,0.9215194433925288,0.9215194581164293,0.8839423212384001,0.9554133511009198,0.9441498181804902,455,1.0067498436884155,1.0067498579620406,0.9234718523172052,0.9686832764385073,0.9458160163772247,452,1.2384256479434992,1.238425659015802,1.0197686539897803,0.9994522479349167,0.9504658198253907,416
d2ace304cb40,10,0.9676067764198,0.967606791694591,0.9236970630919404,0.9951167542711674,0.9820798980546175,383,1.0070028451507589,1.0070028618775533,0.9179591475632631,0.9589686495409688,0.9348114613576088,392,1.2815656405965272,1.2815656564454494,1.0480202401408665,1.022884504115693,0.9712215324817961,400
d2ace304cb40,11,0.9295629753944544,0.9295629911733397,0.8967055820000684,0.9729593793399026,0.9629994581461538,616,0.971688545099036,0.9716885619625749,0.9033659660825365,0.9560487480408952,0.9367916080357371,616,1.1267047410195665,1.1267047584527807,0.973783368255521,0.983177499765391,0.945695062437498,688
d2ace304cb40,13,0.8846379077923385,0.88463792104016,0.844812735329941,0.9103672086629668,0.8985342050554115,356,0.970221752014765,0.9702217657704977,0.882492104414233,0.9205960537041238,0.8968959303441429,360,1.217151102948507,1.2171511224952265,0.9222578113239625,0.9600190458553697,0.9100069359896622,352
d2ace304cb40,14,0.8531825737377527,0.8531825902237941,0.8199849017073303,0.8874627392528323,0.8774734385522817,464,0.9212061123408366,0.9212061299023113,0.8504279675279223,0.8958343506160235,0.876156604398689,484,1.0365281423822896,1.0365281555369457,0.8774443558911519,0.8745643674699509,0.8370558942894006,480
d2ace304cb40,15,0.8630128458186785,0.8630128613370808,0.8342436488580878,0.9064809968054963,0.8977240672017567,645,0.918904823957145,0.9189048380890832,0.8576533041741488,0.9100461604256311,0.8926491874735849,652,1.1079692847082196,1.1079693004169264,0.94835857404143,0.9517386843659164,0.9133209034563726,592
d2ace304cb40,16,0.8831397440622895,0.8831397574550816,0.8501382913138426,0.9211072912960481,0.9111453489754603,522,0.9022822204491049,0.9022822361081052,0.8604830105851345,0.8877595517522598,0.8698779217474703,572,1.138282013394669,1.1382820246070862,0.9681883773454034,0.9678545880590324,0.9273923227754053,560
d2ace304cb40,17,0.9045433113325367,0.904543326453517,0.8673906456561945,0.9373259004810379,0.9261964136431464,440,0.9762756439193476,0.9762756614227996,0.9232141930909422,0.9402065606125026,0.9181417511015123,444,1.2505080359301415,1.2505080536597526,1.0390314070548223,1.0238883750143173,0.975719129244261,464
d2ace304cb40,18,0.9210238433782034,0.9210238596048643,0.8951348597379482,0.9762633357635768,0.9682978508377325,976,0.9722872976189901,0.9722873118959641,0.9172491554955058,0.9802933867438963,0.964329417022824,972,1.0865638889524338,1.0865639031680412,0.9598303954549716,0.9825582074869399,0.9501853920347008,928
d2ace304cb40,19,0.8462225408798446,0.8462225560045257,0.8165729793501357,0.8862075245638817,0.877214237748742,571,0.8974952577297072,0.8974952721429448,0.8351639578642369,0.8844149991814828,0.8668146984678805,584,1.0480974335065731,1.048097449723517,0.9058449937260661,0.9145837207119919,0.8797163371511606,640
d2ace304cb40,20,0.8546788916718909,0.8546789080124378,0.8227047375760929,0.8913567242257013,0.881705731143649,504,0.9023598915445458,0.9023599049418259,0.8357430913954811,0.8822626111494897,0.8636242544471797,516,1.0480790531023694,1.0480790679619574,0.8970959484175688,0.9002933500758667,0.8639522059722441,560
d2ace304cb40,21,0.9264283695373466,0.9264283867741119,0.8906269090961889,0.9641002595185981,0.9533215509204823,511,1.0234237126011188,1.0234237300278073,0.9432526825829883,0.9925454375431758,0.9703267873069465,516,1.1032628324143605,1.1032628497487107,0.9857245032537325,0.9232980814355124,0.882647382009643,480
d2ace304cb40,22,0.893462175823635,0.8934621914134043,0.8522560969464144,0.9176683488599742,0.9054529577950158,342,1.0460654464067178,1.0460654621605978,0.9460212094475031,0.983177499765391,0.9564483326361305,344,1.1930384709859614,1.1930384964116405,0.9784816498904669,0.9566889923670858,0.9089717818848713,384
d2ace304cb40,23,0.8800407374575271,0.880040750920482,0.8519319437737325,0.9266193907507305,0.9180388424438347,718,0.9287517049497336,0.9287517186526388,0.8692374614154188,0.9240382782416756,0.9070432887196921,716,1.0340231824193642,1.0340231970796687,0.9042949282374191,0.9198270720086842,0.8873138149623072,752
d2ace304cb40,24,0.8182041604685207,0.8182041742410482,0.7831128739369974,0.8451606654409008,0.8346880948285291,364,0.9343366666570767,0.9343366806491578,0.8529893392632111,0.8919665076047265,0.8698336513430998,376,1.1642661024177179,1.164266118924597,0.9673740686372483,0.9532753836340194,0.9084281548136222,432
d2ace304cb40,25,0.8999240472174777,0.8999240609846093,0.8619043775573476,0.9306192159988441,0.9192576490836581,413,0.9502050177277187,0.9502050289988335,0.8699454232107492,0.911394681095459,0.8894373955865784,408,1.1642661024177179,1.164266118924597,0.9673740686372483,0.9532753836340194,0.9084281548136222,432
d2ace304cb40,26,0.8691009251264145,0.8691009412192494,0.8384599918548032,0.909819736607104,0.9005299329486615,579,0.9061846018290753,0.906184619199197,0.8435681504073991,0.8935392378169247,0.8758453870993911,596,1.1114295174621258,1.1114295408220847,0.9529891209632357,0.9574285013403709,0.9191671190508983,608
d2ace304cb40,27,0.837592772458423,0.8375927880423478,0.8164504840275573,0.8716522894277737,0.8619071556267376,462,0.9212061123408366,0.9212061299023113,0.8504279675279223,0.8958343506160238,0.876156604398689,484,1.1286030800767899,1.128603092453103,0.9432711477921326,0.9328522989885867,0.8901774393171537,448
d2ace304cb40,28,0.9072608166272514,0.9072608322664611,0.886646667595594,0.9504879968086054,0.940901106253535,620,0.948480606240106,0.9484806231924631,0.8837322007303415,0.9366406481402425,0.9183123501904136,640,1.1604344978565644,1.1604345111858692,0.997411239597103,1.0035641350635232,0.9640177415053699,656
d2ace304cb40,29,0.8493029722591368,0.849302985138795,0.8175659429876418,0.8858158241965827,0.8762355654898105,502,0.9314189294147704,0.9314189413492575,0.8613643818276148,0.9084073105958174,0.8888642429934871,512,1.0236850818730105,1.0236851033887624,0.8335557245773549,0.8818420407082364,0.8466012938626695,560
d2ace304cb40,30,0.8175122401941448,0.8175122515293872,0.7884651708987962,0.8554025920036077,0.8466010183866688,536,0.9119532591950575,0.9119532715228745,0.8454952275537067,0.8931650516826386,0.874533922572548,536,1.0732373269149738,1.0732373374866813,0.9128633272113804,0.9125486115985163,0.8743984757596679,528
d2ace304cb40,31,0.8858010820723129,0.8858010971083611,0.8544905464838314,0.927154473494355,0.917663444694468,587,0.9464498815899701,0.946449898015495,0.8799019150154577,0.9312163130268456,0.9124593584763674,600,1.1747318946999283,1.1747319096085387,0.994436936676639,0.991172949799278,0.9486633468613208,544
d2ace304cb40,32,0.8970152137504027,0.8970152291154673,0.8668612384214172,0.9417354249206289,0.9325622871209676,659,0.9825984394647074,0.9825984557861331,0.9163205435695002,0.9717452032564912,0.9529519259906519,680,1.1263047465912719,1.0866382922811355,0.9472204422073055,0.9615114338687514,0.9563049062378566,752
d2ace304cb40,33,0.8633851420530998,0.8633851587709528,0.8315928322540765,0.901363263308362,0.8917555024975669,526,0.980702542545789,0.9807025564501173,0.9059476959446275,0.9547327678213636,0.9339228755463274,524,1.1424264698803186,1.1424264893333664,0.9735582576112822,0.9743651895608476,0.9340520280667591,576
d2ace304cb40,34,0.8463401308110522,0.8463401464195847,0.8189072484881489,0.8904000100392823,0.8820339512985254,670,0.9262720219822279,0.926272038989112,0.8648292306928108,0.9178727764163536,0.9004096422396747,664,1.0635183109500361,1.0635183286155794,0.9270668157773627,0.9410537437864376,0.9070651354557843,736
d2ace304cb40,35,0.8756836896555135,0.8756837038530473,0.8419781067271633,0.9115379776587129,0.9013870428719084,487,0.9400140206709321,0.9400140353184283,0.8673823719374386,0.9134097188859386,0.893235130628453,488,1.044335913627004,1.0443359345665824,0.885832047116723,0.8840185997537752,0.8465068071111224,496
d2ace304cb40,36,0.9235039874912748,0.9235040040485942,0.8843167010551244,0.9546922038413136,0.9429862119991577,420,0.964793797949144,0.9647938183501505,0.883092750495095,0.9250245698658403,0.9026831782796694,412,1.1559981640761265,1.1559981844425808,0.954493673566653,0.9370168181805003,0.8916464064369954,400
d2ace304cb40,37,0.8407259375099101,0.8407259523218769,0.8108218373370093,0.8796332747838065,0.8705727281822722,550,0.8875721203192319,0.887572136903358,0.8459268729737462,0.8719032832387847,0.8541249104022588,548,1.1079692847082196,1.1079693004169264,0.94835857404143,0.9517386843659167,0.9133209034563726,592
d2ace304cb40,38,0.8742383292336815,0.874238342190798,0.8422899991760215,0.9131388613647744,0.903478394655657,541,0.9170852543182515,0.9170852685080773,0.8514486191682586,0.9002933500758667,0.8818420407082367,560,1.1401809566205188,1.1401809710906403,0.9651887914802673,0.9620208042169458,0.9207614837183408,528
d2ace304cb40,39,0.9068483110079416,0.9068483275380824,0.8690521705256455,0.9387170037123334,0.9274089247321815,428,1.0061814600558847,1.0061814774580526,0.9204442351745419,0.9637845105445642,0.9403655811322345,424,1.2860574036336336,1.2860574151317943,1.0589905252970795,1.0378927190093366,0.9870221975109825,432
d2ace304cb40,40,0.7931614320797654,0.793161442242727,0.7624591331655464,0.8253214590526078,0.8160791750702241,436,0.9048679963998572,0.9048680065789002,0.8321435592824641,0.8743548103574916,0.8542861674350551,432,1.1286030800767899,1.128603092453103,0.9432711477921326,0.9328522989885867,0.8901774393171537,448
d2ace304cb40,41,0.847164830177228,0.8471648455694842,0.8151725968573986,0.8829742358080438,0.8733248263696572,490,0.8575382770773573,0.8575382926580901,0.8160162211633931,0.8390366910107299,0.8214046287439304,496,1.10326283241436,1.1032628497487107,0.929223291202501,0.9232980814355124,0.8826473820096425,480
d2ace304cb40,43,0.8919998615203061,0.8919998762497029,0.8582210870666054,0.9295340385996425,0.9193479806881983,513,0.9278291249738088,0.9278291400167812,0.8584266530171789,0.9055760547862761,0.8861981165565574,516,1.0710790804616994,1.071079094054844,0.9066925010875236,0.9037165130522827,0.8649577574323807,496
d2ace304cb40,45,0.9000581299638659,0.900058143613225,0.8664244654769431,0.9387530248457808,0.9286002407182852,532,0.9565990203218339,0.956599035831255,0.9093966901545548,0.9336559324540681,0.9136771279226523,532,1.105759670154821,1.1057596810468837,0.9405258522783919,0.9402015998287744,0.9008953992675365,544
d2ace304cb40,46,0.8932110485560507,0.89321106301679,0.8639523973404544,0.9391486588257586,0.930232111932514,692,0.924691168581644,0.9246911833094785,0.864758404246443,0.9187948579796598,0.9017066202444225,696,1.0866382742315588,1.0866382922811355,0.9472204422073055,0.9615114338687515,0.9267839427483013,752
d2ace304cb40,48,0.9030207535078367,0.9030207676348663,0.8655458619364038,0.9350487966045725,0.9238326751870078,430,1.0113242630464974,1.0113242789363184,0.9264270201529875,0.970928631479094,0.9476770949401344,440,1.2505080359301415,1.2505080536597526,1.0390314070548223,1.0238883750143173,0.975719129244261,464
d2ace304cb40,49,0.9217413460335919,0.9217413622728942,0.8889555780258483,0.9643979358084278,0.9544642819889271,603,0.928602317668336,0.9286023314089235,0.886646667595594,0.9164484006768643,0.8984270683351777,620,1.1406776626584976,1.1406776866331922,0.9780677820412156,0.9826239882177494,0.9433557274469746,624
d2ace304cb40,50,0.7926120760008597,0.7926120883063663,0.7623101305742188,0.8254409550944081,0.8163101706433276,447,0.8890245777851697,0.8890245885057106,0.8199420174187146,0.8631802415779568,0.8440092228944356,456,1.0710790804616994,1.071079094054844,0.9066925010875236,0.9037165130522827,0.8649577574323807,496
d2ace304cb40,51,0.9205784444279332,0.9205784577929896,0.8850446969080616,0.9580883670705983,0.9473892584781385,509,0.9732162635950573,0.973216277393246,0.8990320646778746,0.9474447314257802,0.9267936932902485,520,1.1768136879086508,1.176813706398625,0.9359406462838954,0.9848512868645466,0.9414905408102855,512
d2ace304cb40,52,0.9099690728179738,0.9099690882061142,0.8747038957756254,0.9467898025555256,0.9361749576389281,499,0.9543920842612497,0.9543921010757946,0.8820464137589291,0.9298259299529603,0.9096687570748218,516,1.1401809566205188,1.1401809710906403,0.9651887914802673,0.9620208042169461,0.9207614837183408,528
d2ace304cb40,53,0.9048035637367299,0.9048035785959831,0.8718264872783434,0.9452253446351433,0.9352518003512406,563,0.9488467018569819,0.9488467178001363,0.9035037766205514,0.9299432429172271,0.9106455658569151,564,1.1106924012725323,1.1106924201852173,0.9465149726776355,0.947299489850824,0.9081061383982383,560
d2ace304cb40,54,0.8733750245559252,0.8733750405124746,0.8421130626905622,0.9134338949130598,0.9039663317194907,564,0.9149015522036378,0.9149015680816451,0.850571851181609,0.9001757692592841,0.8820440465271551,580,1.0789583326647454,1.0789583510370682,0.9194716877439888,0.9202337901408006,0.8821602487297171,544
d2ace304cb40,55,0.8314128390081441,0.8314128542733595,0.8031280058344443,0.872246603580601,0.8636492463351059,596,0.8974952577297072,0.8974952721429448,0.8564378639483787,0.8844149991814828,0.8668146984678805,584,1.0780241689052947,1.0780241841894418,0.9227272612294993,0.9260160172208912,0.8886365547143085,576
d2ace304cb40,56,0.8703144353778116,0.8703144499146024,0.839080167781806,0.9100832703401256,0.9006259300104064,559,0.9793053086529954,0.9793053231926794,0.9070080061656385,0.9574943066738647,0.9372666327333734,560,1.1604344978565644,1.1604345111858692,0.997411239597103,1.0035641350635232,0.9640177415053699,656
d2ace304cb40,57,0.858213037010116,0.858213052130172,0.8247242224978925,0.8925214787209954,0.882446887003905,464,0.9769594030704232,0.976959422659061,0.8982491814957511,0.9436809451514125,0.9219694907213377,464,1.2092175857965604,1.2092175990568959,1.0106476583487134,0.9994846060592,0.9537615421255217,480
d2ace304cb40,59,0.8109547186525862,0.8109547312890538,0.7786803633216784,0.8422271810583316,0.8325335103938846,421,0.9476813505953022,0.9476813604305954,0.8688119958859657,0.9110182418727236,0.8893845843631785,420,1.1286030800767899,1.128603092453103,0.9432711477921326,0.9328522989885867,0.8901774393171537,448
d2ace304cb40,60,0.8457248345237454,0.8457248521052639,0.8123583727468475,0.8788692231969207,0.8688403884168844,447,0.9202879896258123,0.9202880052963229,0.8481962106947802,0.8925214787209954,0.872541917268262,464,1.0982123966043795,1.098212417394021,0.9200095363701504,0.9111402229048123,0.8699298628491077,448
d2ace304cb40,61,0.8437746628677384,0.8437746756979144,0.8109817533101028,0.877747344332127,0.8678789028934549,460,0.9316128049591125,0.9316128174996263,0.858213037010116,0.9027695876651417,0.882446887003905,464,1.1400382601615053,1.140038278073668,0.9601974009092511,0.9540746841500295,0.9120689614099641,496
d2ace304cb40,62,0.7686558720665454,0.7686558832259737,0.7389862400509355,0.7999755520727,0.7910421116958917,425,0.8384632424818955,0.8384632543695658,0.7745507018763228,0.8162600763052876,0.7984684126808295,448,1.0566771503220858,1.0076813325474134,0.7933517151946657,0.8329038383826667,0.8271547307220833,400
d2ace304cb40,64,0.8276031403243043,0.8276031552676596,0.7945299237952514,0.8592695118372428,0.8493392831047335,426,0.9322992635626203,0.9322992802776284,0.8556438850455146,0.8978549137380658,0.8767840145654081,424,1.0664874046672153,1.0664874214237539,0.8982491814957511,0.8925214787209954,0.8532258026093216,464
d2ace304cb40,65,0.8919202811448426,0.8919202955846848,0.8627039112171301,0.9377915075846808,0.9288878458748081,691,0.979021949311951,0.9790219631924524,0.9145229920246687,0.9709283531946354,0.9525792258802432,712,1.1433285346948796,1.1433285494630727,0.9917822353928708,1.003656275212432,0.9662536545960801,736
d2ace304cb40,66,0.8651061459212321,0.8651061627568832,0.8472170047186224,0.911247808736736,0.9028678013507649,716,0.9471018082904714,0.947101826114703,0.8860063955027809,0.9415764707025316,0.9241455738667815,720,1.0349032021490827,1.0349032228995292,0.9062451540853312,0.9225713057860767,0.8902466708643844,768
d2ace304cb40,67,0.9081454875017052,0.9081455028590076,0.8729509821568365,0.9448924282017068,0.9342988555194112,498,0.9668857542750929,0.9668857727073846,0.892597949388811,0.9402558886630994,0.9196023864349876,508,1.0789583326647454,1.0789583510370682,0.9194716877439888,0.9202337901408006,0.8821602487297171,544
d2ace304cb40,68,0.8554386414163333,0.8554386564875097,0.8274843350978894,0.899556610908681,0.8910361860059575,666,0.9255999170717358,0.9255999329264306,0.8649131274314291,0.9184662093361908,0.9011901610613268,680,1.070392549811525,1.0703925703292527,0.9298758922834354,0.9418760885108014,0.9070997587670137,704
d2ace304cb40,69,0.8792186999151426,0.8792187164400148,0.843832832656802,0.9124051174848934,0.9017867594961994,446,0.9479888041486355,0.9479888217022093,0.8726846797819947,0.9175666242820961,0.8967451066522109,464,1.1642661024177179,1.164266118924597,0.9673740686372483,0.9532753836340194,0.9084281548136222,432
d2ace304cb40,70,0.9202316249336866,0.9202316411463901,0.8804630924064905,0.9500025773264207,0.9381421874938027,403,1.0337105871184975,1.0337106084336327,0.9428929784076294,0.985418352759024,0.9607502215860693,408,1.2815656405965272,1.2815656564454494,1.0480202401408665,1.022884504115693,0.9712215324817961,400
d2ace304cb40,71,0.9666408599191564,0.9666408743950063,0.923124028211649,0.9947551802525115,0.9818252970970648,389,1.0780241689052945,1.078024184189442,0.9805467826824812,1.022884504115693,0.9965510337157144,400,1.2484780172022165,1.2484780391979873,1.0308531674519852,1.0119781636349394,0.9629781189519551,432
d2ace304cb40,72,0.804746402575966,0.8047464149522493,0.7772316950705308,0.844019414171757,0.8356590782626228,571,0.8380986689551915,0.8380986828764077,0.7815675224563384,0.8288414968952426,0.8128119368743796,580,0.9693437576760936,0.969343770196953,0.8408588517461296,0.8509259724627142,0.8192150549836332,624
d2ace304cb40,73,0.8294926612386212,0.8294926743203289,0.7994539369412413,0.8669035729207497,0.8578143242364253,523,0.8882820187597278,0.8882820336852341,0.8238924811496516,0.8705851635820847,0.8525192531426441,528,1.0472242640569587,1.0472242818889193,0.8458333227937078,0.893168090430777,0.8562143590611959,528
d2ace304cb40,74,0.8536689323501597,0.8536689484559538,0.8212144402137256,0.8893580606337816,0.8795743558209275,487,0.9359406462838954,0.9359406659554398,0.8653851178766954,0.9125353287780905,0.8928596205753607,512,1.105630018541109,1.1056300325727422,0.9359406462838954,0.9328686586346141,0.8928596205753607,512
d2ace304cb40,75,0.9228357779119869,0.9228357928003073,0.8886701007501079,0.9630925615038296,0.9527718144476226,556,0.9997538633438715,0.9997538795529658,0.9249713548014563,0.9757757489557549,0.9548956449717945,556,1.249524838656446,1.2495248523587925,1.044335913627004,1.0328007595945066,0.9855535935297058,496
d2ace304cb40,76,0.7850450950032788,0.7850451124075517,0.7553647519063075,0.8181667005890763,0.809215397712126,453,0.8802078235732188,0.8802078433810526,0.8129578520516536,0.8566271334715488,0.8379133690687376,468,1.0664874046672148,1.0664874214237539,0.8982491814957511,0.8925214787209954,0.8532258026093212,464
d2ace304cb40,77,0.8450858534951854,0.8450858684977227,0.8138832519412738,0.882105405425912,0.8726777945104667,512,0.9171502129502425,0.9171502309022593,0.8489201010490138,0.895808494891873,0.8767415652521173,516,1.1768136879086513,1.176813706398625,0.9911715106160012,0.9848512868645466,0.9414905408102858,512
d2ace304cb40,80,0.8257593091283016,0.825759321366909,0.8060598158207912,0.8625026953001843,0.8533779291479495,511,0.943271147792133,0.9432711611657617,0.8713695396108632,0.9182925858434486,0.8982769642659332,504,1.105630018541109,1.1056300325727422,0.8852008021443688,0.9328686586346144,0.8928596205753607,512
d2ace304cb40,81,0.7837633941794665,0.7837634075910114,0.7618415772803689,0.8309713319340984,0.824224531531357,839,0.8562530110718678,0.8562530236450054,0.8077832068972767,0.8633036410007978,0.8492448363904704,856,1.0554331285614569,1.0554331457647441,0.9358153450370208,0.9602590187838463,0.9294862514126389,960
d2ace304cb40,82,0.8173513796415168,0.8173513914868586,0.7881264775858122,0.8548986335172337,0.8460472770193342,529,0.8994166142937663,0.899416627045629,0.8358485342490933,0.8843636788017529,0.8664602978814193,564,1.1040227738672699,1.1040227817874584,0.9432876901559158,0.9455964461411966,0.9070375275856153,576
d2ace304cb40,84,0.9452695969646735,0.9452696129961172,0.9028546684819633,0.9730154584241469,0.9604091134385496,383,1.0241229604600297,1.0241229749799698,0.931519443548357,0.9717402789099084,0.9467234820299286,380,1.2815656405965272,1.2815656564454494,1.0480202401408665,1.022884504115693,0.9712215324817961,400
d2ace304cb40,85,0.9021610523203293,0.9021610695686844,0.8684105563303202,0.9408765422382402,0.9306893828738517,532,1.0170643502341228,1.0170643660822338,0.9384792876700156,0.98827936797495,0.9664511249422606,528,1.0789583326647456,1.0789583510370682,0.9194716877439888,0.9202337901408006,0.8821602487297173,544
d2ace304cb40,86,0.9040377479060642,0.90403776292256,0.8684132857307026,0.9395450797545171,0.9288365224776844,479,0.984653595337428,0.98465361001423,0.9059795650294177,0.9522568602939806,0.9305248661198341,476,1.1766561392189772,1.176656161493594,0.9857245032537325,0.9762216673980132,0.9320677101954721,480
d2ace304cb40,87,0.9260719614223437,0.9260719755894888,0.8869476040239048,0.957658999514549,0.9459673144323358,425,0.9837426922361382,0.9837427076926005,0.9011608286942696,0.9444487597114822,0.9218313559872217,428,1.1211451356615063,1.1211451515570197,0.9315453994284615,0.9179688879438707,0.8747826675983029,416
d2ace304cb40,88,0.7360744651172599,0.7360744786459145,0.7139957081029898,0.7776644416558615,0.770897590255766,683,0.7519961041000381,0.7519961163573803,0.7227434577290274,0.754676345376932,0.7418291398106465,684,0.8785586046978558,0.8785586192911308,0.7658378043378213,0.7773922231279266,0.7493146771156478,608
d2ace304cb40,89,0.8132248607197506,0.8132248712615537,0.785109587133173,0.8523427456643603,0.8438066555288624,564,0.8823513691667006,0.8823513805638932,0.8207586964940496,0.8689396779208555,0.8515608843624389,568,1.0472213761144606,1.0472213881433454,0.9001028259778735,0.9056554389597649,0.8699672301389925,592
d2ace304cb40,90,0.9127664323446507,0.9127664476030943,0.8752760151621599,0.9458470450308655,0.9346163810399023,444,0.9978405530363057,0.9978405671836156,0.9152995350400618,0.9601108580629456,0.9374459631349483,448,1.1642661024177179,1.164266118924597,0.9673740686372483,0.9532753836340194,0.9084281548136222,432
d2ace304cb40,91,0.8495879156698154,0.8495879299451575,0.8289153930357707,0.8862711388896695,0.8767118021713098,505,0.9582437056935953,0.9582437192795038,0.8852008021443688,0.9328686586346144,0.9125353287780908,512,1.0780241689052945,1.0780241905203432,0.8653851178766954,0.9125353287780908,0.8738134783082554,512
d2ace304cb40,92,0.7951506269845451,0.7951506382581324,0.7651570029090393,0.8288240825097426,0.819776680850654,461,0.8360178722598544,0.8360178869888744,0.7726453081764263,0.8144986828270118,0.7968416244143788,452,0.8885539210180258,0.8885539361481738,0.7176767587340551,0.7578395918806593,0.7264849107185907,448
d2ace304cb40,93,0.6728810838321839,0.6728810907414589,0.6498411352147063,0.7056569633782017,0.698657006451505,476,0.7326514409236582,0.7326514494870257,0.6821318018332181,0.7226144088099375,0.7083344901560589,484,0.9813535767709065,0.9813535838110741,0.8384779468052586,0.8405301743477301,0.8062555800761024,512
d2ace304cb40,94,0.8309957695196935,0.8309957839192733,0.8094506735378852,0.8632160057926579,0.8533092681598745,434,0.9354755184715366,0.9354755317346397,0.8580933141000581,0.9001039294340113,0.8788555904390141,420,1.1642661024177179,1.164266118924597,0.9673740686372483,0.9532753836340194,0.9084281548136222,432
d2ace304cb40,95,0.8487931862212381,0.848793197956481,0.8149142186959659,0.8813450864800232,0.8711719136801479,438,0.926732795611697,0.9267328094251578,0.852686649439452,0.896241750864923,0.8757881092892557,448,1.1689103329366752,1.1689103457549994,0.9769594030704232,0.9661684525238934,0.9219694907213377,464
d2ace304cb40,96,0.8937838229330171,0.893783836860145,0.858213037010116,0.9282503848243846,0.9175666242820963,464,0.9440885410816524,0.9440885571574347,0.8701323195920591,0.9156039307568832,0.8951076565079591,476,1.17056665736022,1.1705666666784431,0.9837561268413854,0.9761742023376112,0.9327172219074531,496
d2ace304cb40,97,0.9115218488538138,0.9115218644914754,0.8731309483394223,0.9428282407875217,0.931352643595092,421,1.053613687932448,1.0536137037107525,0.9618815953393657,1.00583457240533,0.9808762451315806,424,1.2022380906391716,1.202238111820284,0.9926734205093192,0.9744974909077204,0.9273122626944753,416
d2ace304cb40,98,0.8377500457956566,0.8377500608155104,0.8145067793344127,0.8660422134846196,0.8554232065992361,381,0.9990916074330408,0.9990916257176576,0.9093453623899939,0.9490136547776253,0.924738171856563,376,1.217151102948507,1.2171511224952265,0.98798090775282,0.9600190458553697,0.9100069359896622,352
d2ace304cb40,99,0.8683087106964872,0.8683087267746528,0.845068916948389,0.8999724960817875,0.889318156991859,425,0.8843167010551244,0.884316718786219,0.8130703798021885,0.8541939589732614,0.8345413493598316,420,1.2815656405965272,1.2815656564454494,1.0480202401408665,1.022884504115693,0.9712215324817961,400
d2ace304cb40,100,0.8304438718123104,0.8304438875917474,0.7955752836113694,0.8591609020491325,0.8487353817668207,386,0.8531417789205112,0.8531417942163203,0.8067727633317242,0.8216219493640787,0.8023400888004212,388,1.0899410497465012,1.089941074124963,0.9078681570735998,0.8959856170343083,0.8543235407033775,416
d2ace304cb40,101,0.9104324838569385,0.9104324985352309,0.8815833156475379,0.9590426515799357,0.9502315045501651,755,0.9910143890804419,0.9910144037019777,0.927510363856676,0.9859849784589947,0.9678506600305095,764,1.048105002095688,1.0481050205612732,0.9206047405782936,0.9389998854833319,0.9067809159267588,816
d2ace304cb40,102,0.936966925674371,0.9369669400081888,0.8973822817183037,0.9689255759794261,0.9570963416609513,430,1.0113242630464967,1.0113242789363184,0.9264270201529875,0.970928631479094,0.9476770949401339,440,1.2073870691739297,1.207387086292175,1.0032027378460353,0.9885818793241684,0.9420736420289415,448
d2ace304cb40,103,0.8204893402241795,0.8204893521055876,0.792194538178706,0.8600877907851928,0.8514956472704259,572,0.9504473441827743,0.9504473576581469,0.8832725645610987,0.9345403414288026,0.9156211658463226,596,1.0755246565499865,1.0755246689039761,0.9244299293826808,0.9301326129857044,0.8934798579805868,608
d2ace304cb40,104,0.8992260550589583,0.8992260711535326,0.8766836306758964,0.9362216051365491,0.9258247369691758,503,1.0405229571736412,1.0405229742320852,0.9561943782168832,1.0042129253417666,0.9809751451524754,488,1.1768136879086513,1.176813706398625,0.9911715106160012,0.9848512868645466,0.9414905408102858,512
d2ace304cb40,105,0.9008443939741668,0.9008444092521745,0.8743973814454055,0.9272862723885474,0.9152723927025345,365,0.9597517336201398,0.9597517488494518,0.8715599067861841,0.9082339975431118,0.8844830996928326,344,1.1978046321169937,1.1978046561337146,0.964534743452693,0.9327999519769883,0.8826286199224442,320
d2ace304cb40,106,0.7162930506400799,0.7162930667043981,0.6913875743805207,0.7504894962995339,0.7429310117228123,491,0.746153100087809,0.7461531166855447,0.6948541381382982,0.7361987850001174,0.721692399613138,496,0.8383418329430485,0.8383418536512329,0.7229385819471171,0.7288914630894258,0.7007237388057607,496
d2ace304cb40,107,0.9625539995194354,0.9625540147144626,0.918873579733758,0.9899203221339815,0.9769515434955856,381,1.0601908685338755,1.0601908853569526,0.9627696644731104,1.0032817414720423,0.9770452845444082,380,1.27247615308253,1.2724761735177368,1.0328891308324937,1.003656275212432,0.951370887625556,368
d2ace304cb40,108,0.9724606265804144,0.9724606449107457,0.9259371057630996,0.9957826391962178,0.9820400788367184,345,1.0600238673807667,1.0600238852672506,0.9569023449787402,0.9933118149271818,0.9658566545478857,336,1.3628608270970017,1.3628608409928686,1.0936185984037974,1.0554557439985153,0.9979136943720331,352
d2ace304cb40,109,0.8898510428261532,0.8898510588017896,0.8624584354563541,0.9388401806614723,0.9304583108933473,783,0.9492277925055517,0.9492278085790957,0.8909290652109871,0.9489005400050282,0.93215971610532,800,1.0349032021490827,1.0349032228995292,0.9062451540853312,0.9225713057860767,0.8902466708643844,768
d2ace304cb40,110,0.9239289001177804,0.9239289142076125,0.8865231366074147,0.958401829144533,0.947182891021313,463,1.0192526733425848,1.0192526862779967,0.9361550239297055,0.9828265292915462,0.959951306274713,472,1.1689103329366752,1.1689103457549994,1.0390314070548223,0.9661684525238934,0.9219694907213377,464
d2ace304cb40,112,0.8920751520366206,0.8920751680032063,0.8578351450848468,0.9287765029088231,0.9184623136135561,499,0.9862442184088464,0.9862442337767117,0.9100405213769848,0.9583315083393453,0.9371647272167375,512,1.1424264698803188,1.1424264893333664,0.9735582576112822,0.9743651895608476,0.9340520280667594,576
d2ace304cb40,113,0.8918667557887776,0.8918667702486889,0.8575382770773573,0.9283836487037408,0.9180451196395617,496,0.9708341524962082,0.9708341676239506,0.8958211382304695,0.9433575785215429,0.922521528353976,504,1.2424554991254615,1.242455506273234,1.0297119769200693,1.0131382646656708,0.964907587575409,448
d2ace304cb40,114,0.8572603655128813,0.8572603798434467,0.8342465084508618,0.8883293193195291,0.8777816011118001,417,0.9837426922361382,0.9837427076926005,0.9011608286942696,0.9444487597114822,0.9218313559872217,428,1.1211451356615063,1.1211451515570197,0.9926734205093192,0.9179688879438707,0.8747826675983029,416
d2ace304cb40,115,0.6617245572388312,0.5127357269969715,0.4968886451861134,0.5528253255695923,0.660696226650034,187,0.9312882999251781,0.7433786405415648,0.6639006016082766,0.7107446087532089,0.8111437524132155,192,1.0858586384011444,1.0858586454905792,0.8785586046978557,0.8520511338269356,0.8070779912689068,304
d2ace304cb40,117,0.9321785958203542,0.9321786124813426,0.8995173450284333,0.9762251014898101,0.9663183109351291,629,0.9969272086081019,0.9969272259096548,0.9268300171496154,0.9808811830549444,0.961123857595107,632,1.1678595163140693,1.1678595328718953,0.999621199665291,1.0031840186559657,0.9626896009405008,624
d2ace304cb40,118,0.9221441085182218,0.9221441226739057,0.8814129211523648,0.9503814918242877,0.9382579916268561,386,1.0070028451507584,1.0070028618775533,0.9179591475632631,0.9589686495409685,0.9348114613576082,392,1.2073870691739297,1.207387086292175,1.0032027378460353,0.9885818793241684,0.9420736420289415,448
d2ace304cb40,119,0.8691654760195892,0.8691654886961612,0.8292704558227947,0.8930579205170117,0.8812258115654257,336,0.9485918297408359,0.9485918447930629,0.8614254892654145,0.8976731371065644,0.8741984124871021,340,1.3009126076835018,1.3009126209477384,1.0439086621127158,1.0074804829076738,0.9525539809914862,336
d2ace304cb40,121,0.885109196226481,0.8851092122524566,0.8458342250079143,0.9118870703912777,0.9002019221008151,367,0.9511303792020066,0.9511303972073218,0.8688452283130841,0.9089063136350852,0.8864921588756046,388,1.1431621365632298,1.1431621467838171,0.9413249113751818,0.9225713057860768,0.8773530644542067,384
d2ace304cb40,122,0.9281500442800957,0.9281500599146044,0.8998860591111448,0.9798131627241582,0.971158757758495,835,0.9871969042057738,0.9871969209222596,0.9265662278194267,0.9868565616052294,0.9694461047495329,832,1.1559981640761263,1.1559981832778037,1.0076813214971334,1.0228845041156929,0.9859403646258525,800
d2ace304cb40,123,0.8886617622291716,0.8886617765798985,0.8491006298844066,0.9153142910402294,0.9035475303315563,366,0.9112586808053296,0.9112586965657835,0.8336098733656229,0.8728614435120581,0.8516518470631558,384,1.1159384220802193,1.0664874214237539,0.8982491814957511,0.8925214787209954,0.8865991206635574,464
d2ace304cb40,124,0.8523870430573887,0.8523870563195606,0.8255276249721867,0.8981743241175395,0.8899679064609896,715,0.8982557177256509,0.8982557324970238,0.8610042135877554,0.8953074212907162,0.8790953538796769,716,1.1529071768572303,1.1529071946958684,0.9964294930986726,1.0060420927831908,0.9676879708662766,704
d2ace304cb40,125,0.842498451431037,0.8424984679218429,0.8102519382204116,0.8773253764297423,0.8676095326186202,474,0.8755264704065803,0.8755264870972381,0.8082579856670336,0.851412812568948,0.8327108223623904,460,1.0780241689052945,1.0780241905203432,0.914407274443069,0.9125353287780905,0.8738134783082554,512
d2ace304cb40,126,0.9339065340283396,0.9339065482703297,0.8960968205880563,0.9687517409063531,0.9574116479437894,468,1.002225594529141,1.0022256146243813,0.9214797637758135,0.9680864868363628,0.9458135292744757,476,1.1374342679116787,1.1374342894438076,1.0126221751974767,0.9436809451514125,0.9009987865222902,464
d2ace304cb40,127,0.8869297099610571,0.8869297260758071,0.8534358003833582,0.9244199652439316,0.9143176243421106,513,0.9543920842612497,0.9543921010757946,0.8820464137589291,0.9298259299529603,0.9096687570748218,516,1.1106924012725319,1.1106924201852173,0.9465149726776355,0.947299489850824,0.9081061383982381,560
d2ace304cb40,128,0.9237987467277162,0.9237987635668315,0.8852961363298631,0.9562631159312553,0.9447436709888577,436,1.0205181199832836,1.0205181360175577,0.9348490839725601,0.9797552554016312,0.956292341257772,444,1.2505080359301415,1.2505080536597526,1.0390314070548223,1.0238883750143173,0.975719129244261,464
d2ace304cb40,129,0.8732184297048994,0.8732184460464185,0.8358849100256047,0.9022001638750239,0.891055328553468,391,0.9967273059145267,0.9967273224706396,0.9085922174860871,0.9491832551578978,0.9252725688947762,388,1.2022380906391716,1.202238111820284,0.9926734205093192,0.9744974909077199,0.9273122626944753,416
d2ace304cb40,130,0.8795276071345476,0.8795276214706202,0.8564932862673067,0.9129930220212689,0.9024113607714978,450,0.9282215067777592,0.9282215225833601,0.8555082469938732,0.9002156293996246,0.8800638303481615,468,1.1400382601615053,1.140038278073668,0.9601974009092511,0.9540746841500295,0.9120689614099641,496
d2ace304cb40,131,0.9276251896299965,0.9276252061901586,0.8977288637143511,0.9762310562048889,0.9671102651689653,743,0.9534557897646574,0.9534558054437683,0.9139150870484555,0.9503263131018774,0.9331179733918358,760,1.1791181273576488,1.1791181469433598,1.027834947927076,1.0433421941980068,1.0056591719183694,816
d2ace304cb40,132,0.9606882049428134,0.96068821856338,0.9177807762900198,0.9892476325515626,0.976489424151968,393,1.0315432992601001,1.0315433122007047,0.9397355145804962,0.9813121586763053,0.9564354600308184,396,1.155998164076126,1.1559981844425808,0.954493673566653,0.9370168181804999,0.8916464064369952,400
d2ace304cb40,133,0.9268198099718076,0.9268198256106517,0.8952104771199814,0.9721951437272613,0.9625889661431383,661,1.0142925857904224,1.0142926020793552,0.9438496784082129,0.9995101018146892,0.9796193510082211,660,1.1005023051819018,1.1005023222096928,0.9511372434123695,0.9603129067475913,0.9237021540087187,672
d2ace304cb40,134,0.7412661896300341,0.741266201473875,0.7110393177434163,0.7685303000064542,0.7594699636352953,366,0.8166919205711596,0.8166919365062989,0.7485520484521153,0.7847977019881572,0.7661154241127174,360,1.1097582375130814,1.1097582570648776,0.9163139266239868,0.8995361454532795,0.8559805501795157,384
d2ace304cb40,135,0.93494712141814,0.9349471377485867,0.8962648340191512,0.9683211164415965,0.9567406134077837,448,0.9808208202866291,0.9808208363663098,0.9013307663519802,0.9465941509369115,0.9246896860043826,460,1.1768136879086513,1.176813706398625,0.9911715106160012,0.9848512868645466,0.9414905408102858,512
d2ace304cb40,136,0.8380384567067263,0.8380384676286838,0.8018693689492291,0.8652363163126716,0.8544481452809107,368,0.8658142929932735,0.8658143045894374,0.8166919205711596,0.8285293107205869,0.8082738959992782,360,1.230303014972666,1.2303030301876314,1.0060994305352318,0.9819691239510653,0.9323726711825242,384
d2ace304cb40,137,0.9118513518232483,0.9118513678883077,0.8762694864040108,0.9483040711410576,0.937599817441649,493,1.042387006296855,1.0423870210757413,0.9561611214257789,1.0029729499407554,0.97929622934633,468,1.137434267911678,1.1374342894438076,0.9528670198119416,0.9436809451514129,0.9009987865222898,464
d2ace304cb40,138,0.9392485083118527,0.9392485248595969,0.8937700379954607,0.96079267812897,0.9473749512266291,325,1.0347852038717007,1.0347852213323159,0.9679620470938509,0.9696615336193912,0.9428600675348408,328,1.2576948637228438,1.2576948889404003,1.0127614806253276,0.9794399495758378,0.9267600509185668,336
a29c7491a55b,2,0.8250808529384562,0.825080866845652,0.8091783889392189,0.88806705176366,0.8830846918661113,1885,0.8711602164477686,0.8711602317959288,0.8371661827510934,0.9059862424085966,0.895759663316464,1884,0.9939751772947624,0.9939751921799551,0.9074354673012884,0.9489005400050282,0.9253549482373402,1600
a29c7491a55b,6,0.9354696403468317,0.9354696557940353,0.9248803768650251,0.9748329683559602,0.9641505138601377,538,1.0551577812089055,1.0551577991759564,0.9725008277793601,1.023322040257693,1.0004144396265418,532,1.293629002686353,1.2936290210273302,1.0748600762636091,1.059194870704466,1.0093646164595802,480
a29c7491a55b,8,0.8520863457919495,0.8520863596807369,0.8313446587233498,0.9091195000481819,0.9026881535693168,1211,0.8654885531940969,0.865488567349483,0.8230681245260318,0.8844149991814828,0.8719149064979415,1168,0.9520220582335992,0.9520220746090535,0.8490984130657786,0.8745643674699508,0.8477880374449084,960
a29c7491a55b,9,0.8911807396878514,0.891180755294067,0.8650608600454812,0.9426596589025169,0.9346429485894314,867,0.9620642326388099,0.9620642493747952,0.9044859646433442,0.9644189453934754,0.9478307609562798,856,1.109758237513081,1.1097582570648774,0.9747579606123108,0.9942351728647044,0.9601209698048031,864
a29c7491a55b,10,0.89171352752983,0.8917135422090587,0.8658460665791213,0.9437167588934083,0.9357726102058709,886,0.9743777719984994,0.9743777874058798,0.9151769971703161,0.9751853832010395,0.9581620952169955,840,1.1604344978565644,1.1604345111858692,0.997411239597103,1.0035641350635232,0.9640177415053699,656
a29c7491a55b,11,0.9165752796600339,0.91657529350913,0.8921267652620072,0.9739746417433626,0.9664301356012545,1081,0.9704728997496753,0.9704729139718096,0.9185643603083548,0.9838855770432489,0.9687312335650712,1092,1.10820478498953,1.1082048030529816,0.982606112288872,1.0082719697230387,0.9759605639832709,1008
a29c7491a55b,12,0.9169445563803892,0.9169445737827434,0.8904576919375773,0.9706264433173759,0.9624900164026785,919,0.9587568541784264,0.9587568723281137,0.902222210979955,0.9626111361004414,0.9462936040739397,880,1.0866382742315588,1.0866382922811355,0.9472204422073055,0.9615114338687515,0.9267839427483013,752
a29c7491a55b,14,0.8473851229999474,0.8473851383205416,0.8204453643963433,0.8924667298409422,0.8842405244781353,698,0.8932375293584686,0.8932375440473198,0.8369012886105966,0.8903057038533377,0.8741842066512988,712,0.9361550239297056,0.936155040032236,0.8349467728480157,0.859988294678785,0.8336582368208264,944
a29c7491a55b,15,0.8771904196539907,0.877190432596155,0.8626086472964172,0.94848716365526,0.9438937361776584,2705,0.9034339003383879,0.9034339147276516,0.8734208350797398,0.9491278973764252,0.939990192715543,2720,0.9765301792254112,0.9765301936751904,0.9095321661632718,0.963748963292444,0.9447974976686057,2608
a29c7491a55b,16,0.855806883162526,0.8558068947313543,0.8348676192261318,0.8924392133392502,0.8827611541811962,503,0.9095887982566118,0.9095888099113842,0.8411761541285301,0.8871165142537276,0.8680314872983271,500,1.0982123966043789,1.098212417394021,0.867275071789001,0.9111402229048121,0.8699298628491073,448
a29c7491a55b,18,0.9374319258615318,0.9374319430733182,0.9055403018804473,0.9834726805472547,0.9737790160019988,672,0.9820715413787474,0.9820715594101427,0.9169273771200884,0.9731663171643261,0.954651186952908,704,1.1529071768572303,1.1529071946958684,0.9964294930986726,1.0060420927831908,0.9676879708662766,704
a29c7491a55b,19,0.9031537660711761,0.9031537806773018,0.8858643513458804,0.9723192472002069,0.9669008981851254,2092,0.9362397676251767,0.9362397821605403,0.9004468656447149,0.9750175040041333,0.9642321478739978,2112,1.03429999510234,1.034300010519149,0.951659206963674,1.000269811233173,0.9774420862603299,2000
a29c7491a55b,20,0.8249006981977882,0.8249007115892908,0.8126506390208642,0.8946790550940972,0.8908061310604501,3196,0.8667057173428097,0.8667057310026257,0.8405939451410271,0.9154656875203186,0.907464948755083,3188,0.9680217026904684,0.9680217164150089,0.9042474527884363,0.9600190458553697,0.9418760885108022,2816
c9ac733b91bf,3,0.8822996733729586,0.882299685465455,0.8662894853508452,0.9515067149766866,0.946479008541636,2278,0.9130215453179853,0.9130215588499092,0.8796559141117416,0.9536477942164469,0.943558767061823,2260,1.0041860332752994,1.0041860461421683,0.9286584741578973,0.9793766317361153,0.9583067619773533,2208
c9ac733b91bf,4,0.8426188435567715,0.8426188571168436,0.8282997937347185,0.91052362436931,0.9060163723357886,2485,0.8600573570087,0.8600573709947079,0.8309007399277509,0.9024861131868649,0.8936215892891889,2484,0.907458558799759,0.9074585738730758,0.846248972590656,0.8974352759486418,0.8800791316501902,2512
c9ac733b91bf,5,0.7813002507418302,0.7813002613741704,0.772965500816841,0.8450847753762455,0.8410394126865053,2467,0.8211685970726468,0.8211686089551354,0.7938219578930219,0.8625798235090348,0.8542553223620023,2460,0.9052960575119324,0.9052960697937296,0.8439293361536411,0.8947612120313843,0.8773727132245825,2480
c9ac733b91bf,6,0.7903744668574216,0.7903744786817319,0.7761159785290803,0.8525267605877322,0.848048173603434,2065,0.8171164099313094,0.8171164222921258,0.7877140797985474,0.8543131378374268,0.8454122218876193,2088,0.8711195311713982,0.8711195429472235,0.8076372322901079,0.8531725866819234,0.8353756872334787,2048
c9ac733b91bf,7,0.8090530018790022,0.809053014568252,0.7949985727675837,0.8736825239504908,0.8692619868550646,2282,0.8414217868546855,0.8414218000750169,0.8120470027828329,0.8813749473366619,0.8724626777580284,2288,0.9185531380021443,0.9185531510253232,0.8536325456160955,0.9031799272868967,0.8848956233682581,2304
c9ac733b91bf,8,0.861087030662118,0.861087045392896,0.8457801943060388,0.9292235219690342,0.9244130509272842,2318,0.8865837159195411,0.8865837315394338,0.855048483009937,0.9276132715901958,0.9180585133558502,2320,0.9523584064739208,0.9523584242685667,0.8845524654266769,0.9355458586576741,0.9164697943732266,2352
c9ac733b91bf,9,0.8298297490026191,0.829829764058825,0.8146576431002726,0.8947086456718779,0.8899454635494402,2110,0.8600379487034893,0.8600379647731443,0.828573688428911,0.8982429091264064,0.8887296106811093,2124,0.9657299846443265,0.965729998336375,0.8921164334111217,0.9401566950301974,0.9196645110341697,2064
c9ac733b91bf,10,0.8119432590576072,0.8119432734623413,0.7980374790362315,0.8771744932763959,0.872798518580423,2357,0.84669188405504,0.8466918993975696,0.8174629105934768,0.887498953341078,0.8786237954316953,2356,0.9097897133150457,0.9097897279257249,0.8466045600267608,0.8965302731428735,0.8786888724194954,2368
c9ac733b91bf,11,0.852454415178829,0.852454428572504,0.837376170102644,0.9200478637311432,0.9153083771549899,2318,0.8859792486026501,0.8859792622681449,0.8545811563069594,0.9271923251406174,0.9176765564396354,2336,0.9932953844908954,0.9932953992382891,0.9199652633965762,0.9711727967692061,0.9506561560581359,2272
c9ac733b91bf,12,0.9160873982413498,0.9160874128849807,0.8987506946334614,0.9866161857911677,0.9811805838209132,2172,0.9439836679117684,0.9439836850631397,0.9083351793553871,0.9838855770432489,0.973133377954761,2184,1.032474416146761,1.032474432234995,0.9526986708165309,1.0032532977927522,0.981094323805022,2144
c9ac733b91bf,15,0.8716863176001409,0.8716863332885834,0.8617109903859415,0.9409159521199877,0.9360876210404553,2389,0.8692143952848184,0.8692144102681902,0.8494647105673917,0.9106288227488897,0.9014439630880641,2376,0.9825913439124128,0.9825913591157971,0.9122663776802772,0.9646000179384288,0.9448307579016822,2400
c9ac733b91bf,16,0.8253239038970063,0.8253239172121453,0.8152576894212437,0.8890978444546226,0.8842385131301255,1989,0.8626821650835147,0.8626821787434532,0.8302308287267154,0.8993790161099547,0.889588159296682,2012,0.9582437056935948,0.9582437192795038,0.8852008021443688,0.9328686586346144,0.9125353287780908,2048
25cbe5df3e3f,13,0.8562530110718677,0.8562530278070224,0.821544527665963,0.8881233454532959,0.8777144615535079,428,0.934658531320327,0.9346585495572086,0.8566762332285319,0.8981573700531131,0.8767765409289987,412,1.0936185984037976,1.0936186217106705,0.8399544327386546,0.8769649096698285,0.8332241333944652,352
25cbe5df3e3f,14,0.8729491958663753,0.8729492088781621,0.8369860595303723,0.9043901386217923,0.8936197490506224,422,0.9622033904278662,0.962203404069915,0.8826102659314882,0.9258211845606972,0.903965750165843,432,1.1431621365632298,1.1431621467838171,0.9413249113751818,0.9225713057860766,0.8773530644542067,384
25cbe5df3e3f,15,0.8399804832491694,0.8399804961673215,0.8112611037864034,0.8809729787151789,0.872246603580601,596,0.9538265664352432,0.9538265780956587,0.8852008021443687,0.9357294128553972,0.9164530860320079,576,1.051175952546438,1.0511759716454008,0.9050033581125567,0.9115299607259905,0.8759606364898601,608
25cbe5df3e3f,16,0.8834366187218122,0.8834366331216007,0.8480285481053236,0.9170507687858078,0.9064220779304822,452,0.9978405530363057,0.9978405671836156,0.9152995350400618,0.9601108580629453,0.9374459631349483,448,1.2384256479434992,1.238425659015802,1.0197686539897803,0.9994522479349167,0.9504658198253907,416
25cbe5df3e3f,17,0.9050264437550931,0.9050264592813225,0.8669091126030369,0.9361097497605323,0.9247159264198301,418,0.9528072406663528,0.9528072592573488,0.8733107231941346,0.9155973189861837,0.8938013281315036,420,1.2022380906391716,1.202238111820284,0.9926734205093192,0.9744974909077199,0.9273122626944753,416
25cbe5df3e3f,18,0.8531417789205109,0.8531417942163203,0.8169401904985434,0.8819537502153086,0.8711396434658885,388,0.9587200704306071,0.9587200870119181,0.8770270542700824,0.9183229770283111,0.8960087140976951,404,1.1930384709859614,1.1930384964116405,0.9163139266239868,0.9566889923670858,0.9089717818848713,384
25cbe5df3e3f,19,0.9567011081462088,0.9567011224732068,0.9136317502865935,0.9845263352113546,0.971729407152622,385,1.0456834438381355,1.0456834586637587,0.9511303792020066,0.9921979689922222,0.9666545027042429,388,1.155998164076126,1.1559981844425808,0.954493673566653,0.9370168181804995,0.8916464064369952,400
25cbe5df3e3f,20,0.9065309059520437,0.906530921923367,0.8809100538518829,0.935858618358782,0.9241748100125055,397,0.9561611214257792,0.9561611364488829,0.8758946372355518,0.9179688879438707,0.8959856170343089,416,1.2022380906391716,1.202238111820284,0.9926734205093192,0.9744974909077199,0.9273122626944753,416
25cbe5df3e3f,21,0.8502643788677087,0.8502643923895274,0.8169906703020754,0.8840818604584926,0.8740742927554841,457,0.9075193703481008,0.9075193825642911,0.8360178722598544,0.8794220983289738,0.8596249847538039,452,1.044335913627004,1.0443359345665824,0.8383418329430485,0.8840185997537755,0.8465068071111224,496
25cbe5df3e3f,22,0.9410945396339657,0.9410945565066626,0.9011608286942696,0.9728768172478143,0.960947854132475,428,0.9561611214257792,0.9561611364488829,0.8758946372355518,0.9179688879438707,0.8959856170343089,416,1.248478017202216,1.2484780391979873,0.9673740686372483,1.0119781636349399,0.9629781189519547,432
25cbe5df3e3f,23,0.9166632172135618,0.9166632321549353,0.8799234271269839,0.951541616284389,0.9405131737818498,469,0.9440885410816521,0.9440885571574347,0.8701323195920591,0.9156039307568832,0.8951076565079584,476,1.1689103329366752,1.1689103457549994,0.9769594030704232,0.9661684525238934,0.9219694907213377,464
25cbe5df3e3f,24,0.8798329039519742,0.8798329178834822,0.8467364118027932,0.9172593146409682,0.9072738085868746,513,0.9278291249738088,0.9278291400167812,0.8584266530171789,0.9055760547862766,0.8861981165565574,516,1.1401809566205188,1.1401809710906403,0.9651887914802673,0.9620208042169461,0.9207614837183408,528
25cbe5df3e3f,25,0.8686924907219915,0.8686925035760896,0.8380986689551915,0.9094520101152779,0.9001757692592844,580,0.9196338213850119,0.9196338332637759,0.8554386414163334,0.9056554389597649,0.8875423301805702,592,1.1708043566345168,1.1708043681672886,0.9958509024124149,0.9955075762892905,0.953889246283274,576
25cbe5df3e3f,26,0.8540258032429213,0.8540258207699951,0.8328815096096409,0.8898942481688487,0.8801314943021209,490,0.9364326596522553,0.9364326775040024,0.8644846281482185,0.910641529965049,0.8906385317441218,492,1.2158780105262765,1.2158780335433805,1.0185819866955237,1.0087623896446136,0.9631366338686546,496
25cbe5df3e3f,27,0.8561119067972404,0.8561119194284099,0.8280010805850969,0.9000178554894092,0.8914524972968911,660,0.9017822247431928,0.9017822364716175,0.8430556456866444,0.8955382070290431,0.8788047059890302,672,1.0460654464067178,1.0460654664581335,0.9087423492769937,0.9204698137719196,0.8864838551586725,688
25cbe5df3e3f,28,0.8568198524102392,0.8568198670000248,0.8268829924791006,0.8689825086072329,0.8556493055487768,243,0.978176441832853,0.9781764594551492,0.8770858222311052,0.9064958733495438,0.8799271179290795,272,1.347530211131618,1.3475302302368022,1.0717145030280277,1.0289066858009908,0.9709038647869503,320
25cbe5df3e3f,29,0.9199413597959365,0.9199413751914445,0.8757757225730661,0.9417246398471631,0.9286831259673564,324,0.997411239597103,0.9974112546182443,0.9020202229615727,0.9374483137297914,0.9119623636763105,328,1.2724761530825304,1.2724761735177368,1.0328891308324937,1.003656275212432,0.9513708876255563,368
25cbe5df3e3f,30,0.7793664832549876,0.779366494041513,0.7494872885516817,0.811494241575602,0.8024928390349171,437,0.8138227075095928,0.8138227218475769,0.773116334116293,0.7928748239908965,0.7756865370405458,440,1.02971197692007,1.0297119930987968,0.867275071789001,0.8617448760064783,0.8238042232090002,448
25cbe5df3e3f,31,0.909419253865266,0.9094192706131403,0.8698154687907761,0.9382917653383598,0.9264886431601309,392,0.9939751772947624,0.9939751921799551,0.9074354673012884,0.9489005400050282,0.9253549482373402,400,1.2022380906391716,1.202238111820284,0.9926734205093192,0.9744974909077199,0.9273122626944753,416
25cbe5df3e3f,32,0.8070617896287253,0.8070618003196747,0.778565011306373,0.8447951383880433,0.836156357218681,536,0.8699238850939301,0.8699238963305989,0.8091987148532883,0.8567010909078856,0.8395670690897284,560,0.9681883773454034,0.9681883949365534,0.8335557245773549,0.8395670690897279,0.8068058493985554,560
25cbe5df3e3f,33,0.9101525987670696,0.9101526140600599,0.8762345202421614,0.9494508636422004,0.9392100692567894,541,0.967802481345035,0.9678024937457129,0.895011427992756,0.9438919711659665,0.9235855024854202,532,1.0789583326647456,1.0789583510370682,0.9194716877439888,0.9202337901408006,0.8821602487297173,544
25cbe5df3e3f,34,0.9706923911029475,0.9706924058234734,0.9170404142182994,0.981004211525232,0.9653989543963994,255,1.0789583326647456,1.078958351223594,0.9623115348078826,0.9911729497992777,0.9608264424375628,272,1.2127771900184563,1.212777207213122,0.964543052725225,0.9260160172208917,0.8738134783082554,288
25cbe5df3e3f,35,0.9382210301028794,0.9382210463604699,0.9009902179558161,0.974598716217517,0.9634136898579224,490,1.0490518338717858,1.049051851070053,0.9640320370547265,1.0124441788281748,0.9890159250307744,492,1.2460870868673313,1.2460870967867297,1.0472242640569587,1.0391531831335863,0.9928925265466437,528
25cbe5df3e3f,36,0.8968849518084291,0.8968849664627947,0.865379480816866,0.9391159086672499,0.9295614648061061,602,0.9527595474672366,0.9527595640022649,0.8857679277822273,0.9374244217803579,0.9185424208662097,604,1.1079692847082196,1.1079693004169264,0.94835857404143,0.9517386843659167,0.9133209034563726,592
25cbe5df3e3f,38,0.8968089513149218,0.8968089677584921,0.8615710131920907,0.93221753921063,0.9216226870162156,478,0.9440885410816521,0.9440885571574347,0.8701323195920591,0.9156039307568832,0.8951076565079584,476,1.2073870691739297,1.207387086292175,1.0032027378460353,0.9885818793241684,0.9420736420289415,448
25cbe5df3e3f,39,0.8820202708681196,0.8820202846666136,0.8454168884029991,0.9133034757533034,0.9023481943687054,420,0.9296475600977614,0.9296475753385022,0.8543048133249201,0.8972066300184638,0.8764450067345886,436,1.2427484072770432,1.2427484337621257,0.954493673566653,0.9965510337157144,0.9468456061300743,400
25cbe5df3e3f,40,0.94644988158997,0.9464498975600452,0.8986474041951636,0.9646000179384286,0.9505576341438448,300,0.996927208608102,0.9969272254299143,0.8999438720633389,0.9341861116577067,0.9083651870152735,316,1.2127771900184563,1.212777207213122,0.8947788532394707,0.9260160172208917,0.8738134783082554,288
25cbe5df3e3f,41,0.827546228444212,0.8275462442660112,0.7965871268593915,0.8630596853613933,0.8537150730121049,488,0.932308987714613,0.9323090022420477,0.860272680364181,0.9059227539770373,0.8859135311970722,484,1.1374342679116787,1.1374342894438076,0.9528670198119416,0.9436809451514125,0.9009987865222902,464
25cbe5df3e3f,42,1.0042967559768168,1.0042967707238148,0.9474466585570863,1.0125664200523377,0.9960768875420936,251,1.111712424183585,1.111712439945362,0.9881888214965198,1.0156278895790638,0.9836982852296264,264,1.446802115179039,1.4468021213147737,1.10326283241436,1.0338295581165096,0.9668231181562356,240
25cbe5df3e3f,43,0.9318813131949508,0.9318813301264327,0.8966898565431385,0.9712716593888482,0.960657309006623,539,0.9839856372615985,0.9839856545975247,0.9093966901545548,0.9586577417344475,0.9378755402399326,532,1.111712424183585,1.111712446474104,0.9429825017694149,0.9410520578024062,0.9011201495053884,528
25cbe5df3e3f,44,0.694385833314779,0.6943858444662007,0.6730782209768686,0.732738837786145,0.7262176039700895,615,0.7284633819226879,0.7284633934415387,0.6842037550273314,0.729067167440777,0.7163402330908013,628,0.8360187432326771,0.8360187550856896,0.7311320696387643,0.7436899731134041,0.7174026589056949,608
25cbe5df3e3f,46,0.9097896106442933,0.9097896241283167,0.8765420878670983,0.9502720498121405,0.9402187360279758,563,0.96639822989327,0.9663982429570761,0.9199652633965762,0.9464883383502588,0.9267449030246404,568,1.1106924012725323,1.1106924201852173,0.9465149726776355,0.947299489850824,0.9081061383982383,560
25cbe5df3e3f,47,0.8336457960524863,0.8336458084784343,0.7993018530586257,0.8636711513378726,0.853385684519907,403,0.9265662278194268,0.9265662409562145,0.8499209968229147,0.8915315110584495,0.8704855371967378,416,1.0780241689052945,1.078024184189442,0.8957167302196745,0.8826623922537218,0.8411371803829836,400
25cbe5df3e3f,49,0.945381799112539,0.9453818156252451,0.9062677897559721,0.9791282717590251,0.9674185220395671,453,1.0290473003474205,1.029047318797005,0.9444371183992943,0.991028536861827,0.9677710349448373,468,1.293629002686353,1.2936290210273302,1.0748600762636091,1.059194870704466,1.0093646164595802,480
25cbe5df3e3f,51,0.8953837105370421,0.8953837232317265,0.8571521081635324,0.9251910636379886,0.9137768236766859,402,0.9750641448125081,0.9750641540158652,0.8909290652109872,0.9321597161053196,0.9092306703250611,400,1.1907938922533645,1.1907939028998096,0.9805467826824812,0.9610117768604968,0.9139094421397986,400
25cbe5df3e3f,52,0.8443587931163156,0.8443588069588233,0.8212823172028771,0.8738357683311846,0.8632774721869733,396,0.8883228832058928,0.8883228991324573,0.81528332443016,0.8555032668636284,0.8354262780293039,404,1.1559981640761265,1.1559981844425808,0.954493673566653,0.9370168181804999,0.8916464064369954,400
25cbe5df3e3f,53,0.9232981022754041,0.9232981175216222,0.8883341076654335,0.9621492680241914,0.9516058045719943,531,0.9925613895068655,0.9925614055993474,0.9183168846230286,0.9687557795388074,0.9480258921302708,552,1.209282832779338,1.2092828481264366,1.0236850818730105,1.0203250953816094,0.9765652100043007,560
25cbe5df3e3f,54,0.9156510388209939,0.9156510559566025,0.8765033583388694,0.9460410925543725,0.9343546923450684,410,1.0156737379809402,1.0156737555472797,0.9291276713554338,0.9728768172478143,0.9492369545391424,428,1.2815656405965272,1.2815656564454494,1.0480202401408665,1.022884504115693,0.9712215324817961,400
25cbe5df3e3f,55,0.8905217022237294,0.8905217181897157,0.852733961731727,0.9205960537041237,0.9093081329991879,405,0.9587200704306071,0.9587200870119181,0.8770270542700824,0.9183229770283107,0.8960087140976951,404,1.2171511029485071,1.2171511224952265,0.98798090775282,0.9600190458553697,0.9100069359896625,352
25cbe5df3e3f,56,0.9603169431537256,0.9603169611252172,0.9192596197212533,0.9921894385326346,0.979932970020438,430,1.0589905252970795,1.0589905453442345,0.9673740686372483,1.0119781636349399,0.9870221975109825,432,1.3328282662203883,1.3328282827032676,1.0899410497465012,1.063799884280321,1.010070393781068,416
25cbe5df3e3f,57,0.9244299293826808,0.9244299433047143,0.8785586046978557,0.9436325305338703,0.9301326129857045,304,1.038097347834728,1.0380973625527958,0.9345933003629702,0.9684649655479195,0.9410498206406139,312,1.347530211131618,1.3475302302368022,1.0717145030280277,1.0289066858009908,0.9709038647869503,320
25cbe5df3e3f,58,0.7392408721720286,0.7392408839835093,0.7090965873670683,0.7664304904435951,0.7573949090898437,365,0.8213238371825952,0.821323845706516,0.7529703964345036,0.7895491429563605,0.7707999731147546,364,1.0649618563932526,1.0649618625199149,0.8826102659314881,0.8684042268562893,0.8270636464932076,384
25cbe5df3e3f,59,0.7786102819993569,0.7786102962756783,0.7480166746333006,0.8093520476410282,0.8001535880998525,415,0.8417486795457712,0.841748695132134,0.7748838104960815,0.8147358819056545,0.7962478102170493,412,1.0349032021490827,1.0349032168218641,0.8598880610108874,0.8473558965635729,0.8074916931676642,384
25cbe5df3e3f,60,0.8922086298143657,0.8922086447291507,0.8555625913972463,0.9245441836562963,0.9135664625480125,434,0.9637630668903399,0.9637630826903739,0.8856554486762934,0.9301316439640955,0.9086081262477845,452,1.2815656405965272,1.2815656564454494,1.0480202401408665,1.022884504115693,0.9712215324817961,400
25cbe5df3e3f,61,0.8947826233383143,0.8947826363560244,0.8572603655128813,0.9258112925085776,0.9145910994113154,417,0.9622033904278662,0.962203404069915,0.8826102659314882,0.9258211845606972,0.903965750165843,432,1.1907938922533645,1.1907939028998096,0.9805467826824812,0.9610117768604964,0.9139094421397986,400
25cbe5df3e3f,62,0.8323186781348108,0.8323186927986581,0.7998403019914906,0.8655919513457929,0.855821334378787,450,0.8778177898384502,0.8778178078787998,0.8094449873028757,0.85201768400377,0.8330509628602779,448,1.1032628324143605,1.1032628497487107,0.929223291202501,0.9232980814355124,0.882647382009643,480
25cbe5df3e3f,63,0.8548187469427206,0.8548187615849977,0.8260832438977997,0.8974352759486418,0.8886936514597383,628,0.8983722622839679,0.8983722787785965,0.8387801574791719,0.8902260060423669,0.8732888698830579,644,1.0190536939671753,1.01905370713013,0.8839798185023413,0.8945632018197763,0.8612260834443323,656
25cbe5df3e3f,64,0.8890754117975994,0.889075428507728,0.8532928419915196,0.9226338744073695,0.9118964765309102,451,1.0021304061097103,1.002130421855079,0.9180049563334147,0.9621020075565566,0.9390618486224961,436,1.1211451356615063,1.1211451515570197,0.9315453994284615,0.9179688879438707,0.8747826675983029,416
25cbe5df3e3f,66,0.8256172319969297,0.8256172445173944,0.7947652991593012,0.8611117972269565,0.8517987170498557,488,0.8411761541285301,0.8411761682625322,0.8009785253728293,0.8244177685436408,0.8073098988093219,500,1.1032628324143605,1.1032628497487107,0.8774443558911519,0.9232980814355124,0.882647382009643,480
25cbe5df3e3f,68,0.874449890525676,0.8744499055668342,0.8411125600580514,0.9108385541448937,0.900790912432141,496,0.9821123015865116,0.9821123203090757,0.9066546100091072,0.9550630680121245,0.9340843137804204,516,1.1642661024177179,1.164266118924597,0.9673740686372483,0.9532753836340194,0.9084281548136222,432
25cbe5df3e3f,69,0.793630399409613,0.793630414582978,0.7639401134635148,0.8276883867810083,0.8187267503476741,468,0.8247242224978928,0.8247242386407914,0.7633700133464001,0.8055332202128469,0.7883877641026797,464,1.1318618593521357,1.1318618846682307,0.9427861631148919,0.9304466023048589,0.887182138422738,432
25cbe5df3e3f,70,0.9185079538443968,0.9185079681044693,0.8833929477347771,0.9565512633979941,0.9459701753763841,518,0.9939492513651654,0.9939492668530922,0.9171502129502425,0.9658184732482464,0.9444863266481183,516,1.140038260161506,1.140038278073668,0.9601974009092511,0.9540746841500295,0.9120689614099644,496
25cbe5df3e3f,71,0.8903526101996716,0.8903526256277928,0.855021329284601,0.9248742919207049,0.9142599301712941,465,0.9282215067777588,0.9282215225833601,0.8555082469938732,0.9002156293996246,0.8800638303481608,468,1.1032628324143605,1.1032628497487107,0.929223291202501,0.9232980814355124,0.882647382009643,480
25cbe5df3e3f,72,0.8795610717475297,0.8795610874901353,0.8458013855345583,0.9157475740103025,0.9055780727412217,492,0.9554240865835699,0.9554241014711894,0.881601755083954,0.9283836487037406,0.9078783294912144,496,1.17056665736022,1.1705666666784431,0.9837561268413854,0.9761742023376112,0.9327172219074531,496
25cbe5df3e3f,73,0.8765420878670983,0.8765421025079091,0.8450843192507277,0.9165954940992678,0.9070704804934862,563,0.9432876901559158,0.9432877047511652,0.875775722573066,0.9260160172208916,0.907037527585615,576,1.0480790531023698,1.0480790679619574,0.8970959484175688,0.9002933500758667,0.8639522059722443,560
25cbe5df3e3f,74,0.9444887895305527,0.9444888017303644,0.8997467178759478,0.9679402191058294,0.9547110026551102,342,0.9672057050681565,0.9672057227692217,0.8803237018881855,0.9187259849442962,0.895225251478162,364,1.27247615308253,1.2724761735177368,1.0328891308324937,1.0036562752124325,0.951370887625556,368
25cbe5df3e3f,75,0.8514830573180482,0.8514830720222158,0.824196159167841,0.8963845436646287,0.8880567072028459,690,0.8991096831703203,0.8991096990108961,0.8417638959656826,0.8950239411012313,0.8786379273214682,700,1.0985073656037285,1.098507375425074,0.9479184945424235,0.9561199507764132,0.9193183286027469,656
25cbe5df3e3f,76,0.9558939217600649,0.9558939391278353,0.908216367374874,0.9753088798132804,0.9612848566857765,311,1.0480974335065736,1.0480974531644776,0.9443532166769277,0.9790869610375837,0.9515658859873256,320,1.2801537005750372,1.280153718724962,1.0181287778766264,0.9774613515109409,0.9223586715476029,304
25cbe5df3e3f,77,0.8366536712500964,0.8366536851473104,0.8076980432646234,0.8768429529556139,0.8680523803624154,579,0.9106293695844325,0.9106293830590733,0.8481526948271001,0.8987106896960217,0.8810381573351415,608,1.019053693967175,1.01905370713013,0.8839798185023413,0.8945632018197763,0.8612260834443319,656
25cbe5df3e3f,78,0.9046533759434555,0.9046533922412,0.8717695244238257,0.9452287825787463,0.9352814416747561,566,0.9690349295560666,0.9690349458384372,0.8987917976178018,0.9497292693622744,0.9300210034283389,576,1.1747318946999283,1.1747319096085387,0.994436936676639,0.991172949799278,0.9486633468613208,544
25cbe5df3e3f,80,0.79642429402933,0.7964243024272258,0.7636547174676287,0.825183472245601,0.8153684594570344,386,0.8810489210249463,0.8810489322064039,0.809218749498559,0.8495619151503196,0.8297884172883113,408,1.0858586384011444,1.0858586454905792,0.8785586046978557,0.8520511338269356,0.8070779912689068,304
25cbe5df3e3f,81,0.9537151437574247,0.9537151572791281,0.9147087114199296,0.9885814482536058,0.9768924402808719,468,1.0774577868360737,1.0774578012668554,0.9850709199906931,1.0310586977856193,1.0058519594657684,448,1.249524838656446,1.2495248523587925,1.044335913627004,1.0328007595945066,0.9855535935297058,496
25cbe5df3e3f,82,0.8565902299674547,0.8565902440349182,0.83621029627162,0.8948580971412632,0.8854160028192027,533,0.8483174353883534,0.8483174490118246,0.7894015492141417,0.8359539033359222,0.8193180026614214,552,1.1057596701548214,1.1057596810468837,0.9405258522783919,0.9402015998287744,0.9008953992675367,544
25cbe5df3e3f,84,0.8193792426339097,0.819379257481519,0.7910931392840098,0.8588699548462043,0.8502810923532536,570,0.891348029937038,0.8913480442515548,0.829443656782975,0.8783573622007878,0.8608776114920731,580,1.0235134274794264,1.023513446075785,0.8811874802674896,0.8875423301805695,0.8529090407927586,592
25cbe5df3e3f,85,0.6551960329230824,0.6528049467772074,0.6406456074763172,0.6913741056895769,0.68807647103965,668,0.8193013117524734,0.8193013272622063,0.787570293162839,0.8225949708494681,0.8086508980268212,752,0.9596335836515362,0.9596335929156955,0.8826102659314882,0.8621588223992297,0.8329309639979189,768
25cbe5df3e3f,86,0.9381764367959061,0.938176453527754,0.8834259357370893,0.9429660213118215,0.9271433789409415,220,1.0678300287980815,1.067830042768592,0.9432815955333341,0.965617548737165,0.9338028852754817,228,1.341465907380309,1.341465923292471,1.0407149836751257,0.9848512868645469,0.9243646712682373,256
25cbe5df3e3f,88,0.8438065566358415,0.8438065717385037,0.8114192153908771,0.8785220628716723,0.8687659559631232,472,0.9059795650294177,0.9059795823006201,0.8600352990093054,0.8810271712669981,0.8616746770532561,476,1.0780241689052945,1.0780241905203432,0.914407274443069,0.9125353287780908,0.8738134783082554,512
25cbe5df3e3f,91,0.9158416685787982,0.9158416850781053,0.8825511263159931,0.9569188911972113,0.9468485266424647,573,0.9717942923203269,0.9717943104781291,0.9026045565578334,0.9546386312833408,0.9351732595645169,600,1.0780241689052947,1.0780241841894418,0.9227272612294993,0.9260160172208919,0.8886365547143085,576
25cbe5df3e3f,94,0.91370094888577,0.9137009649834158,0.8780469092973252,0.9502276088107149,0.9395016426291574,494,1.0094767952198842,1.0094768102666898,0.928819385996546,0.9762633357635772,0.9539834761900821,488,1.1689103329366752,1.1689103457549994,0.9769594030704232,0.9661684525238934,0.9219694907213377,464
25cbe5df3e3f,95,0.9166512252075467,0.9166512447429437,0.879604429273711,0.9509696437463512,0.9398567564132343,461,0.9812282884407857,0.981228309666546,0.9010324772420965,0.9458160163772239,0.9237490266466164,452,1.3328282662203883,1.3328282827032676,1.0899410497465012,1.063799884280321,1.010070393781068,416
25cbe5df3e3f,96,0.7907353421720299,0.790735352010778,0.7596128618069391,0.821860307721157,0.8125041168327507,420,0.8309769635311647,0.8309769753126948,0.7676350706095699,0.8089720399097048,0.7913392304247506,444,1.0197686539897803,1.0197686732944482,0.8542945694865683,0.8460587784116114,0.8077920155027426,416
25cbe5df3e3f,98,0.830856691170234,0.8308567037099484,0.8222542575203445,0.8706337885235683,0.8618835336351386,572,0.9097897133150457,0.9097897279257249,0.8466045600267608,0.8965302731428735,0.8786888724194954,592,1.1424264698803188,1.1424264893333664,0.9735582576112822,0.9743651895608476,0.9340520280667594,576
25cbe5df3e3f,100,0.9445981014598251,0.9445981175966012,0.9099474143293427,0.9863898806026025,0.9759152828756628,580,1.0072854603287953,1.007285475283899,0.9329225206275138,0.9848512868645466,0.9640456793828983,576,1.1424264698803186,1.1424264893333664,0.9735582576112822,0.9743651895608476,0.9340520280667591,576
25cbe5df3e3f,101,0.872236177689276,0.8722361897201791,0.8343017560210675,0.9000190349943517,0.888712088466652,377,0.8918041228682748,0.8918041368802079,0.8169401904985434,0.8561825204861101,0.8356788928108457,388,1.1431621365632298,1.1431621467838171,0.9413249113751818,0.9225713057860768,0.8773530644542067,384
25cbe5df3e3f,102,0.8780970196473411,0.878097035235915,0.8456755664702298,0.9165626478253613,0.9067667708585317,532,0.9421172926239537,0.9421173084540361,0.873825358795085,0.923347900768878,0.9041870866664407,560,1.1747318946999283,1.1747319096085387,0.994436936676639,0.991172949799278,0.9486633468613208,544
25cbe5df3e3f,103,0.9377457106985534,0.9377457272198214,0.9011534069104127,0.97523359851626,0.9642253700667668,507,0.9996231611452788,0.9996231781666955,0.9213165736857096,0.9694629855072882,0.9477610480672501,504,1.293629002686353,1.2936290210273302,1.0748600762636091,1.059194870704466,1.0093646164595802,480
25cbe5df3e3f,104,0.7805396909598195,0.7805397054127973,0.7530210634965416,0.8171092625832365,0.8087660883131329,520,0.8328758957991738,0.8328759102536356,0.7743136852136028,0.8194703554636242,0.8029642354592034,528,0.9359406462838954,0.9359406659554398,0.8462274386520899,0.8062555800761022,0.7740354686744407,512
25cbe5df3e3f,105,0.8420785322327842,0.8420785446406374,0.8153332660819547,0.8869251741693787,0.8787578430356073,695,0.9028089198952717,0.9028089332154141,0.8449570853982282,0.8982271531511259,0.8817068840068515,696,1.0635183109500361,1.0635183286155794,0.9270668157773627,0.9410537437864374,0.9070651354557843,736
25cbe5df3e3f,106,0.9239289001177804,0.9239289142076125,0.8865231366074147,0.958401829144533,0.947182891021313,463,0.928016883828379,0.928016895019119,0.9059795650294177,0.9010390241033055,0.8810271712669986,476,1.1689103329366752,1.1689103457549994,0.9769594030704232,0.9661684525238934,0.9219694907213377,464
25cbe5df3e3f,107,0.8781141301093557,0.8781141459647468,0.8430223604588114,0.9117131909634595,0.9011768919327219,452,0.9893496969847737,0.9893497132042777,0.9091684251898234,0.9548254044233193,0.9327304658826816,464,1.1689103329366752,1.1689103457549994,0.9769594030704232,0.9661684525238934,0.9219694907213377,464
25cbe5df3e3f,108,0.8382715937407569,0.83827160562571,0.8066514173834992,0.8737711585677544,0.8642331169054618,486,0.9058397530384765,0.905839765881406,0.8367913832770987,0.881852403865534,0.862631052985539,484,1.1032628324143605,1.1032628497487107,0.8774443558911519,0.9232980814355124,0.882647382009643,480
25cbe5df3e3f,109,0.8754661404707225,0.875466155664333,0.8438463993542564,0.9151037230834413,0.9055341922159776,555,0.9286584741578973,0.9286584897618356,0.8613421393837267,0.9101572164721797,0.8912701282854915,552,1.1424264698803188,1.1424264893333664,0.9735582576112822,0.9743651895608476,0.9340520280667594,576
25cbe5df3e3f,110,0.9240212361475539,0.924021250603119,0.8856748354698086,0.9567941174558418,0.9453171560053104,440,1.0156591343405255,1.0156591487404658,0.9316441695943486,0.9772556948140693,0.9541860696195009,456,1.109335267076305,1.109335273458245,0.9193856936786334,0.9045877363086348,0.861524631763758,400
25cbe5df3e3f,111,0.8814486001080463,0.8814486147493253,0.8509426707969262,0.923789639556001,0.9145284145441681,610,0.9694901259935803,0.9694901409942532,0.9001028259778735,0.9517386843659164,0.9322330144629931,592,1.1678595163140688,1.1678595328718953,0.999621199665291,1.0031840186559657,0.9626896009405006,624
25cbe5df3e3f,112,0.8646803826429231,0.8646803960219014,0.8226635588778868,0.8842454798577499,0.8718534912441048,297,0.8669986230570945,0.8669986383319356,0.8132993384570059,0.8181980504449174,0.7964585440153685,300,1.2001595477065283,1.200159555542219,0.9710384578239459,0.94174072686135,0.8920335692972129,336
25cbe5df3e3f,114,0.8366409812475564,0.8366409943927724,0.8129194588557117,0.8634994914045756,0.8526853045442548,364,0.9472204422073058,0.9472204525945687,0.8642225520579154,0.903351070248867,0.8807958090896704,376,1.1211451356615063,1.1211451515570197,0.9315453994284615,0.9179688879438707,0.8747826675983029,416
25cbe5df3e3f,115,0.9338375621798206,0.9338375760444478,0.8983761326092702,0.9729528588103206,0.9622617182071337,534,0.9750791917310878,0.9750792042250039,0.9017408372257842,0.9509889032799961,0.9305297543838068,536,1.1747318946999283,1.1747319096085387,0.994436936676639,0.991172949799278,0.9486633468613208,544
25cbe5df3e3f,116,0.8736200778122328,0.8736200914793125,0.8373652989896372,0.9046053474127959,0.8937544020413843,416,0.9871969042057738,0.9871969212795989,0.9030773628127582,0.9455998971380626,0.9226228343184188,416,1.1286030800767899,1.128603092453103,0.9432711477921326,0.9328522989885867,0.8901774393171537,448
25cbe5df3e3f,118,0.9132887269693061,0.9132887415736591,0.8818730348695267,0.957511098472468,0.947969540757693,640,0.9305785220812816,0.930578537538632,0.8678094559687619,0.9202998689664418,0.902501529908794,644,1.1184735665493386,1.1184735809964843,0.970221752014765,0.981837660533901,0.9452481403657303,720
25cbe5df3e3f,119,0.9127542056262972,0.9127542205039547,0.8761710884185533,0.9474838695198501,0.9365024566228655,467,1.0012023952590656,1.0012024101825365,0.9212061123408366,0.9682611772737115,0.9461639394999994,484,1.111712424183585,1.111712446474104,0.9429825017694149,0.9410520578024062,0.9011201495053884,528
25cbe5df3e3f,120,0.8746702660021192,0.8746702808958585,0.8393634205419606,0.9074956968764737,0.8969036569219246,441,0.9837426922361382,0.9837427076926005,0.9011608286942696,0.9444487597114822,0.9218313559872217,428,1.230303014972666,1.2303030301876314,1.0060994305352318,0.9819691239510653,0.9323726711825242,384
25cbe5df3e3f,121,0.8519640761422004,0.8519640919177183,0.8170759338451645,0.8830318373320128,0.8725780505073064,417,0.9180049563334147,0.9180049747399796,0.8440444895089384,0.8867346812198618,0.8663334007640155,436,1.1559981640761265,1.1559981844425808,0.954493673566653,0.9370168181804999,0.8916464064369954,400
25cbe5df3e3f,122,0.8506284457768339,0.8506284628324582,0.8275236633525581,0.880717421120043,0.8701398780813958,404,0.9777046262807181,0.9777046431903719,0.8943939266318661,0.9365075904348122,0.9137514609115108,412,1.2815656405965272,1.2815656564454494,1.0480202401408665,1.022884504115693,0.9712215324817961,400
25cbe5df3e3f,123,0.8933180866546285,0.8933181033722951,0.8551252276476775,0.9229669195652416,0.9115655535073842,400,0.9442764184300243,0.9442764325709573,0.862063693936224,0.9014555130047768,0.8790872008254732,380,1.1433285346948796,1.1433285590611555,0.9377115811450307,0.9168269510184571,0.8710979576396682,368
25cbe5df3e3f,124,0.8245293408062635,0.8245293536072938,0.7930071828121068,0.8586801881854582,0.849181721139032,465,0.8730098135102904,0.873009828891037,0.8293429765974779,0.8505384475538708,0.8321001033707672,472,1.0882958272169045,1.0882958391512063,0.9095828925138422,0.89953614545328,0.8583853879129696,432
25cbe5df3e3f,125,0.8742684523495223,0.8742684667073087,0.8647509551876035,0.9133260878890191,0.9036891285809501,544,0.9421172926239537,0.9421173084540361,0.873825358795085,0.923347900768878,0.9041870866664407,560,1.1106924012725319,1.1106924201852173,0.9465149726776355,0.947299489850824,0.9081061383982381,560
25cbe5df3e3f,126,0.9060804212441447,0.9060804356536102,0.8829170566823636,0.942117868803689,0.9314533491726931,487,0.9758226096894388,0.9758226263055837,0.8993804647884308,0.9463805334714003,0.9251953088275537,492,1.2092175857965604,1.2092175990568959,1.0106476583487134,0.9994846060592,0.9537615421255217,480
25cbe5df3e3f,128,0.8777446309264016,0.8777446457371677,0.8478090146401033,0.9207173373271793,0.9116198075727754,626,0.9345933003629702,0.9345933141922068,0.8704725025857081,0.9223609710038119,0.9042233720018558,624,1.1038279369855124,1.1038279496646073,0.9487570327874882,0.9546097870116439,0.9169924858221812,624
25cbe5df3e3f,129,0.820717988672755,0.8207180003088342,0.7919925679186951,0.8595537071312984,0.8508400616593166,555,0.8852008021443687,0.8852008163601648,0.8237233557017132,0.8722997252200931,0.8549405245162658,576,1.0780241689052943,1.0780241841894418,0.9227272612294993,0.9260160172208916,0.8886365547143082,576
25cbe5df3e3f,130,0.889640246332419,0.8896402606851883,0.8567035503634134,0.928448944183548,0.918499447021449,536,0.9543571148118977,0.9543571321517456,0.8842802920116036,0.9337666399958123,0.9141438610214709,552,1.1343099948086781,1.1343100006411295,0.9582437056935948,0.9538892462832738,0.9125353287780908,512
25cbe5df3e3f,131,0.909499978160955,0.9094999939208637,0.8734088847530871,0.9447640616394298,0.9339214340459456,475,1.0067498436884155,1.0067498579620406,0.9234718523172052,0.9686832764385076,0.9458160163772247,452,1.1642661024177179,1.164266118924597,0.9673740686372483,0.9532753836340194,0.9084281548136222,432
25cbe5df3e3f,132,0.895317295926159,0.8953173144686336,0.8636364276556564,0.9370528274252815,0.9274502927818399,592,0.9487246752632355,0.9487246947096962,0.8823583392907938,0.934056491333161,0.9153365923172635,608,1.1424264698803188,1.1424264893333664,0.9735582576112822,0.9743651895608476,0.9340520280667594,576
25cbe5df3e3f,133,0.8592671848940455,0.8592672005061912,0.8268179196696471,0.8955881534624445,0.8858008953177953,497,0.9617904725113369,0.9617904894562271,0.8888839828578354,0.9370338828983321,0.9167204528660995,520,1.1747318946999283,1.1747319096085387,0.994436936676639,0.991172949799278,0.9486633468613208,544
25cbe5df3e3f,134,0.9058688919472905,0.9058689071954461,0.8670178247159613,0.9357135938809974,0.9241189621315855,403,1.0076813214971339,1.0076813325474134,0.9193856936786334,0.9610117768604964,0.9370168181805003,400,1.248478017202216,1.2484780391979873,0.9673740686372483,1.0119781636349399,0.9629781189519547,432
25cbe5df3e3f,135,0.7996679914577728,0.7996680061966035,0.780263620161453,0.8343438253070303,0.8253687786200168,478,0.877481808114765,0.877481822341452,0.8341834300665841,0.856436268867641,0.8381098466658916,488,1.0260255951415216,0.983756143592621,0.8383418329430485,0.8390366910107299,0.8338140415318112,496
25cbe5df3e3f,136,0.8737841632721733,0.8737841770009791,0.8432795798129418,0.915273983772687,0.9060189345948756,594,0.9695838678911524,0.9695838816378411,0.9010565759281006,0.9533565899139463,0.9340564913331613,608,1.1708043566345163,1.1708043681672886,0.9958509024124149,0.9955075762892905,0.9538892462832738,576
25cbe5df3e3f,137,0.896119606736562,0.8961196233296922,0.8645261055912219,0.9381042880042157,0.9285256821595006,597,0.9362414558518771,0.9362414750424635,0.8707483611422306,0.9217662743419355,0.9032926897867732,600,1.1379144005111443,1.1379144166444108,0.9739898868533604,0.977461351510941,0.9380052521984367,608
25cbe5df3e3f,138,0.9538806147869329,0.9538806320103776,0.9157610154541515,0.9903787096527846,0.9789333051747047,491,1.0012023952590656,1.0012024101825365,0.94835671937904,0.9682611772737115,0.9461639394999994,484,1.2158780105262765,1.2158780335433805,1.0185819866955237,1.0087623896446136,0.9631366338686546,496
25cbe5df3e3f,139,0.8642553756613244,0.8642553925528824,0.8292225139058318,0.8964235636351022,0.8859174004465312,432,0.9674803678480022,0.9674803851937654,0.8879323335377981,0.9317362312376155,0.9098702037942915,440,1.1286030800767899,1.128603092453103,0.9432711477921326,0.9328522989885867,0.8901774393171537,448
25cbe5df3e3f,140,0.9165569442804504,0.9165569581135968,0.8847553707900311,0.9604369240530971,0.950784107908693,631,0.9897036746197456,0.9897036905137953,0.9209684740831654,0.9752795538919096,0.9558710031049915,644,1.2277497479199189,1.2277497653268643,1.050883825289152,1.0546293529460158,1.012058298424629,656
25cbe5df3e3f,141,0.7587785395686639,0.75877854878419,0.7296067575151032,0.7899083059112315,0.7811219776396753,423,0.8432702113854035,0.8432702227367308,0.7768307662591567,0.8171621267658606,0.7987665787535346,420,1.0989442363349693,1.0479885858493099,0.8758946372355518,0.8662199919179734,0.8602409199509667,416
25cbe5df3e3f,142,0.8812739896596775,0.8812740046188805,0.8501234738442206,0.922416034958609,0.9129735122684315,584,0.9122663776802772,0.9122663951669769,0.8707483611422306,0.8995361454532799,0.8817235440597896,600,1.0788384776134494,1.0788384972150167,0.9288192359576241,0.9355175912714111,0.8990122321869618,624
25cbe5df3e3f,143,0.931305010589388,0.931305027510399,0.9008715180143817,0.9502205484997557,0.9365572719478786,303,1.0347852038717007,1.0347852213323159,0.9341189558125795,0.9696615336193917,0.9428600675348408,328,1.217151102948507,1.2171511224952265,0.98798090775282,0.9600190458553697,0.9100069359896622,352
25cbe5df3e3f,144,0.8379072577349785,0.8379072721097413,0.8148346745436503,0.8666853424816412,0.8561365156087901,387,0.8971181592772383,0.8971181753614915,0.8483589882457306,0.8639735962385161,0.8436978253365247,408,1.0390314070548223,1.0390314312252869,0.8769926661967354,0.872541917268262,0.8345440824818269,464
25cbe5df3e3f,145,0.9076571934582899,0.9076572066633053,0.8695950470310523,0.9391323183000679,0.9277506835755069,423,0.9498898157053112,0.9498898327356968,0.8717881092916563,0.9147955724878406,0.8933271091798497,432,1.2073870691739297,1.207387086292175,1.0032027378460353,0.9885818793241684,0.9420736420289415,448
25cbe5df3e3f,146,0.9357047865153216,0.9357048021443222,0.9021237582054837,0.9784616198111189,0.9682937100827446,601,1.0344544432660354,1.0344544572498278,0.959069213344503,1.0131424466847843,0.9920086285897559,608,1.1678595163140693,1.1678595328718953,0.999621199665291,1.0031840186559662,0.9626896009405008,624
25cbe5df3e3f,147,0.7946501469182043,0.7877613982080788,0.7703582744855674,0.8266738571581292,0.825478421720767,570,0.8315937045648574,0.8315937148490472,0.7949269876027845,0.8230960367777721,0.8072856949204074,584,0.9880907967510524,0.9694901409942532,0.8379066191966111,0.8459899416585923,0.827272589848444,592
25cbe5df3e3f,148,0.9296832063197795,0.9296832207705166,0.898514979503011,0.9464315982880996,0.9324803523940944,287,1.0480790531023694,1.048079074117,0.9377501901495243,0.9678545880590322,0.9389766377154981,280,1.2801537005750372,1.280153718724962,0.9444887895305524,0.9774613515109412,0.9223586715476029,304
25cbe5df3e3f,149,0.8314125589585131,0.8314125723105019,0.8017625124623396,0.8697476828411499,0.8607658325404793,541,0.8908828184805873,0.8908828322649894,0.8271215157634514,0.8745706829308421,0.8566465538308586,544,1.0780241689052947,1.0780241841894418,0.9227272612294993,0.9260160172208916,0.8886365547143085,576
25cbe5df3e3f,150,0.8091047725089385,0.8091047853957938,0.7822254243581787,0.8500277786797691,0.8418441578878906,609,0.8714646356056385,0.8714646463829058,0.8130905103045492,0.8625595453904055,0.8459911734439887,612,1.0181287778766266,1.018128786979337,0.8785586046978558,0.886159954378139,0.8520511338269362,608
25cbe5df3e3f,151,0.7893549530170849,0.789354966201616,0.761026198685824,0.8254243614712766,0.8168467737303685,507,0.8748232002936712,0.8748232149930335,0.8114092617382932,0.8573944792853864,0.8396022947616948,520,1.008192640435278,1.0081926503662764,0.8575382770773573,0.8572426351380001,0.8214046287439302,496
25cbe5df3e3f,152,0.9131771084385845,0.9131771219306074,0.8821426583160895,0.9580852746211103,0.9486514715919455,656,0.9536984853628041,0.953698501204188,0.8893699393468678,0.9431644619842409,0.9249239281673974,660,0.948661268636659,0.9486612876579017,0.8697741267754452,0.8456903636372369,0.8160594482923522,704
25cbe5df3e3f,153,0.8310786892715822,0.8310787023783028,0.8009825295548958,0.8685611323336003,0.8594545045886939,524,0.8777816005617554,0.8777816141434455,0.8149579640610476,0.8617093493583297,0.8440488103921694,536,1.0472242640569587,1.0472242818889193,0.8924284028103421,0.893168090430777,0.8562143590611959,528
25cbe5df3e3f,154,0.796065999150665,0.7960660136144995,0.7563602545019047,0.8122347262753687,0.8005555558894408,259,0.8438786597755723,0.843878674643084,0.7650547753028325,0.7963794357663863,0.775219649508292,292,1.2127771900184563,1.212777207213122,0.964543052725225,0.9260160172208914,0.8738134783082554,288
25cbe5df3e3f,157,0.8425356178985061,0.8425356306755376,0.8110514733224016,0.8787575307766895,0.8692536087926804,498,0.9023120878705588,0.9023120994320931,0.8344467448955019,0.8800195821396978,0.8610872353999406,496,1.1400382601615053,1.140038278073668,0.9601974009092511,0.9540746841500295,0.9120689614099641,496
25cbe5df3e3f,158,0.890826340316623,0.8908263551136708,0.8557224861479993,0.9258147758750147,0.9152627110844826,472,0.963737384440461,0.9637373974134065,0.8878065900104647,0.9338995734466982,0.9128760900040395,480,1.1689103329366752,1.1689103457549994,0.9769594030704232,0.9661684525238934,0.9219694907213377,464
25cbe5df3e3f,159,0.8755920750119964,0.8755920879487075,0.8458349574402749,0.9186518867937172,0.9096063652916674,629,0.9132673710494325,0.9132673850946716,0.8523916274614239,0.9044630551469459,0.8871728120903114,648,1.068763630258257,1.068763644063307,0.9271007852585531,0.9382004311768386,0.9032371119050314,688
25cbe5df3e3f,160,0.8104867291432465,0.8104867408711662,0.7834958186033566,0.8513592729593238,0.8431430580060739,607,0.9052960575119324,0.9052960697937296,0.8439293361536411,0.8947612120313846,0.8773727132245825,620,1.0189180956789345,1.0189181073827143,0.8323186781348109,0.8811782649338252,0.846454602297398,576
25cbe5df3e3f,161,0.8934764160254274,0.8934764297410381,0.867660206493902,0.9208359532183513,0.9090893494001145,374,1.0241229604600297,1.0241229749799698,0.931519443548357,0.9717402789099084,0.9467234820299286,380,1.2815656405965272,1.2815656564454494,1.0480202401408665,1.022884504115693,0.9712215324817961,400
25cbe5df3e3f,162,0.8195183733004533,0.8195183849195247,0.7918332420612929,0.8601252941462985,0.8517060899130424,596,0.802461876182921,0.8024618889639727,0.7504512588575454,0.79734496295936,0.7825155152695851,604,1.0181287778766266,1.018128786979337,0.8785586046978558,0.8861599543781387,0.8520511338269362,608
25cbe5df3e3f,163,0.8687900444818449,0.8687900574605976,0.8314118526362577,0.8972001927835451,0.8860482427826318,384,0.9875276950671911,0.987527705896465,0.9009979798050607,0.9417915413232868,0.9182764818168903,392,1.1097582375130814,1.1097582570648776,0.9163139266239868,0.8995361454532799,0.8559805501795157,384
25cbe5df3e3f,164,0.8939719135522043,0.8939719284015014,0.8672079582963513,0.91879485797966,0.9066619475234275,348,1.0043913491373557,1.0043913650750078,0.9120975768692625,0.9504774392893031,0.9256218485157551,360,1.2171511029485071,1.2171511224952265,0.98798090775282,0.9600190458553697,0.9100069359896625,352
25cbe5df3e3f,165,0.9049361824517679,0.9049361972019937,0.8686664110016921,0.9393683759907722,0.9284810223048966,463,0.9763791953766093,0.9763792099300769,0.8983662913737084,0.9442547018041155,0.9227053294297515,472,1.1689103329366752,1.1689103457549994,0.9769594030704232,0.9661684525238934,0.9219694907213377,464
25cbe5df3e3f,166,0.8528959411145063,0.8528959534855244,0.8212337852033196,0.8899450411200119,0.8803825433059395,511,0.9163499673824458,0.9163499809874358,0.8487003486264189,0.8959411012448307,0.8770137777719423,524,1.0480790531023694,1.0480790679619574,0.8970959484175688,0.9002933500758667,0.8639522059722441,560
25cbe5df3e3f,167,0.5566148961618644,0.5566149046029154,0.5503990987230276,0.5805446337862064,0.5742659383389396,329,0.7924928884074477,0.7751082977229871,0.7327195523028173,0.7458003986738951,0.7431824407721177,348,1.3871977968913514,1.3871978199333643,1.0634156201331357,0.9994846060591996,0.9357368424590116,240
25cbe5df3e3f,168,0.8449660094543959,0.8449660211702995,0.8149434788767408,0.8841287984514903,0.8750316496011465,554,0.9093316245190134,0.9093316344907858,0.8447285599434539,0.8935241760952135,0.8753433342452355,564,0.9958509024124149,0.9958509205061693,0.8573716024224223,0.8635546996351487,0.8298574450956571,576
25cbe5df3e3f,169,0.9019913879801196,0.9019914043117678,0.8619673028691007,0.9292800117883866,0.917371986010095,374,0.9830384995146495,0.9830385197849252,0.8966727343680397,0.9371135315453469,0.9136546224887129,388,1.1677009634307547,1.1097582570648776,0.9163139266239868,0.8995361454532799,0.8929525378767812,384
25cbe5df3e3f,170,0.8616565892049245,0.8616566038311314,0.8311994924059075,0.9018828013037085,0.8926504717556069,571,0.9401402157127037,0.940140232028725,0.8740359022486879,0.9250082042733336,0.9063762960865249,596,1.0480790531023698,1.0480790679619574,0.8970959484175688,0.9002933500758667,0.8639522059722443,560
25cbe5df3e3f,171,0.9498707482852342,0.9498707627706772,0.9114147149570828,0.9853115997252649,0.9737776590197516,476,1.0365281423822896,1.0365281555369457,0.9520220582335988,0.9994846060592,0.9762216673980132,480,1.1032628324143605,1.1032628497487107,0.929223291202501,0.9232980814355124,0.882647382009643,480
25cbe5df3e3f,172,0.9557590842601283,0.9557590971540217,0.9314253618923118,0.9940474098022378,0.9828399152780808,518,1.029396879540723,1.0293968919539809,0.9494065464848276,0.999471858669213,0.9772738370356623,528,1.249524838656446,1.2495248523587925,1.044335913627004,1.0328007595945066,0.9855535935297058,496
25cbe5df3e3f,173,0.8896561870729867,0.8896562027470101,0.8549404116842376,0.9252216191051698,0.9147779151915479,481,0.9026033665106392,0.902603382412767,0.8341834300665841,0.8793702593353578,0.8603068865358781,488,1.1097582375130814,1.1097582570648776,0.9163139266239868,0.8995361454532799,0.8559805501795157,384
25cbe5df3e3f,175,0.9163370863390853,0.9163370996558781,0.8795022766685301,0.9510063636795568,0.9399520951083457,466,0.963737384440461,0.9637373974134065,0.9135928386851271,0.9338995734466982,0.9128760900040395,480,1.249524838656446,1.2495248523587925,1.044335913627004,1.0328007595945066,0.9855535935297058,496
